Year,OBS_STATUS,UNIT_MULT,SOURCE_DETAIL,SERIES,REF_AREA,PRODUCT,UNIT_MEASURE,DATA_LAST_UPDATE,TIME_DETAIL,BASE_PER,Value
2000,A,0,WESR / Global Material Flows Database,EN_MAT_DOMCMPC,72,None,T,2025-03-21T00:00:00,2023,,28.02485
2001,A,0,WESR / Global Material Flows Database,EN_MAT_DOMCMPC,72,None,T,2025-03-21T00:00:00,2023,,32.50575
2002,A,0,WESR / Global Material Flows Database,EN_MAT_DOMCMPC,72,None,T,2025-03-21T00:00:00,2023,,34.3743
2003,A,0,WESR / Global Material Flows Database,EN_MAT_DOMCMPC,72,None,T,2025-03-21T00:00:00,2023,,34.25221
2004,A,0,WESR / Global Material Flows Database,EN_MAT_DOMCMPC,72,None,T,2025-03-21T00:00:00,2023,,30.50953
2005,A,0,WESR / Global Material Flows Database,EN_MAT_DOMCMPC,72,None,T,2025-03-21T00:00:00,2023,,30.7971
2006,A,0,WESR / Global Material Flows Database,EN_MAT_DOMCMPC,72,None,T,2025-03-21T00:00:00,2023,,39.85042
2007,A,0,WESR / Global Material Flows Database,EN_MAT_DOMCMPC,72,None,T,2025-03-21T00:00:00,2023,,36.58592
2008,A,0,WESR / Global Material Flows Database,EN_MAT_DOMCMPC,72,None,T,2025-03-21T00:00:00,2023,,36.67548
2009,A,0,WESR / Global Material Flows Database,EN_MAT_DOMCMPC,72,None,T,2025-03-21T00:00:00,2023,,25.42048
2010,A,0,WESR / Global Material Flows Database,EN_MAT_DOMCMPC,72,None,T,2025-03-21T00:00:00,2023,,28.01167
2011,A,0,WESR / Global Material Flows Database,EN_MAT_DOMCMPC,72,None,T,2025-03-21T00:00:00,2023,,27.58848
2012,A,0,WESR / Global Material Flows Database,EN_MAT_DOMCMPC,72,None,T,2025-03-21T00:00:00,2023,,24.78118
2013,A,0,WESR / Global Material Flows Database,EN_MAT_DOMCMPC,72,None,T,2025-03-21T00:00:00,2023,,26.36972
2014,A,0,WESR / Global Material Flows Database,EN_MAT_DOMCMPC,72,None,T,2025-03-21T00:00:00,2023,,24.86804
2015,A,0,WESR / Global Material Flows Database,EN_MAT_DOMCMPC,72,None,T,2025-03-21T00:00:00,2023,,19.70198
2016,A,0,WESR / Global Material Flows Database,EN_MAT_DOMCMPC,72,None,T,2025-03-21T00:00:00,2023,,19.08789
2017,A,0,WESR / Global Material Flows Database,EN_MAT_DOMCMPC,72,None,T,2025-03-21T00:00:00,2023,,19.24692
2018,A,0,WESR / Global Material Flows Database,EN_MAT_DOMCMPC,72,None,T,2025-03-21T00:00:00,2023,,19.97803
2019,A,0,WESR / Global Material Flows Database,EN_MAT_DOMCMPC,72,None,T,2025-03-21T00:00:00,2023,,18.84658
2020,A,0,WESR / Global Material Flows Database,EN_MAT_DOMCMPC,72,None,T,2025-03-21T00:00:00,2023,,13.36936
2021,A,0,WESR / Global Material Flows Database,EN_MAT_DOMCMPC,72,None,T,2025-03-21T00:00:00,2023,,13.84674
2022,A,0,WESR / Global Material Flows Database,EN_MAT_DOMCMPC,72,None,T,2025-03-21T00:00:00,2023,,14.03317
2023,A,0,WESR / Global Material Flows Database,EN_MAT_DOMCMPC,72,None,T,2025-03-21T00:00:00,2023,,13.86507
2000,A,0,WESR / Global Material Flows Database,EN_MAT_DOMCMPC,72,MF_AGG3A,T,2025-03-21T00:00:00,2023,,1.84882
2001,A,0,WESR / Global Material Flows Database,EN_MAT_DOMCMPC,72,MF_AGG3A,T,2025-03-21T00:00:00,2023,,2.72747
2002,A,0,WESR / Global Material Flows Database,EN_MAT_DOMCMPC,72,MF_AGG3A,T,2025-03-21T00:00:00,2023,,3.01064
2003,A,0,WESR / Global Material Flows Database,EN_MAT_DOMCMPC,72,MF_AGG3A,T,2025-03-21T00:00:00,2023,,1.91299
2004,A,0,WESR / Global Material Flows Database,EN_MAT_DOMCMPC,72,MF_AGG3A,T,2025-03-21T00:00:00,2023,,3.12896
2005,A,0,WESR / Global Material Flows Database,EN_MAT_DOMCMPC,72,MF_AGG3A,T,2025-03-21T00:00:00,2023,,2.45521
2006,A,0,WESR / Global Material Flows Database,EN_MAT_DOMCMPC,72,MF_AGG3A,T,2025-03-21T00:00:00,2023,,5.22568
2007,A,0,WESR / Global Material Flows Database,EN_MAT_DOMCMPC,72,MF_AGG3A,T,2025-03-21T00:00:00,2023,,3.34525
2008,A,0,WESR / Global Material Flows Database,EN_MAT_DOMCMPC,72,MF_AGG3A,T,2025-03-21T00:00:00,2023,,3.45113
2009,A,0,WESR / Global Material Flows Database,EN_MAT_DOMCMPC,72,MF_AGG3A,T,2025-03-21T00:00:00,2023,,3.4341
2010,A,0,WESR / Global Material Flows Database,EN_MAT_DOMCMPC,72,MF_AGG3A,T,2025-03-21T00:00:00,2023,,3.37377
2011,A,0,WESR / Global Material Flows Database,EN_MAT_DOMCMPC,72,MF_AGG3A,T,2025-03-21T00:00:00,2023,,3.26993
2012,A,0,WESR / Global Material Flows Database,EN_MAT_DOMCMPC,72,MF_AGG3A,T,2025-03-21T00:00:00,2023,,2.7426
2013,A,0,WESR / Global Material Flows Database,EN_MAT_DOMCMPC,72,MF_AGG3A,T,2025-03-21T00:00:00,2023,,2.71791
2014,A,0,WESR / Global Material Flows Database,EN_MAT_DOMCMPC,72,MF_AGG3A,T,2025-03-21T00:00:00,2023,,1.75806
2015,A,0,WESR / Global Material Flows Database,EN_MAT_DOMCMPC,72,MF_AGG3A,T,2025-03-21T00:00:00,2023,,0.1248
2016,A,0,WESR / Global Material Flows Database,EN_MAT_DOMCMPC,72,MF_AGG3A,T,2025-03-21T00:00:00,2023,,0.14767
2017,A,0,WESR / Global Material Flows Database,EN_MAT_DOMCMPC,72,MF_AGG3A,T,2025-03-21T00:00:00,2023,,0.09048
2018,A,0,WESR / Global Material Flows Database,EN_MAT_DOMCMPC,72,MF_AGG3A,T,2025-03-21T00:00:00,2023,,0.08856
2019,A,0,WESR / Global Material Flows Database,EN_MAT_DOMCMPC,72,MF_AGG3A,T,2025-03-21T00:00:00,2023,,0.08767
2020,A,0,WESR / Global Material Flows Database,EN_MAT_DOMCMPC,72,MF_AGG3A,T,2025-03-21T00:00:00,2023,,0.0884
2021,A,0,WESR / Global Material Flows Database,EN_MAT_DOMCMPC,72,MF_AGG3A,T,2025-03-21T00:00:00,2023,,0.0925
2022,A,0,WESR / Global Material Flows Database,EN_MAT_DOMCMPC,72,MF_AGG3A,T,2025-03-21T00:00:00,2023,,0.09444
2023,A,0,WESR / Global Material Flows Database,EN_MAT_DOMCMPC,72,MF_AGG3A,T,2025-03-21T00:00:00,2023,,0.09381
2000,A,0,WESR / Global Material Flows Database,EN_MAT_DOMCMPC,72,MF_AGG3B,T,2025-03-21T00:00:00,2023,,17.43894
2001,A,0,WESR / Global Material Flows Database,EN_MAT_DOMCMPC,72,MF_AGG3B,T,2025-03-21T00:00:00,2023,,21.05517
2002,A,0,WESR / Global Material Flows Database,EN_MAT_DOMCMPC,72,MF_AGG3B,T,2025-03-21T00:00:00,2023,,22.40955
2003,A,0,WESR / Global Material Flows Database,EN_MAT_DOMCMPC,72,MF_AGG3B,T,2025-03-21T00:00:00,2023,,23.25613
2004,A,0,WESR / Global Material Flows Database,EN_MAT_DOMCMPC,72,MF_AGG3B,T,2025-03-21T00:00:00,2023,,18.9938
2005,A,0,WESR / Global Material Flows Database,EN_MAT_DOMCMPC,72,MF_AGG3B,T,2025-03-21T00:00:00,2023,,18.54874
2006,A,0,WESR / Global Material Flows Database,EN_MAT_DOMCMPC,72,MF_AGG3B,T,2025-03-21T00:00:00,2023,,24.99705
2007,A,0,WESR / Global Material Flows Database,EN_MAT_DOMCMPC,72,MF_AGG3B,T,2025-03-21T00:00:00,2023,,24.07349
2008,A,0,WESR / Global Material Flows Database,EN_MAT_DOMCMPC,72,MF_AGG3B,T,2025-03-21T00:00:00,2023,,23.05528
2009,A,0,WESR / Global Material Flows Database,EN_MAT_DOMCMPC,72,MF_AGG3B,T,2025-03-21T00:00:00,2023,,12.21023
2010,A,0,WESR / Global Material Flows Database,EN_MAT_DOMCMPC,72,MF_AGG3B,T,2025-03-21T00:00:00,2023,,14.87983
2011,A,0,WESR / Global Material Flows Database,EN_MAT_DOMCMPC,72,MF_AGG3B,T,2025-03-21T00:00:00,2023,,15.16554
2012,A,0,WESR / Global Material Flows Database,EN_MAT_DOMCMPC,72,MF_AGG3B,T,2025-03-21T00:00:00,2023,,13.40385
2013,A,0,WESR / Global Material Flows Database,EN_MAT_DOMCMPC,72,MF_AGG3B,T,2025-03-21T00:00:00,2023,,14.50264
2014,A,0,WESR / Global Material Flows Database,EN_MAT_DOMCMPC,72,MF_AGG3B,T,2025-03-21T00:00:00,2023,,15.46253
2015,A,0,WESR / Global Material Flows Database,EN_MAT_DOMCMPC,72,MF_AGG3B,T,2025-03-21T00:00:00,2023,,12.78948
2016,A,0,WESR / Global Material Flows Database,EN_MAT_DOMCMPC,72,MF_AGG3B,T,2025-03-21T00:00:00,2023,,12.59153
2017,A,0,WESR / Global Material Flows Database,EN_MAT_DOMCMPC,72,MF_AGG3B,T,2025-03-21T00:00:00,2023,,13.49055
2018,A,0,WESR / Global Material Flows Database,EN_MAT_DOMCMPC,72,MF_AGG3B,T,2025-03-21T00:00:00,2023,,14.0617
2019,A,0,WESR / Global Material Flows Database,EN_MAT_DOMCMPC,72,MF_AGG3B,T,2025-03-21T00:00:00,2023,,13.42009
2020,A,0,WESR / Global Material Flows Database,EN_MAT_DOMCMPC,72,MF_AGG3B,T,2025-03-21T00:00:00,2023,,9.41558
2021,A,0,WESR / Global Material Flows Database,EN_MAT_DOMCMPC,72,MF_AGG3B,T,2025-03-21T00:00:00,2023,,9.80672
2022,A,0,WESR / Global Material Flows Database,EN_MAT_DOMCMPC,72,MF_AGG3B,T,2025-03-21T00:00:00,2023,,9.9892
2023,A,0,WESR / Global Material Flows Database,EN_MAT_DOMCMPC,72,MF_AGG3B,T,2025-03-21T00:00:00,2023,,9.91241
2000,A,0,WESR / Global Material Flows Database,EN_MAT_DOMCMPC,72,MF1,T,2025-03-21T00:00:00,2023,,4.53187
2001,A,0,WESR / Global Material Flows Database,EN_MAT_DOMCMPC,72,MF1,T,2025-03-21T00:00:00,2023,,4.24159
2002,A,0,WESR / Global Material Flows Database,EN_MAT_DOMCMPC,72,MF1,T,2025-03-21T00:00:00,2023,,3.70154
2003,A,0,WESR / Global Material Flows Database,EN_MAT_DOMCMPC,72,MF1,T,2025-03-21T00:00:00,2023,,3.5176
2004,A,0,WESR / Global Material Flows Database,EN_MAT_DOMCMPC,72,MF1,T,2025-03-21T00:00:00,2023,,3.50498
2005,A,0,WESR / Global Material Flows Database,EN_MAT_DOMCMPC,72,MF1,T,2025-03-21T00:00:00,2023,,3.6059
2006,A,0,WESR / Global Material Flows Database,EN_MAT_DOMCMPC,72,MF1,T,2025-03-21T00:00:00,2023,,3.58562
2007,A,0,WESR / Global Material Flows Database,EN_MAT_DOMCMPC,72,MF1,T,2025-03-21T00:00:00,2023,,3.48455
2008,A,0,WESR / Global Material Flows Database,EN_MAT_DOMCMPC,72,MF1,T,2025-03-21T00:00:00,2023,,3.58203
2009,A,0,WESR / Global Material Flows Database,EN_MAT_DOMCMPC,72,MF1,T,2025-03-21T00:00:00,2023,,3.77438
2010,A,0,WESR / Global Material Flows Database,EN_MAT_DOMCMPC,72,MF1,T,2025-03-21T00:00:00,2023,,3.97229
2011,A,0,WESR / Global Material Flows Database,EN_MAT_DOMCMPC,72,MF1,T,2025-03-21T00:00:00,2023,,3.80439
2012,A,0,WESR / Global Material Flows Database,EN_MAT_DOMCMPC,72,MF1,T,2025-03-21T00:00:00,2023,,3.33607
2013,A,0,WESR / Global Material Flows Database,EN_MAT_DOMCMPC,72,MF1,T,2025-03-21T00:00:00,2023,,3.14367
2014,A,0,WESR / Global Material Flows Database,EN_MAT_DOMCMPC,72,MF1,T,2025-03-21T00:00:00,2023,,2.62683
2015,A,0,WESR / Global Material Flows Database,EN_MAT_DOMCMPC,72,MF1,T,2025-03-21T00:00:00,2023,,2.63698
2016,A,0,WESR / Global Material Flows Database,EN_MAT_DOMCMPC,72,MF1,T,2025-03-21T00:00:00,2023,,2.41047
2017,A,0,WESR / Global Material Flows Database,EN_MAT_DOMCMPC,72,MF1,T,2025-03-21T00:00:00,2023,,1.88946
2018,A,0,WESR / Global Material Flows Database,EN_MAT_DOMCMPC,72,MF1,T,2025-03-21T00:00:00,2023,,1.99731
2019,A,0,WESR / Global Material Flows Database,EN_MAT_DOMCMPC,72,MF1,T,2025-03-21T00:00:00,2023,,1.85324
2020,A,0,WESR / Global Material Flows Database,EN_MAT_DOMCMPC,72,MF1,T,2025-03-21T00:00:00,2023,,1.8779
2021,A,0,WESR / Global Material Flows Database,EN_MAT_DOMCMPC,72,MF1,T,2025-03-21T00:00:00,2023,,1.91612
2022,A,0,WESR / Global Material Flows Database,EN_MAT_DOMCMPC,72,MF1,T,2025-03-21T00:00:00,2023,,1.90426
2023,A,0,WESR / Global Material Flows Database,EN_MAT_DOMCMPC,72,MF1,T,2025-03-21T00:00:00,2023,,1.84546
2000,A,0,WESR / Global Material Flows Database,EN_MAT_DOMCMPC,72,MF11,T,2025-03-21T00:00:00,2023,,0.33831
2001,A,0,WESR / Global Material Flows Database,EN_MAT_DOMCMPC,72,MF11,T,2025-03-21T00:00:00,2023,,0.28503
2002,A,0,WESR / Global Material Flows Database,EN_MAT_DOMCMPC,72,MF11,T,2025-03-21T00:00:00,2023,,0.35553
2003,A,0,WESR / Global Material Flows Database,EN_MAT_DOMCMPC,72,MF11,T,2025-03-21T00:00:00,2023,,0.25692
2004,A,0,WESR / Global Material Flows Database,EN_MAT_DOMCMPC,72,MF11,T,2025-03-21T00:00:00,2023,,0.26357
2005,A,0,WESR / Global Material Flows Database,EN_MAT_DOMCMPC,72,MF11,T,2025-03-21T00:00:00,2023,,0.26496
2006,A,0,WESR / Global Material Flows Database,EN_MAT_DOMCMPC,72,MF11,T,2025-03-21T00:00:00,2023,,0.26935
2007,A,0,WESR / Global Material Flows Database,EN_MAT_DOMCMPC,72,MF11,T,2025-03-21T00:00:00,2023,,0.29087
2008,A,0,WESR / Global Material Flows Database,EN_MAT_DOMCMPC,72,MF11,T,2025-03-21T00:00:00,2023,,0.31332
2009,A,0,WESR / Global Material Flows Database,EN_MAT_DOMCMPC,72,MF11,T,2025-03-21T00:00:00,2023,,0.3177
2010,A,0,WESR / Global Material Flows Database,EN_MAT_DOMCMPC,72,MF11,T,2025-03-21T00:00:00,2023,,0.37138
2011,A,0,WESR / Global Material Flows Database,EN_MAT_DOMCMPC,72,MF11,T,2025-03-21T00:00:00,2023,,0.32521
2012,A,0,WESR / Global Material Flows Database,EN_MAT_DOMCMPC,72,MF11,T,2025-03-21T00:00:00,2023,,0.33509
2013,A,0,WESR / Global Material Flows Database,EN_MAT_DOMCMPC,72,MF11,T,2025-03-21T00:00:00,2023,,0.37793
2014,A,0,WESR / Global Material Flows Database,EN_MAT_DOMCMPC,72,MF11,T,2025-03-21T00:00:00,2023,,0.37489
2015,A,0,WESR / Global Material Flows Database,EN_MAT_DOMCMPC,72,MF11,T,2025-03-21T00:00:00,2023,,0.39411
2016,A,0,WESR / Global Material Flows Database,EN_MAT_DOMCMPC,72,MF11,T,2025-03-21T00:00:00,2023,,0.38041
2017,A,0,WESR / Global Material Flows Database,EN_MAT_DOMCMPC,72,MF11,T,2025-03-21T00:00:00,2023,,0.34459
2018,A,0,WESR / Global Material Flows Database,EN_MAT_DOMCMPC,72,MF11,T,2025-03-21T00:00:00,2023,,0.39985
2019,A,0,WESR / Global Material Flows Database,EN_MAT_DOMCMPC,72,MF11,T,2025-03-21T00:00:00,2023,,0.40927
2020,A,0,WESR / Global Material Flows Database,EN_MAT_DOMCMPC,72,MF11,T,2025-03-21T00:00:00,2023,,0.46
2021,A,0,WESR / Global Material Flows Database,EN_MAT_DOMCMPC,72,MF11,T,2025-03-21T00:00:00,2023,,0.41924
2022,A,0,WESR / Global Material Flows Database,EN_MAT_DOMCMPC,72,MF11,T,2025-03-21T00:00:00,2023,,0.42061
2023,A,0,WESR / Global Material Flows Database,EN_MAT_DOMCMPC,72,MF11,T,2025-03-21T00:00:00,2023,,0.4126
2000,A,0,WESR / Global Material Flows Database,EN_MAT_DOMCMPC,72,MF121,T,2025-03-21T00:00:00,2023,,0.08756
2001,A,0,WESR / Global Material Flows Database,EN_MAT_DOMCMPC,72,MF121,T,2025-03-21T00:00:00,2023,,0.08649
2002,A,0,WESR / Global Material Flows Database,EN_MAT_DOMCMPC,72,MF121,T,2025-03-21T00:00:00,2023,,0.10581
2003,A,0,WESR / Global Material Flows Database,EN_MAT_DOMCMPC,72,MF121,T,2025-03-21T00:00:00,2023,,0.10662
2004,A,0,WESR / Global Material Flows Database,EN_MAT_DOMCMPC,72,MF121,T,2025-03-21T00:00:00,2023,,0.0889
2005,A,0,WESR / Global Material Flows Database,EN_MAT_DOMCMPC,72,MF121,T,2025-03-21T00:00:00,2023,,0.10422
2006,A,0,WESR / Global Material Flows Database,EN_MAT_DOMCMPC,72,MF121,T,2025-03-21T00:00:00,2023,,0.11309
2007,A,0,WESR / Global Material Flows Database,EN_MAT_DOMCMPC,72,MF121,T,2025-03-21T00:00:00,2023,,0.08991
2008,A,0,WESR / Global Material Flows Database,EN_MAT_DOMCMPC,72,MF121,T,2025-03-21T00:00:00,2023,,0.1001
2009,A,0,WESR / Global Material Flows Database,EN_MAT_DOMCMPC,72,MF121,T,2025-03-21T00:00:00,2023,,0.12322
2010,A,0,WESR / Global Material Flows Database,EN_MAT_DOMCMPC,72,MF121,T,2025-03-21T00:00:00,2023,,0.11654
2011,A,0,WESR / Global Material Flows Database,EN_MAT_DOMCMPC,72,MF121,T,2025-03-21T00:00:00,2023,,0.15419
2012,A,0,WESR / Global Material Flows Database,EN_MAT_DOMCMPC,72,MF121,T,2025-03-21T00:00:00,2023,,0.09338
2013,A,0,WESR / Global Material Flows Database,EN_MAT_DOMCMPC,72,MF121,T,2025-03-21T00:00:00,2023,,0.06489
2014,A,0,WESR / Global Material Flows Database,EN_MAT_DOMCMPC,72,MF121,T,2025-03-21T00:00:00,2023,,0.10713
2015,A,0,WESR / Global Material Flows Database,EN_MAT_DOMCMPC,72,MF121,T,2025-03-21T00:00:00,2023,,0.09784
2016,A,0,WESR / Global Material Flows Database,EN_MAT_DOMCMPC,72,MF121,T,2025-03-21T00:00:00,2023,,0.09953
2017,A,0,WESR / Global Material Flows Database,EN_MAT_DOMCMPC,72,MF121,T,2025-03-21T00:00:00,2023,,0.06797
2018,A,0,WESR / Global Material Flows Database,EN_MAT_DOMCMPC,72,MF121,T,2025-03-21T00:00:00,2023,,0.14581
2019,A,0,WESR / Global Material Flows Database,EN_MAT_DOMCMPC,72,MF121,T,2025-03-21T00:00:00,2023,,0.09839
2020,A,0,WESR / Global Material Flows Database,EN_MAT_DOMCMPC,72,MF121,T,2025-03-21T00:00:00,2023,,0.23856
2021,A,0,WESR / Global Material Flows Database,EN_MAT_DOMCMPC,72,MF121,T,2025-03-21T00:00:00,2023,,0.18389
2022,A,0,WESR / Global Material Flows Database,EN_MAT_DOMCMPC,72,MF121,T,2025-03-21T00:00:00,2023,,0.18356
2023,A,0,WESR / Global Material Flows Database,EN_MAT_DOMCMPC,72,MF121,T,2025-03-21T00:00:00,2023,,0.18063
2000,A,0,WESR / Global Material Flows Database,EN_MAT_DOMCMPC,72,MF122,T,2025-03-21T00:00:00,2023,,3.80282
2001,A,0,WESR / Global Material Flows Database,EN_MAT_DOMCMPC,72,MF122,T,2025-03-21T00:00:00,2023,,3.57125
2002,A,0,WESR / Global Material Flows Database,EN_MAT_DOMCMPC,72,MF122,T,2025-03-21T00:00:00,2023,,2.94515
2003,A,0,WESR / Global Material Flows Database,EN_MAT_DOMCMPC,72,MF122,T,2025-03-21T00:00:00,2023,,2.86245
2004,A,0,WESR / Global Material Flows Database,EN_MAT_DOMCMPC,72,MF122,T,2025-03-21T00:00:00,2023,,2.86393
2005,A,0,WESR / Global Material Flows Database,EN_MAT_DOMCMPC,72,MF122,T,2025-03-21T00:00:00,2023,,2.9508
2006,A,0,WESR / Global Material Flows Database,EN_MAT_DOMCMPC,72,MF122,T,2025-03-21T00:00:00,2023,,2.92132
2007,A,0,WESR / Global Material Flows Database,EN_MAT_DOMCMPC,72,MF122,T,2025-03-21T00:00:00,2023,,2.82604
2008,A,0,WESR / Global Material Flows Database,EN_MAT_DOMCMPC,72,MF122,T,2025-03-21T00:00:00,2023,,2.89467
2009,A,0,WESR / Global Material Flows Database,EN_MAT_DOMCMPC,72,MF122,T,2025-03-21T00:00:00,2023,,3.05359
2010,A,0,WESR / Global Material Flows Database,EN_MAT_DOMCMPC,72,MF122,T,2025-03-21T00:00:00,2023,,3.20552
2011,A,0,WESR / Global Material Flows Database,EN_MAT_DOMCMPC,72,MF122,T,2025-03-21T00:00:00,2023,,3.0414
2012,A,0,WESR / Global Material Flows Database,EN_MAT_DOMCMPC,72,MF122,T,2025-03-21T00:00:00,2023,,2.62805
2013,A,0,WESR / Global Material Flows Database,EN_MAT_DOMCMPC,72,MF122,T,2025-03-21T00:00:00,2023,,2.42976
2014,A,0,WESR / Global Material Flows Database,EN_MAT_DOMCMPC,72,MF122,T,2025-03-21T00:00:00,2023,,1.87593
2015,A,0,WESR / Global Material Flows Database,EN_MAT_DOMCMPC,72,MF122,T,2025-03-21T00:00:00,2023,,1.88827
2016,A,0,WESR / Global Material Flows Database,EN_MAT_DOMCMPC,72,MF122,T,2025-03-21T00:00:00,2023,,1.67218
2017,A,0,WESR / Global Material Flows Database,EN_MAT_DOMCMPC,72,MF122,T,2025-03-21T00:00:00,2023,,1.22375
2018,A,0,WESR / Global Material Flows Database,EN_MAT_DOMCMPC,72,MF122,T,2025-03-21T00:00:00,2023,,1.18787
2019,A,0,WESR / Global Material Flows Database,EN_MAT_DOMCMPC,72,MF122,T,2025-03-21T00:00:00,2023,,1.07056
2020,A,0,WESR / Global Material Flows Database,EN_MAT_DOMCMPC,72,MF122,T,2025-03-21T00:00:00,2023,,0.92062
2021,A,0,WESR / Global Material Flows Database,EN_MAT_DOMCMPC,72,MF122,T,2025-03-21T00:00:00,2023,,1.06373
2022,A,0,WESR / Global Material Flows Database,EN_MAT_DOMCMPC,72,MF122,T,2025-03-21T00:00:00,2023,,1.06211
2023,A,0,WESR / Global Material Flows Database,EN_MAT_DOMCMPC,72,MF122,T,2025-03-21T00:00:00,2023,,1.03074
2000,A,0,WESR / Global Material Flows Database,EN_MAT_DOMCMPC,72,MF13,T,2025-03-21T00:00:00,2023,,0.3025
2001,A,0,WESR / Global Material Flows Database,EN_MAT_DOMCMPC,72,MF13,T,2025-03-21T00:00:00,2023,,0.29819
2002,A,0,WESR / Global Material Flows Database,EN_MAT_DOMCMPC,72,MF13,T,2025-03-21T00:00:00,2023,,0.29446
2003,A,0,WESR / Global Material Flows Database,EN_MAT_DOMCMPC,72,MF13,T,2025-03-21T00:00:00,2023,,0.29122
2004,A,0,WESR / Global Material Flows Database,EN_MAT_DOMCMPC,72,MF13,T,2025-03-21T00:00:00,2023,,0.28815
2005,A,0,WESR / Global Material Flows Database,EN_MAT_DOMCMPC,72,MF13,T,2025-03-21T00:00:00,2023,,0.28509
2006,A,0,WESR / Global Material Flows Database,EN_MAT_DOMCMPC,72,MF13,T,2025-03-21T00:00:00,2023,,0.2813
2007,A,0,WESR / Global Material Flows Database,EN_MAT_DOMCMPC,72,MF13,T,2025-03-21T00:00:00,2023,,0.27719
2008,A,0,WESR / Global Material Flows Database,EN_MAT_DOMCMPC,72,MF13,T,2025-03-21T00:00:00,2023,,0.27328
2009,A,0,WESR / Global Material Flows Database,EN_MAT_DOMCMPC,72,MF13,T,2025-03-21T00:00:00,2023,,0.2782
2010,A,0,WESR / Global Material Flows Database,EN_MAT_DOMCMPC,72,MF13,T,2025-03-21T00:00:00,2023,,0.27754
2011,A,0,WESR / Global Material Flows Database,EN_MAT_DOMCMPC,72,MF13,T,2025-03-21T00:00:00,2023,,0.28198
2012,A,0,WESR / Global Material Flows Database,EN_MAT_DOMCMPC,72,MF13,T,2025-03-21T00:00:00,2023,,0.27742
2013,A,0,WESR / Global Material Flows Database,EN_MAT_DOMCMPC,72,MF13,T,2025-03-21T00:00:00,2023,,0.26865
2014,A,0,WESR / Global Material Flows Database,EN_MAT_DOMCMPC,72,MF13,T,2025-03-21T00:00:00,2023,,0.26634
2015,A,0,WESR / Global Material Flows Database,EN_MAT_DOMCMPC,72,MF13,T,2025-03-21T00:00:00,2023,,0.2547
2016,A,0,WESR / Global Material Flows Database,EN_MAT_DOMCMPC,72,MF13,T,2025-03-21T00:00:00,2023,,0.25809
2017,A,0,WESR / Global Material Flows Database,EN_MAT_DOMCMPC,72,MF13,T,2025-03-21T00:00:00,2023,,0.25153
2018,A,0,WESR / Global Material Flows Database,EN_MAT_DOMCMPC,72,MF13,T,2025-03-21T00:00:00,2023,,0.26317
2019,A,0,WESR / Global Material Flows Database,EN_MAT_DOMCMPC,72,MF13,T,2025-03-21T00:00:00,2023,,0.27446
2020,A,0,WESR / Global Material Flows Database,EN_MAT_DOMCMPC,72,MF13,T,2025-03-21T00:00:00,2023,,0.25764
2021,A,0,WESR / Global Material Flows Database,EN_MAT_DOMCMPC,72,MF13,T,2025-03-21T00:00:00,2023,,0.24816
2022,A,0,WESR / Global Material Flows Database,EN_MAT_DOMCMPC,72,MF13,T,2025-03-21T00:00:00,2023,,0.23687
2023,A,0,WESR / Global Material Flows Database,EN_MAT_DOMCMPC,72,MF13,T,2025-03-21T00:00:00,2023,,0.22041
2000,A,0,WESR / Global Material Flows Database,EN_MAT_DOMCMPC,72,MF14,T,2025-03-21T00:00:00,2023,,0.00067
2001,A,0,WESR / Global Material Flows Database,EN_MAT_DOMCMPC,72,MF14,T,2025-03-21T00:00:00,2023,,0.00064
2002,A,0,WESR / Global Material Flows Database,EN_MAT_DOMCMPC,72,MF14,T,2025-03-21T00:00:00,2023,,0.00059
2003,A,0,WESR / Global Material Flows Database,EN_MAT_DOMCMPC,72,MF14,T,2025-03-21T00:00:00,2023,,0.00039
2004,A,0,WESR / Global Material Flows Database,EN_MAT_DOMCMPC,72,MF14,T,2025-03-21T00:00:00,2023,,0.00042
2005,A,0,WESR / Global Material Flows Database,EN_MAT_DOMCMPC,72,MF14,T,2025-03-21T00:00:00,2023,,0.00083
2006,A,0,WESR / Global Material Flows Database,EN_MAT_DOMCMPC,72,MF14,T,2025-03-21T00:00:00,2023,,0.00056
2007,A,0,WESR / Global Material Flows Database,EN_MAT_DOMCMPC,72,MF14,T,2025-03-21T00:00:00,2023,,0.00054
2008,A,0,WESR / Global Material Flows Database,EN_MAT_DOMCMPC,72,MF14,T,2025-03-21T00:00:00,2023,,0.00065
2009,A,0,WESR / Global Material Flows Database,EN_MAT_DOMCMPC,72,MF14,T,2025-03-21T00:00:00,2023,,0.00167
2010,A,0,WESR / Global Material Flows Database,EN_MAT_DOMCMPC,72,MF14,T,2025-03-21T00:00:00,2023,,0.00132
2011,A,0,WESR / Global Material Flows Database,EN_MAT_DOMCMPC,72,MF14,T,2025-03-21T00:00:00,2023,,0.0016
2012,A,0,WESR / Global Material Flows Database,EN_MAT_DOMCMPC,72,MF14,T,2025-03-21T00:00:00,2023,,0.00213
2013,A,0,WESR / Global Material Flows Database,EN_MAT_DOMCMPC,72,MF14,T,2025-03-21T00:00:00,2023,,0.00244
2014,A,0,WESR / Global Material Flows Database,EN_MAT_DOMCMPC,72,MF14,T,2025-03-21T00:00:00,2023,,0.00254
2015,A,0,WESR / Global Material Flows Database,EN_MAT_DOMCMPC,72,MF14,T,2025-03-21T00:00:00,2023,,0.00205
2016,A,0,WESR / Global Material Flows Database,EN_MAT_DOMCMPC,72,MF14,T,2025-03-21T00:00:00,2023,,0.00026
2017,A,0,WESR / Global Material Flows Database,EN_MAT_DOMCMPC,72,MF14,T,2025-03-21T00:00:00,2023,,0.00161
2018,A,0,WESR / Global Material Flows Database,EN_MAT_DOMCMPC,72,MF14,T,2025-03-21T00:00:00,2023,,0.0006
2019,A,0,WESR / Global Material Flows Database,EN_MAT_DOMCMPC,72,MF14,T,2025-03-21T00:00:00,2023,,0.00056
2020,A,0,WESR / Global Material Flows Database,EN_MAT_DOMCMPC,72,MF14,T,2025-03-21T00:00:00,2023,,0.00107
2021,A,0,WESR / Global Material Flows Database,EN_MAT_DOMCMPC,72,MF14,T,2025-03-21T00:00:00,2023,,0.0011
2022,A,0,WESR / Global Material Flows Database,EN_MAT_DOMCMPC,72,MF14,T,2025-03-21T00:00:00,2023,,0.00111
2023,A,0,WESR / Global Material Flows Database,EN_MAT_DOMCMPC,72,MF14,T,2025-03-21T00:00:00,2023,,0.00108
2000,A,0,WESR / Global Material Flows Database,EN_MAT_DOMCMPC,72,MF2,T,2025-03-21T00:00:00,2023,,2.77165
2001,A,0,WESR / Global Material Flows Database,EN_MAT_DOMCMPC,72,MF2,T,2025-03-21T00:00:00,2023,,2.95415
2002,A,0,WESR / Global Material Flows Database,EN_MAT_DOMCMPC,72,MF2,T,2025-03-21T00:00:00,2023,,3.50275
2003,A,0,WESR / Global Material Flows Database,EN_MAT_DOMCMPC,72,MF2,T,2025-03-21T00:00:00,2023,,4.05355
2004,A,0,WESR / Global Material Flows Database,EN_MAT_DOMCMPC,72,MF2,T,2025-03-21T00:00:00,2023,,3.53168
2005,A,0,WESR / Global Material Flows Database,EN_MAT_DOMCMPC,72,MF2,T,2025-03-21T00:00:00,2023,,4.85709
2006,A,0,WESR / Global Material Flows Database,EN_MAT_DOMCMPC,72,MF2,T,2025-03-21T00:00:00,2023,,4.86746
2007,A,0,WESR / Global Material Flows Database,EN_MAT_DOMCMPC,72,MF2,T,2025-03-21T00:00:00,2023,,4.08559
2008,A,0,WESR / Global Material Flows Database,EN_MAT_DOMCMPC,72,MF2,T,2025-03-21T00:00:00,2023,,5.0805
2009,A,0,WESR / Global Material Flows Database,EN_MAT_DOMCMPC,72,MF2,T,2025-03-21T00:00:00,2023,,4.68008
2010,A,0,WESR / Global Material Flows Database,EN_MAT_DOMCMPC,72,MF2,T,2025-03-21T00:00:00,2023,,4.35311
2011,A,0,WESR / Global Material Flows Database,EN_MAT_DOMCMPC,72,MF2,T,2025-03-21T00:00:00,2023,,3.45423
2012,A,0,WESR / Global Material Flows Database,EN_MAT_DOMCMPC,72,MF2,T,2025-03-21T00:00:00,2023,,3.80993
2013,A,0,WESR / Global Material Flows Database,EN_MAT_DOMCMPC,72,MF2,T,2025-03-21T00:00:00,2023,,4.50925
2014,A,0,WESR / Global Material Flows Database,EN_MAT_DOMCMPC,72,MF2,T,2025-03-21T00:00:00,2023,,3.4199
2015,A,0,WESR / Global Material Flows Database,EN_MAT_DOMCMPC,72,MF2,T,2025-03-21T00:00:00,2023,,2.48895
2016,A,0,WESR / Global Material Flows Database,EN_MAT_DOMCMPC,72,MF2,T,2025-03-21T00:00:00,2023,,2.13849
2017,A,0,WESR / Global Material Flows Database,EN_MAT_DOMCMPC,72,MF2,T,2025-03-21T00:00:00,2023,,1.61767
2018,A,0,WESR / Global Material Flows Database,EN_MAT_DOMCMPC,72,MF2,T,2025-03-21T00:00:00,2023,,1.58519
2019,A,0,WESR / Global Material Flows Database,EN_MAT_DOMCMPC,72,MF2,T,2025-03-21T00:00:00,2023,,1.48785
2020,A,0,WESR / Global Material Flows Database,EN_MAT_DOMCMPC,72,MF2,T,2025-03-21T00:00:00,2023,,0.25676
2021,A,0,WESR / Global Material Flows Database,EN_MAT_DOMCMPC,72,MF2,T,2025-03-21T00:00:00,2023,,0.26378
2022,A,0,WESR / Global Material Flows Database,EN_MAT_DOMCMPC,72,MF2,T,2025-03-21T00:00:00,2023,,0.27288
2023,A,0,WESR / Global Material Flows Database,EN_MAT_DOMCMPC,72,MF2,T,2025-03-21T00:00:00,2023,,0.27829
2000,A,0,WESR / Global Material Flows Database,EN_MAT_DOMCMPC,72,MF21,T,2025-03-21T00:00:00,2023,,0.06319
2001,A,0,WESR / Global Material Flows Database,EN_MAT_DOMCMPC,72,MF21,T,2025-03-21T00:00:00,2023,,0.0824
2002,A,0,WESR / Global Material Flows Database,EN_MAT_DOMCMPC,72,MF21,T,2025-03-21T00:00:00,2023,,0.08798
2003,A,0,WESR / Global Material Flows Database,EN_MAT_DOMCMPC,72,MF21,T,2025-03-21T00:00:00,2023,,0.0531
2004,A,0,WESR / Global Material Flows Database,EN_MAT_DOMCMPC,72,MF21,T,2025-03-21T00:00:00,2023,,0.05411
2005,A,0,WESR / Global Material Flows Database,EN_MAT_DOMCMPC,72,MF21,T,2025-03-21T00:00:00,2023,,0.05693
2006,A,0,WESR / Global Material Flows Database,EN_MAT_DOMCMPC,72,MF21,T,2025-03-21T00:00:00,2023,,0.05682
2007,A,0,WESR / Global Material Flows Database,EN_MAT_DOMCMPC,72,MF21,T,2025-03-21T00:00:00,2023,,0.07108
2008,A,0,WESR / Global Material Flows Database,EN_MAT_DOMCMPC,72,MF21,T,2025-03-21T00:00:00,2023,,0.08533
2009,A,0,WESR / Global Material Flows Database,EN_MAT_DOMCMPC,72,MF21,T,2025-03-21T00:00:00,2023,,0.06668
2010,A,0,WESR / Global Material Flows Database,EN_MAT_DOMCMPC,72,MF21,T,2025-03-21T00:00:00,2023,,0.09477
2011,A,0,WESR / Global Material Flows Database,EN_MAT_DOMCMPC,72,MF21,T,2025-03-21T00:00:00,2023,,0.08783
2012,A,0,WESR / Global Material Flows Database,EN_MAT_DOMCMPC,72,MF21,T,2025-03-21T00:00:00,2023,,0.0666
2013,A,0,WESR / Global Material Flows Database,EN_MAT_DOMCMPC,72,MF21,T,2025-03-21T00:00:00,2023,,0.07046
2014,A,0,WESR / Global Material Flows Database,EN_MAT_DOMCMPC,72,MF21,T,2025-03-21T00:00:00,2023,,0.0528
2015,A,0,WESR / Global Material Flows Database,EN_MAT_DOMCMPC,72,MF21,T,2025-03-21T00:00:00,2023,,0.06171
2016,A,0,WESR / Global Material Flows Database,EN_MAT_DOMCMPC,72,MF21,T,2025-03-21T00:00:00,2023,,0.06008
2017,A,0,WESR / Global Material Flows Database,EN_MAT_DOMCMPC,72,MF21,T,2025-03-21T00:00:00,2023,,0.046
2018,A,0,WESR / Global Material Flows Database,EN_MAT_DOMCMPC,72,MF21,T,2025-03-21T00:00:00,2023,,0.03574
2019,A,0,WESR / Global Material Flows Database,EN_MAT_DOMCMPC,72,MF21,T,2025-03-21T00:00:00,2023,,0.06037
2020,A,0,WESR / Global Material Flows Database,EN_MAT_DOMCMPC,72,MF21,T,2025-03-21T00:00:00,2023,,0.05943
2021,A,0,WESR / Global Material Flows Database,EN_MAT_DOMCMPC,72,MF21,T,2025-03-21T00:00:00,2023,,0.06106
2022,A,0,WESR / Global Material Flows Database,EN_MAT_DOMCMPC,72,MF21,T,2025-03-21T00:00:00,2023,,0.06269
2023,A,0,WESR / Global Material Flows Database,EN_MAT_DOMCMPC,72,MF21,T,2025-03-21T00:00:00,2023,,0.06306
2000,A,0,WESR / Global Material Flows Database,EN_MAT_DOMCMPC,72,MF22,T,2025-03-21T00:00:00,2023,,2.70846
2001,A,0,WESR / Global Material Flows Database,EN_MAT_DOMCMPC,72,MF22,T,2025-03-21T00:00:00,2023,,2.87175
2002,A,0,WESR / Global Material Flows Database,EN_MAT_DOMCMPC,72,MF22,T,2025-03-21T00:00:00,2023,,3.41477
2003,A,0,WESR / Global Material Flows Database,EN_MAT_DOMCMPC,72,MF22,T,2025-03-21T00:00:00,2023,,4.00045
2004,A,0,WESR / Global Material Flows Database,EN_MAT_DOMCMPC,72,MF22,T,2025-03-21T00:00:00,2023,,3.47757
2005,A,0,WESR / Global Material Flows Database,EN_MAT_DOMCMPC,72,MF22,T,2025-03-21T00:00:00,2023,,4.80016
2006,A,0,WESR / Global Material Flows Database,EN_MAT_DOMCMPC,72,MF22,T,2025-03-21T00:00:00,2023,,4.81064
2007,A,0,WESR / Global Material Flows Database,EN_MAT_DOMCMPC,72,MF22,T,2025-03-21T00:00:00,2023,,4.0145
2008,A,0,WESR / Global Material Flows Database,EN_MAT_DOMCMPC,72,MF22,T,2025-03-21T00:00:00,2023,,4.99517
2009,A,0,WESR / Global Material Flows Database,EN_MAT_DOMCMPC,72,MF22,T,2025-03-21T00:00:00,2023,,4.61341
2010,A,0,WESR / Global Material Flows Database,EN_MAT_DOMCMPC,72,MF22,T,2025-03-21T00:00:00,2023,,4.25834
2011,A,0,WESR / Global Material Flows Database,EN_MAT_DOMCMPC,72,MF22,T,2025-03-21T00:00:00,2023,,3.3664
2012,A,0,WESR / Global Material Flows Database,EN_MAT_DOMCMPC,72,MF22,T,2025-03-21T00:00:00,2023,,3.74333
2013,A,0,WESR / Global Material Flows Database,EN_MAT_DOMCMPC,72,MF22,T,2025-03-21T00:00:00,2023,,4.43879
2014,A,0,WESR / Global Material Flows Database,EN_MAT_DOMCMPC,72,MF22,T,2025-03-21T00:00:00,2023,,3.3671
2015,A,0,WESR / Global Material Flows Database,EN_MAT_DOMCMPC,72,MF22,T,2025-03-21T00:00:00,2023,,2.42724
2016,A,0,WESR / Global Material Flows Database,EN_MAT_DOMCMPC,72,MF22,T,2025-03-21T00:00:00,2023,,2.07841
2017,A,0,WESR / Global Material Flows Database,EN_MAT_DOMCMPC,72,MF22,T,2025-03-21T00:00:00,2023,,1.57168
2018,A,0,WESR / Global Material Flows Database,EN_MAT_DOMCMPC,72,MF22,T,2025-03-21T00:00:00,2023,,1.54945
2019,A,0,WESR / Global Material Flows Database,EN_MAT_DOMCMPC,72,MF22,T,2025-03-21T00:00:00,2023,,1.42748
2020,A,0,WESR / Global Material Flows Database,EN_MAT_DOMCMPC,72,MF22,T,2025-03-21T00:00:00,2023,,0.19733
2021,A,0,WESR / Global Material Flows Database,EN_MAT_DOMCMPC,72,MF22,T,2025-03-21T00:00:00,2023,,0.20272
2022,A,0,WESR / Global Material Flows Database,EN_MAT_DOMCMPC,72,MF22,T,2025-03-21T00:00:00,2023,,0.21019
2023,A,0,WESR / Global Material Flows Database,EN_MAT_DOMCMPC,72,MF22,T,2025-03-21T00:00:00,2023,,0.21524
2000,A,0,WESR / Global Material Flows Database,EN_MAT_DOMCMPC,72,MF3,T,2025-03-21T00:00:00,2023,,19.28777
2001,A,0,WESR / Global Material Flows Database,EN_MAT_DOMCMPC,72,MF3,T,2025-03-21T00:00:00,2023,,23.78263
2002,A,0,WESR / Global Material Flows Database,EN_MAT_DOMCMPC,72,MF3,T,2025-03-21T00:00:00,2023,,25.42019
2003,A,0,WESR / Global Material Flows Database,EN_MAT_DOMCMPC,72,MF3,T,2025-03-21T00:00:00,2023,,25.16912
2004,A,0,WESR / Global Material Flows Database,EN_MAT_DOMCMPC,72,MF3,T,2025-03-21T00:00:00,2023,,22.12276
2005,A,0,WESR / Global Material Flows Database,EN_MAT_DOMCMPC,72,MF3,T,2025-03-21T00:00:00,2023,,21.00395
2006,A,0,WESR / Global Material Flows Database,EN_MAT_DOMCMPC,72,MF3,T,2025-03-21T00:00:00,2023,,30.22273
2007,A,0,WESR / Global Material Flows Database,EN_MAT_DOMCMPC,72,MF3,T,2025-03-21T00:00:00,2023,,27.41875
2008,A,0,WESR / Global Material Flows Database,EN_MAT_DOMCMPC,72,MF3,T,2025-03-21T00:00:00,2023,,26.50641
2009,A,0,WESR / Global Material Flows Database,EN_MAT_DOMCMPC,72,MF3,T,2025-03-21T00:00:00,2023,,15.64433
2010,A,0,WESR / Global Material Flows Database,EN_MAT_DOMCMPC,72,MF3,T,2025-03-21T00:00:00,2023,,18.2536
2011,A,0,WESR / Global Material Flows Database,EN_MAT_DOMCMPC,72,MF3,T,2025-03-21T00:00:00,2023,,18.43547
2012,A,0,WESR / Global Material Flows Database,EN_MAT_DOMCMPC,72,MF3,T,2025-03-21T00:00:00,2023,,16.14644
2013,A,0,WESR / Global Material Flows Database,EN_MAT_DOMCMPC,72,MF3,T,2025-03-21T00:00:00,2023,,17.22055
2014,A,0,WESR / Global Material Flows Database,EN_MAT_DOMCMPC,72,MF3,T,2025-03-21T00:00:00,2023,,17.2206
2015,A,0,WESR / Global Material Flows Database,EN_MAT_DOMCMPC,72,MF3,T,2025-03-21T00:00:00,2023,,12.91428
2016,A,0,WESR / Global Material Flows Database,EN_MAT_DOMCMPC,72,MF3,T,2025-03-21T00:00:00,2023,,12.73919
2017,A,0,WESR / Global Material Flows Database,EN_MAT_DOMCMPC,72,MF3,T,2025-03-21T00:00:00,2023,,13.58103
2018,A,0,WESR / Global Material Flows Database,EN_MAT_DOMCMPC,72,MF3,T,2025-03-21T00:00:00,2023,,14.15026
2019,A,0,WESR / Global Material Flows Database,EN_MAT_DOMCMPC,72,MF3,T,2025-03-21T00:00:00,2023,,13.50775
2020,A,0,WESR / Global Material Flows Database,EN_MAT_DOMCMPC,72,MF3,T,2025-03-21T00:00:00,2023,,9.50399
2021,A,0,WESR / Global Material Flows Database,EN_MAT_DOMCMPC,72,MF3,T,2025-03-21T00:00:00,2023,,9.89922
2022,A,0,WESR / Global Material Flows Database,EN_MAT_DOMCMPC,72,MF3,T,2025-03-21T00:00:00,2023,,10.08364
2023,A,0,WESR / Global Material Flows Database,EN_MAT_DOMCMPC,72,MF3,T,2025-03-21T00:00:00,2023,,10.00622
2000,A,0,WESR / Global Material Flows Database,EN_MAT_DOMCMPC,72,MF4,T,2025-03-21T00:00:00,2023,,0.56051
2001,A,0,WESR / Global Material Flows Database,EN_MAT_DOMCMPC,72,MF4,T,2025-03-21T00:00:00,2023,,0.54088
2002,A,0,WESR / Global Material Flows Database,EN_MAT_DOMCMPC,72,MF4,T,2025-03-21T00:00:00,2023,,0.54481
2003,A,0,WESR / Global Material Flows Database,EN_MAT_DOMCMPC,72,MF4,T,2025-03-21T00:00:00,2023,,0.46199
2004,A,0,WESR / Global Material Flows Database,EN_MAT_DOMCMPC,72,MF4,T,2025-03-21T00:00:00,2023,,0.50025
2005,A,0,WESR / Global Material Flows Database,EN_MAT_DOMCMPC,72,MF4,T,2025-03-21T00:00:00,2023,,0.52937
2006,A,0,WESR / Global Material Flows Database,EN_MAT_DOMCMPC,72,MF4,T,2025-03-21T00:00:00,2023,,0.50759
2007,A,0,WESR / Global Material Flows Database,EN_MAT_DOMCMPC,72,MF4,T,2025-03-21T00:00:00,2023,,0.42858
2008,A,0,WESR / Global Material Flows Database,EN_MAT_DOMCMPC,72,MF4,T,2025-03-21T00:00:00,2023,,0.45484
2009,A,0,WESR / Global Material Flows Database,EN_MAT_DOMCMPC,72,MF4,T,2025-03-21T00:00:00,2023,,0.36018
2010,A,0,WESR / Global Material Flows Database,EN_MAT_DOMCMPC,72,MF4,T,2025-03-21T00:00:00,2023,,0.44558
2011,A,0,WESR / Global Material Flows Database,EN_MAT_DOMCMPC,72,MF4,T,2025-03-21T00:00:00,2023,,0.31349
2012,A,0,WESR / Global Material Flows Database,EN_MAT_DOMCMPC,72,MF4,T,2025-03-21T00:00:00,2023,,0.62654
2013,A,0,WESR / Global Material Flows Database,EN_MAT_DOMCMPC,72,MF4,T,2025-03-21T00:00:00,2023,,0.64448
2014,A,0,WESR / Global Material Flows Database,EN_MAT_DOMCMPC,72,MF4,T,2025-03-21T00:00:00,2023,,0.67157
2015,A,0,WESR / Global Material Flows Database,EN_MAT_DOMCMPC,72,MF4,T,2025-03-21T00:00:00,2023,,0.80018
2016,A,0,WESR / Global Material Flows Database,EN_MAT_DOMCMPC,72,MF4,T,2025-03-21T00:00:00,2023,,0.70931
2017,A,0,WESR / Global Material Flows Database,EN_MAT_DOMCMPC,72,MF4,T,2025-03-21T00:00:00,2023,,0.82895
2018,A,0,WESR / Global Material Flows Database,EN_MAT_DOMCMPC,72,MF4,T,2025-03-21T00:00:00,2023,,0.88318
2019,A,0,WESR / Global Material Flows Database,EN_MAT_DOMCMPC,72,MF4,T,2025-03-21T00:00:00,2023,,0.72274
2020,A,0,WESR / Global Material Flows Database,EN_MAT_DOMCMPC,72,MF4,T,2025-03-21T00:00:00,2023,,0.53835
2021,A,0,WESR / Global Material Flows Database,EN_MAT_DOMCMPC,72,MF4,T,2025-03-21T00:00:00,2023,,0.5475
2022,A,0,WESR / Global Material Flows Database,EN_MAT_DOMCMPC,72,MF4,T,2025-03-21T00:00:00,2023,,0.54577
2023,A,0,WESR / Global Material Flows Database,EN_MAT_DOMCMPC,72,MF4,T,2025-03-21T00:00:00,2023,,0.52993
2000,A,0,WESR / Global Material Flows Database,EN_MAT_DOMCMPC,72,MF41,T,2025-03-21T00:00:00,2023,,0.56051
2001,A,0,WESR / Global Material Flows Database,EN_MAT_DOMCMPC,72,MF41,T,2025-03-21T00:00:00,2023,,0.54088
2002,A,0,WESR / Global Material Flows Database,EN_MAT_DOMCMPC,72,MF41,T,2025-03-21T00:00:00,2023,,0.54481
2003,A,0,WESR / Global Material Flows Database,EN_MAT_DOMCMPC,72,MF41,T,2025-03-21T00:00:00,2023,,0.46199
2004,A,0,WESR / Global Material Flows Database,EN_MAT_DOMCMPC,72,MF41,T,2025-03-21T00:00:00,2023,,0.50025
2005,A,0,WESR / Global Material Flows Database,EN_MAT_DOMCMPC,72,MF41,T,2025-03-21T00:00:00,2023,,0.52937
2006,A,0,WESR / Global Material Flows Database,EN_MAT_DOMCMPC,72,MF41,T,2025-03-21T00:00:00,2023,,0.50759
2007,A,0,WESR / Global Material Flows Database,EN_MAT_DOMCMPC,72,MF41,T,2025-03-21T00:00:00,2023,,0.42858
2008,A,0,WESR / Global Material Flows Database,EN_MAT_DOMCMPC,72,MF41,T,2025-03-21T00:00:00,2023,,0.45484
2009,A,0,WESR / Global Material Flows Database,EN_MAT_DOMCMPC,72,MF41,T,2025-03-21T00:00:00,2023,,0.36018
2010,A,0,WESR / Global Material Flows Database,EN_MAT_DOMCMPC,72,MF41,T,2025-03-21T00:00:00,2023,,0.44558
2011,A,0,WESR / Global Material Flows Database,EN_MAT_DOMCMPC,72,MF41,T,2025-03-21T00:00:00,2023,,0.31349
2012,A,0,WESR / Global Material Flows Database,EN_MAT_DOMCMPC,72,MF41,T,2025-03-21T00:00:00,2023,,0.62654
2013,A,0,WESR / Global Material Flows Database,EN_MAT_DOMCMPC,72,MF41,T,2025-03-21T00:00:00,2023,,0.64448
2014,A,0,WESR / Global Material Flows Database,EN_MAT_DOMCMPC,72,MF41,T,2025-03-21T00:00:00,2023,,0.67157
2015,A,0,WESR / Global Material Flows Database,EN_MAT_DOMCMPC,72,MF41,T,2025-03-21T00:00:00,2023,,0.79951
2016,A,0,WESR / Global Material Flows Database,EN_MAT_DOMCMPC,72,MF41,T,2025-03-21T00:00:00,2023,,0.70931
2017,A,0,WESR / Global Material Flows Database,EN_MAT_DOMCMPC,72,MF41,T,2025-03-21T00:00:00,2023,,0.82895
2018,A,0,WESR / Global Material Flows Database,EN_MAT_DOMCMPC,72,MF41,T,2025-03-21T00:00:00,2023,,0.88318
2019,A,0,WESR / Global Material Flows Database,EN_MAT_DOMCMPC,72,MF41,T,2025-03-21T00:00:00,2023,,0.72274
2020,A,0,WESR / Global Material Flows Database,EN_MAT_DOMCMPC,72,MF41,T,2025-03-21T00:00:00,2023,,0.53835
2021,A,0,WESR / Global Material Flows Database,EN_MAT_DOMCMPC,72,MF41,T,2025-03-21T00:00:00,2023,,0.5475
2022,A,0,WESR / Global Material Flows Database,EN_MAT_DOMCMPC,72,MF41,T,2025-03-21T00:00:00,2023,,0.54577
2023,A,0,WESR / Global Material Flows Database,EN_MAT_DOMCMPC,72,MF41,T,2025-03-21T00:00:00,2023,,0.52993
2000,A,0,WESR / Global Material Flows Database,EN_MAT_DOMCMPC,72,MF422,T,2025-03-21T00:00:00,2023,,0.0
2001,A,0,WESR / Global Material Flows Database,EN_MAT_DOMCMPC,72,MF422,T,2025-03-21T00:00:00,2023,,0.0
2002,A,0,WESR / Global Material Flows Database,EN_MAT_DOMCMPC,72,MF422,T,2025-03-21T00:00:00,2023,,0.0
2003,A,0,WESR / Global Material Flows Database,EN_MAT_DOMCMPC,72,MF422,T,2025-03-21T00:00:00,2023,,0.0
2004,A,0,WESR / Global Material Flows Database,EN_MAT_DOMCMPC,72,MF422,T,2025-03-21T00:00:00,2023,,0.0
2005,A,0,WESR / Global Material Flows Database,EN_MAT_DOMCMPC,72,MF422,T,2025-03-21T00:00:00,2023,,0.0
2006,A,0,WESR / Global Material Flows Database,EN_MAT_DOMCMPC,72,MF422,T,2025-03-21T00:00:00,2023,,0.0
2007,A,0,WESR / Global Material Flows Database,EN_MAT_DOMCMPC,72,MF422,T,2025-03-21T00:00:00,2023,,0.0
2008,A,0,WESR / Global Material Flows Database,EN_MAT_DOMCMPC,72,MF422,T,2025-03-21T00:00:00,2023,,0.0
2009,A,0,WESR / Global Material Flows Database,EN_MAT_DOMCMPC,72,MF422,T,2025-03-21T00:00:00,2023,,0.0
2010,A,0,WESR / Global Material Flows Database,EN_MAT_DOMCMPC,72,MF422,T,2025-03-21T00:00:00,2023,,0.0
2011,A,0,WESR / Global Material Flows Database,EN_MAT_DOMCMPC,72,MF422,T,2025-03-21T00:00:00,2023,,0.0
2012,A,0,WESR / Global Material Flows Database,EN_MAT_DOMCMPC,72,MF422,T,2025-03-21T00:00:00,2023,,0.0
2013,A,0,WESR / Global Material Flows Database,EN_MAT_DOMCMPC,72,MF422,T,2025-03-21T00:00:00,2023,,0.0
2014,A,0,WESR / Global Material Flows Database,EN_MAT_DOMCMPC,72,MF422,T,2025-03-21T00:00:00,2023,,0.0
2015,A,0,WESR / Global Material Flows Database,EN_MAT_DOMCMPC,72,MF422,T,2025-03-21T00:00:00,2023,,0.00068
2016,A,0,WESR / Global Material Flows Database,EN_MAT_DOMCMPC,72,MF422,T,2025-03-21T00:00:00,2023,,0.0
2017,A,0,WESR / Global Material Flows Database,EN_MAT_DOMCMPC,72,MF422,T,2025-03-21T00:00:00,2023,,0.0
2018,A,0,WESR / Global Material Flows Database,EN_MAT_DOMCMPC,72,MF422,T,2025-03-21T00:00:00,2023,,0.0
2019,A,0,WESR / Global Material Flows Database,EN_MAT_DOMCMPC,72,MF422,T,2025-03-21T00:00:00,2023,,0.0
2020,A,0,WESR / Global Material Flows Database,EN_MAT_DOMCMPC,72,MF422,T,2025-03-21T00:00:00,2023,,0.0
2021,A,0,WESR / Global Material Flows Database,EN_MAT_DOMCMPC,72,MF422,T,2025-03-21T00:00:00,2023,,0.0
2022,A,0,WESR / Global Material Flows Database,EN_MAT_DOMCMPC,72,MF422,T,2025-03-21T00:00:00,2023,,0.0
2023,A,0,WESR / Global Material Flows Database,EN_MAT_DOMCMPC,72,MF422,T,2025-03-21T00:00:00,2023,,0.0
2000,A,0,WESR / Global Material Flows Database,EN_MAT_DOMCMPG,72,None,KG_PER_CON_USD,2025-03-21T00:00:00,2023,2015,5.57649
2001,A,0,WESR / Global Material Flows Database,EN_MAT_DOMCMPG,72,None,KG_PER_CON_USD,2025-03-21T00:00:00,2023,2015,6.5825
2002,A,0,WESR / Global Material Flows Database,EN_MAT_DOMCMPG,72,None,KG_PER_CON_USD,2025-03-21T00:00:00,2023,2015,6.71546
2003,A,0,WESR / Global Material Flows Database,EN_MAT_DOMCMPG,72,None,KG_PER_CON_USD,2025-03-21T00:00:00,2023,2015,6.53726
2004,A,0,WESR / Global Material Flows Database,EN_MAT_DOMCMPG,72,None,KG_PER_CON_USD,2025-03-21T00:00:00,2023,2015,5.79476
2005,A,0,WESR / Global Material Flows Database,EN_MAT_DOMCMPG,72,None,KG_PER_CON_USD,2025-03-21T00:00:00,2023,2015,5.72084
2006,A,0,WESR / Global Material Flows Database,EN_MAT_DOMCMPG,72,None,KG_PER_CON_USD,2025-03-21T00:00:00,2023,2015,6.9912
2007,A,0,WESR / Global Material Flows Database,EN_MAT_DOMCMPG,72,None,KG_PER_CON_USD,2025-03-21T00:00:00,2023,2015,6.18745
2008,A,0,WESR / Global Material Flows Database,EN_MAT_DOMCMPG,72,None,KG_PER_CON_USD,2025-03-21T00:00:00,2023,2015,6.13044
2009,A,0,WESR / Global Material Flows Database,EN_MAT_DOMCMPG,72,None,KG_PER_CON_USD,2025-03-21T00:00:00,2023,2015,5.05191
2010,A,0,WESR / Global Material Flows Database,EN_MAT_DOMCMPG,72,None,KG_PER_CON_USD,2025-03-21T00:00:00,2023,2015,5.16043
2011,A,0,WESR / Global Material Flows Database,EN_MAT_DOMCMPG,72,None,KG_PER_CON_USD,2025-03-21T00:00:00,2023,2015,4.85352
2012,A,0,WESR / Global Material Flows Database,EN_MAT_DOMCMPG,72,None,KG_PER_CON_USD,2025-03-21T00:00:00,2023,2015,4.45181
2013,A,0,WESR / Global Material Flows Database,EN_MAT_DOMCMPG,72,None,KG_PER_CON_USD,2025-03-21T00:00:00,2023,2015,4.34581
2014,A,0,WESR / Global Material Flows Database,EN_MAT_DOMCMPG,72,None,KG_PER_CON_USD,2025-03-21T00:00:00,2023,2015,3.9528
2015,A,0,WESR / Global Material Flows Database,EN_MAT_DOMCMPG,72,None,KG_PER_CON_USD,2025-03-21T00:00:00,2023,2015,3.35654
2016,A,0,WESR / Global Material Flows Database,EN_MAT_DOMCMPG,72,None,KG_PER_CON_USD,2025-03-21T00:00:00,2023,2015,3.09562
2017,A,0,WESR / Global Material Flows Database,EN_MAT_DOMCMPG,72,None,KG_PER_CON_USD,2025-03-21T00:00:00,2023,2015,3.06109
2018,A,0,WESR / Global Material Flows Database,EN_MAT_DOMCMPG,72,None,KG_PER_CON_USD,2025-03-21T00:00:00,2023,2015,3.11253
2019,A,0,WESR / Global Material Flows Database,EN_MAT_DOMCMPG,72,None,KG_PER_CON_USD,2025-03-21T00:00:00,2023,2015,2.90597
2020,A,0,WESR / Global Material Flows Database,EN_MAT_DOMCMPG,72,None,KG_PER_CON_USD,2025-03-21T00:00:00,2023,2015,2.30079
2021,A,0,WESR / Global Material Flows Database,EN_MAT_DOMCMPG,72,None,KG_PER_CON_USD,2025-03-21T00:00:00,2023,2015,2.16428
2022,A,0,WESR / Global Material Flows Database,EN_MAT_DOMCMPG,72,None,KG_PER_CON_USD,2025-03-21T00:00:00,2023,2015,2.11298
2023,A,0,WESR / Global Material Flows Database,EN_MAT_DOMCMPG,72,None,KG_PER_CON_USD,2025-03-21T00:00:00,2023,2015,2.06698
2000,A,0,WESR / Global Material Flows Database,EN_MAT_DOMCMPG,72,MF_AGG3A,KG_PER_CON_USD,2025-03-21T00:00:00,2023,2015,0.36789
2001,A,0,WESR / Global Material Flows Database,EN_MAT_DOMCMPG,72,MF_AGG3A,KG_PER_CON_USD,2025-03-21T00:00:00,2023,2015,0.55232
2002,A,0,WESR / Global Material Flows Database,EN_MAT_DOMCMPG,72,MF_AGG3A,KG_PER_CON_USD,2025-03-21T00:00:00,2023,2015,0.58817
2003,A,0,WESR / Global Material Flows Database,EN_MAT_DOMCMPG,72,MF_AGG3A,KG_PER_CON_USD,2025-03-21T00:00:00,2023,2015,0.36511
2004,A,0,WESR / Global Material Flows Database,EN_MAT_DOMCMPG,72,MF_AGG3A,KG_PER_CON_USD,2025-03-21T00:00:00,2023,2015,0.59429
2005,A,0,WESR / Global Material Flows Database,EN_MAT_DOMCMPG,72,MF_AGG3A,KG_PER_CON_USD,2025-03-21T00:00:00,2023,2015,0.45608
2006,A,0,WESR / Global Material Flows Database,EN_MAT_DOMCMPG,72,MF_AGG3A,KG_PER_CON_USD,2025-03-21T00:00:00,2023,2015,0.91677
2007,A,0,WESR / Global Material Flows Database,EN_MAT_DOMCMPG,72,MF_AGG3A,KG_PER_CON_USD,2025-03-21T00:00:00,2023,2015,0.56575
2008,A,0,WESR / Global Material Flows Database,EN_MAT_DOMCMPG,72,MF_AGG3A,KG_PER_CON_USD,2025-03-21T00:00:00,2023,2015,0.57687
2009,A,0,WESR / Global Material Flows Database,EN_MAT_DOMCMPG,72,MF_AGG3A,KG_PER_CON_USD,2025-03-21T00:00:00,2023,2015,0.68247
2010,A,0,WESR / Global Material Flows Database,EN_MAT_DOMCMPG,72,MF_AGG3A,KG_PER_CON_USD,2025-03-21T00:00:00,2023,2015,0.62153
2011,A,0,WESR / Global Material Flows Database,EN_MAT_DOMCMPG,72,MF_AGG3A,KG_PER_CON_USD,2025-03-21T00:00:00,2023,2015,0.57526
2012,A,0,WESR / Global Material Flows Database,EN_MAT_DOMCMPG,72,MF_AGG3A,KG_PER_CON_USD,2025-03-21T00:00:00,2023,2015,0.49269
2013,A,0,WESR / Global Material Flows Database,EN_MAT_DOMCMPG,72,MF_AGG3A,KG_PER_CON_USD,2025-03-21T00:00:00,2023,2015,0.44792
2014,A,0,WESR / Global Material Flows Database,EN_MAT_DOMCMPG,72,MF_AGG3A,KG_PER_CON_USD,2025-03-21T00:00:00,2023,2015,0.27945
2015,A,0,WESR / Global Material Flows Database,EN_MAT_DOMCMPG,72,MF_AGG3A,KG_PER_CON_USD,2025-03-21T00:00:00,2023,2015,0.02126
2016,A,0,WESR / Global Material Flows Database,EN_MAT_DOMCMPG,72,MF_AGG3A,KG_PER_CON_USD,2025-03-21T00:00:00,2023,2015,0.02395
2017,A,0,WESR / Global Material Flows Database,EN_MAT_DOMCMPG,72,MF_AGG3A,KG_PER_CON_USD,2025-03-21T00:00:00,2023,2015,0.01439
2018,A,0,WESR / Global Material Flows Database,EN_MAT_DOMCMPG,72,MF_AGG3A,KG_PER_CON_USD,2025-03-21T00:00:00,2023,2015,0.0138
2019,A,0,WESR / Global Material Flows Database,EN_MAT_DOMCMPG,72,MF_AGG3A,KG_PER_CON_USD,2025-03-21T00:00:00,2023,2015,0.01352
2020,A,0,WESR / Global Material Flows Database,EN_MAT_DOMCMPG,72,MF_AGG3A,KG_PER_CON_USD,2025-03-21T00:00:00,2023,2015,0.01521
2021,A,0,WESR / Global Material Flows Database,EN_MAT_DOMCMPG,72,MF_AGG3A,KG_PER_CON_USD,2025-03-21T00:00:00,2023,2015,0.01446
2022,A,0,WESR / Global Material Flows Database,EN_MAT_DOMCMPG,72,MF_AGG3A,KG_PER_CON_USD,2025-03-21T00:00:00,2023,2015,0.01422
2023,A,0,WESR / Global Material Flows Database,EN_MAT_DOMCMPG,72,MF_AGG3A,KG_PER_CON_USD,2025-03-21T00:00:00,2023,2015,0.01398
2000,A,0,WESR / Global Material Flows Database,EN_MAT_DOMCMPG,72,MF_AGG3B,KG_PER_CON_USD,2025-03-21T00:00:00,2023,2015,3.47007
2001,A,0,WESR / Global Material Flows Database,EN_MAT_DOMCMPG,72,MF_AGG3B,KG_PER_CON_USD,2025-03-21T00:00:00,2023,2015,4.26373
2002,A,0,WESR / Global Material Flows Database,EN_MAT_DOMCMPG,72,MF_AGG3B,KG_PER_CON_USD,2025-03-21T00:00:00,2023,2015,4.37799
2003,A,0,WESR / Global Material Flows Database,EN_MAT_DOMCMPG,72,MF_AGG3B,KG_PER_CON_USD,2025-03-21T00:00:00,2023,2015,4.43858
2004,A,0,WESR / Global Material Flows Database,EN_MAT_DOMCMPG,72,MF_AGG3B,KG_PER_CON_USD,2025-03-21T00:00:00,2023,2015,3.60754
2005,A,0,WESR / Global Material Flows Database,EN_MAT_DOMCMPG,72,MF_AGG3B,KG_PER_CON_USD,2025-03-21T00:00:00,2023,2015,3.4456
2006,A,0,WESR / Global Material Flows Database,EN_MAT_DOMCMPG,72,MF_AGG3B,KG_PER_CON_USD,2025-03-21T00:00:00,2023,2015,4.38539
2007,A,0,WESR / Global Material Flows Database,EN_MAT_DOMCMPG,72,MF_AGG3B,KG_PER_CON_USD,2025-03-21T00:00:00,2023,2015,4.07133
2008,A,0,WESR / Global Material Flows Database,EN_MAT_DOMCMPG,72,MF_AGG3B,KG_PER_CON_USD,2025-03-21T00:00:00,2023,2015,3.85377
2009,A,0,WESR / Global Material Flows Database,EN_MAT_DOMCMPG,72,MF_AGG3B,KG_PER_CON_USD,2025-03-21T00:00:00,2023,2015,2.42658
2010,A,0,WESR / Global Material Flows Database,EN_MAT_DOMCMPG,72,MF_AGG3B,KG_PER_CON_USD,2025-03-21T00:00:00,2023,2015,2.74123
2011,A,0,WESR / Global Material Flows Database,EN_MAT_DOMCMPG,72,MF_AGG3B,KG_PER_CON_USD,2025-03-21T00:00:00,2023,2015,2.66801
2012,A,0,WESR / Global Material Flows Database,EN_MAT_DOMCMPG,72,MF_AGG3B,KG_PER_CON_USD,2025-03-21T00:00:00,2023,2015,2.40793
2013,A,0,WESR / Global Material Flows Database,EN_MAT_DOMCMPG,72,MF_AGG3B,KG_PER_CON_USD,2025-03-21T00:00:00,2023,2015,2.39008
2014,A,0,WESR / Global Material Flows Database,EN_MAT_DOMCMPG,72,MF_AGG3B,KG_PER_CON_USD,2025-03-21T00:00:00,2023,2015,2.45779
2015,A,0,WESR / Global Material Flows Database,EN_MAT_DOMCMPG,72,MF_AGG3B,KG_PER_CON_USD,2025-03-21T00:00:00,2023,2015,2.17889
2016,A,0,WESR / Global Material Flows Database,EN_MAT_DOMCMPG,72,MF_AGG3B,KG_PER_CON_USD,2025-03-21T00:00:00,2023,2015,2.04206
2017,A,0,WESR / Global Material Flows Database,EN_MAT_DOMCMPG,72,MF_AGG3B,KG_PER_CON_USD,2025-03-21T00:00:00,2023,2015,2.14558
2018,A,0,WESR / Global Material Flows Database,EN_MAT_DOMCMPG,72,MF_AGG3B,KG_PER_CON_USD,2025-03-21T00:00:00,2023,2015,2.19078
2019,A,0,WESR / Global Material Flows Database,EN_MAT_DOMCMPG,72,MF_AGG3B,KG_PER_CON_USD,2025-03-21T00:00:00,2023,2015,2.06925
2020,A,0,WESR / Global Material Flows Database,EN_MAT_DOMCMPG,72,MF_AGG3B,KG_PER_CON_USD,2025-03-21T00:00:00,2023,2015,1.62037
2021,A,0,WESR / Global Material Flows Database,EN_MAT_DOMCMPG,72,MF_AGG3B,KG_PER_CON_USD,2025-03-21T00:00:00,2023,2015,1.53281
2022,A,0,WESR / Global Material Flows Database,EN_MAT_DOMCMPG,72,MF_AGG3B,KG_PER_CON_USD,2025-03-21T00:00:00,2023,2015,1.50408
2023,A,0,WESR / Global Material Flows Database,EN_MAT_DOMCMPG,72,MF_AGG3B,KG_PER_CON_USD,2025-03-21T00:00:00,2023,2015,1.47773
2000,A,0,WESR / Global Material Flows Database,EN_MAT_DOMCMPG,72,MF1,KG_PER_CON_USD,2025-03-21T00:00:00,2023,2015,0.90177
2001,A,0,WESR / Global Material Flows Database,EN_MAT_DOMCMPG,72,MF1,KG_PER_CON_USD,2025-03-21T00:00:00,2023,2015,0.85893
2002,A,0,WESR / Global Material Flows Database,EN_MAT_DOMCMPG,72,MF1,KG_PER_CON_USD,2025-03-21T00:00:00,2023,2015,0.72314
2003,A,0,WESR / Global Material Flows Database,EN_MAT_DOMCMPG,72,MF1,KG_PER_CON_USD,2025-03-21T00:00:00,2023,2015,0.67136
2004,A,0,WESR / Global Material Flows Database,EN_MAT_DOMCMPG,72,MF1,KG_PER_CON_USD,2025-03-21T00:00:00,2023,2015,0.66571
2005,A,0,WESR / Global Material Flows Database,EN_MAT_DOMCMPG,72,MF1,KG_PER_CON_USD,2025-03-21T00:00:00,2023,2015,0.66983
2006,A,0,WESR / Global Material Flows Database,EN_MAT_DOMCMPG,72,MF1,KG_PER_CON_USD,2025-03-21T00:00:00,2023,2015,0.62905
2007,A,0,WESR / Global Material Flows Database,EN_MAT_DOMCMPG,72,MF1,KG_PER_CON_USD,2025-03-21T00:00:00,2023,2015,0.58931
2008,A,0,WESR / Global Material Flows Database,EN_MAT_DOMCMPG,72,MF1,KG_PER_CON_USD,2025-03-21T00:00:00,2023,2015,0.59875
2009,A,0,WESR / Global Material Flows Database,EN_MAT_DOMCMPG,72,MF1,KG_PER_CON_USD,2025-03-21T00:00:00,2023,2015,0.7501
2010,A,0,WESR / Global Material Flows Database,EN_MAT_DOMCMPG,72,MF1,KG_PER_CON_USD,2025-03-21T00:00:00,2023,2015,0.73179
2011,A,0,WESR / Global Material Flows Database,EN_MAT_DOMCMPG,72,MF1,KG_PER_CON_USD,2025-03-21T00:00:00,2023,2015,0.66929
2012,A,0,WESR / Global Material Flows Database,EN_MAT_DOMCMPG,72,MF1,KG_PER_CON_USD,2025-03-21T00:00:00,2023,2015,0.59931
2013,A,0,WESR / Global Material Flows Database,EN_MAT_DOMCMPG,72,MF1,KG_PER_CON_USD,2025-03-21T00:00:00,2023,2015,0.51809
2014,A,0,WESR / Global Material Flows Database,EN_MAT_DOMCMPG,72,MF1,KG_PER_CON_USD,2025-03-21T00:00:00,2023,2015,0.41754
2015,A,0,WESR / Global Material Flows Database,EN_MAT_DOMCMPG,72,MF1,KG_PER_CON_USD,2025-03-21T00:00:00,2023,2015,0.44925
2016,A,0,WESR / Global Material Flows Database,EN_MAT_DOMCMPG,72,MF1,KG_PER_CON_USD,2025-03-21T00:00:00,2023,2015,0.39092
2017,A,0,WESR / Global Material Flows Database,EN_MAT_DOMCMPG,72,MF1,KG_PER_CON_USD,2025-03-21T00:00:00,2023,2015,0.3005
2018,A,0,WESR / Global Material Flows Database,EN_MAT_DOMCMPG,72,MF1,KG_PER_CON_USD,2025-03-21T00:00:00,2023,2015,0.31118
2019,A,0,WESR / Global Material Flows Database,EN_MAT_DOMCMPG,72,MF1,KG_PER_CON_USD,2025-03-21T00:00:00,2023,2015,0.28575
2020,A,0,WESR / Global Material Flows Database,EN_MAT_DOMCMPG,72,MF1,KG_PER_CON_USD,2025-03-21T00:00:00,2023,2015,0.32318
2021,A,0,WESR / Global Material Flows Database,EN_MAT_DOMCMPG,72,MF1,KG_PER_CON_USD,2025-03-21T00:00:00,2023,2015,0.29949
2022,A,0,WESR / Global Material Flows Database,EN_MAT_DOMCMPG,72,MF1,KG_PER_CON_USD,2025-03-21T00:00:00,2023,2015,0.28672
2023,A,0,WESR / Global Material Flows Database,EN_MAT_DOMCMPG,72,MF1,KG_PER_CON_USD,2025-03-21T00:00:00,2023,2015,0.27512
2000,A,0,WESR / Global Material Flows Database,EN_MAT_DOMCMPG,72,MF11,KG_PER_CON_USD,2025-03-21T00:00:00,2023,2015,0.06732
2001,A,0,WESR / Global Material Flows Database,EN_MAT_DOMCMPG,72,MF11,KG_PER_CON_USD,2025-03-21T00:00:00,2023,2015,0.05772
2002,A,0,WESR / Global Material Flows Database,EN_MAT_DOMCMPG,72,MF11,KG_PER_CON_USD,2025-03-21T00:00:00,2023,2015,0.06946
2003,A,0,WESR / Global Material Flows Database,EN_MAT_DOMCMPG,72,MF11,KG_PER_CON_USD,2025-03-21T00:00:00,2023,2015,0.04904
2004,A,0,WESR / Global Material Flows Database,EN_MAT_DOMCMPG,72,MF11,KG_PER_CON_USD,2025-03-21T00:00:00,2023,2015,0.05006
2005,A,0,WESR / Global Material Flows Database,EN_MAT_DOMCMPG,72,MF11,KG_PER_CON_USD,2025-03-21T00:00:00,2023,2015,0.04922
2006,A,0,WESR / Global Material Flows Database,EN_MAT_DOMCMPG,72,MF11,KG_PER_CON_USD,2025-03-21T00:00:00,2023,2015,0.04725
2007,A,0,WESR / Global Material Flows Database,EN_MAT_DOMCMPG,72,MF11,KG_PER_CON_USD,2025-03-21T00:00:00,2023,2015,0.04919
2008,A,0,WESR / Global Material Flows Database,EN_MAT_DOMCMPG,72,MF11,KG_PER_CON_USD,2025-03-21T00:00:00,2023,2015,0.05237
2009,A,0,WESR / Global Material Flows Database,EN_MAT_DOMCMPG,72,MF11,KG_PER_CON_USD,2025-03-21T00:00:00,2023,2015,0.06314
2010,A,0,WESR / Global Material Flows Database,EN_MAT_DOMCMPG,72,MF11,KG_PER_CON_USD,2025-03-21T00:00:00,2023,2015,0.06842
2011,A,0,WESR / Global Material Flows Database,EN_MAT_DOMCMPG,72,MF11,KG_PER_CON_USD,2025-03-21T00:00:00,2023,2015,0.05721
2012,A,0,WESR / Global Material Flows Database,EN_MAT_DOMCMPG,72,MF11,KG_PER_CON_USD,2025-03-21T00:00:00,2023,2015,0.0602
2013,A,0,WESR / Global Material Flows Database,EN_MAT_DOMCMPG,72,MF11,KG_PER_CON_USD,2025-03-21T00:00:00,2023,2015,0.06228
2014,A,0,WESR / Global Material Flows Database,EN_MAT_DOMCMPG,72,MF11,KG_PER_CON_USD,2025-03-21T00:00:00,2023,2015,0.05959
2015,A,0,WESR / Global Material Flows Database,EN_MAT_DOMCMPG,72,MF11,KG_PER_CON_USD,2025-03-21T00:00:00,2023,2015,0.06714
2016,A,0,WESR / Global Material Flows Database,EN_MAT_DOMCMPG,72,MF11,KG_PER_CON_USD,2025-03-21T00:00:00,2023,2015,0.06169
2017,A,0,WESR / Global Material Flows Database,EN_MAT_DOMCMPG,72,MF11,KG_PER_CON_USD,2025-03-21T00:00:00,2023,2015,0.05481
2018,A,0,WESR / Global Material Flows Database,EN_MAT_DOMCMPG,72,MF11,KG_PER_CON_USD,2025-03-21T00:00:00,2023,2015,0.0623
2019,A,0,WESR / Global Material Flows Database,EN_MAT_DOMCMPG,72,MF11,KG_PER_CON_USD,2025-03-21T00:00:00,2023,2015,0.06311
2020,A,0,WESR / Global Material Flows Database,EN_MAT_DOMCMPG,72,MF11,KG_PER_CON_USD,2025-03-21T00:00:00,2023,2015,0.07916
2021,A,0,WESR / Global Material Flows Database,EN_MAT_DOMCMPG,72,MF11,KG_PER_CON_USD,2025-03-21T00:00:00,2023,2015,0.06553
2022,A,0,WESR / Global Material Flows Database,EN_MAT_DOMCMPG,72,MF11,KG_PER_CON_USD,2025-03-21T00:00:00,2023,2015,0.06333
2023,A,0,WESR / Global Material Flows Database,EN_MAT_DOMCMPG,72,MF11,KG_PER_CON_USD,2025-03-21T00:00:00,2023,2015,0.06151
2000,A,0,WESR / Global Material Flows Database,EN_MAT_DOMCMPG,72,MF121,KG_PER_CON_USD,2025-03-21T00:00:00,2023,2015,0.01742
2001,A,0,WESR / Global Material Flows Database,EN_MAT_DOMCMPG,72,MF121,KG_PER_CON_USD,2025-03-21T00:00:00,2023,2015,0.01751
2002,A,0,WESR / Global Material Flows Database,EN_MAT_DOMCMPG,72,MF121,KG_PER_CON_USD,2025-03-21T00:00:00,2023,2015,0.02067
2003,A,0,WESR / Global Material Flows Database,EN_MAT_DOMCMPG,72,MF121,KG_PER_CON_USD,2025-03-21T00:00:00,2023,2015,0.02035
2004,A,0,WESR / Global Material Flows Database,EN_MAT_DOMCMPG,72,MF121,KG_PER_CON_USD,2025-03-21T00:00:00,2023,2015,0.01689
2005,A,0,WESR / Global Material Flows Database,EN_MAT_DOMCMPG,72,MF121,KG_PER_CON_USD,2025-03-21T00:00:00,2023,2015,0.01936
2006,A,0,WESR / Global Material Flows Database,EN_MAT_DOMCMPG,72,MF121,KG_PER_CON_USD,2025-03-21T00:00:00,2023,2015,0.01984
2007,A,0,WESR / Global Material Flows Database,EN_MAT_DOMCMPG,72,MF121,KG_PER_CON_USD,2025-03-21T00:00:00,2023,2015,0.01521
2008,A,0,WESR / Global Material Flows Database,EN_MAT_DOMCMPG,72,MF121,KG_PER_CON_USD,2025-03-21T00:00:00,2023,2015,0.01673
2009,A,0,WESR / Global Material Flows Database,EN_MAT_DOMCMPG,72,MF121,KG_PER_CON_USD,2025-03-21T00:00:00,2023,2015,0.02449
2010,A,0,WESR / Global Material Flows Database,EN_MAT_DOMCMPG,72,MF121,KG_PER_CON_USD,2025-03-21T00:00:00,2023,2015,0.02147
2011,A,0,WESR / Global Material Flows Database,EN_MAT_DOMCMPG,72,MF121,KG_PER_CON_USD,2025-03-21T00:00:00,2023,2015,0.02713
2012,A,0,WESR / Global Material Flows Database,EN_MAT_DOMCMPG,72,MF121,KG_PER_CON_USD,2025-03-21T00:00:00,2023,2015,0.01677
2013,A,0,WESR / Global Material Flows Database,EN_MAT_DOMCMPG,72,MF121,KG_PER_CON_USD,2025-03-21T00:00:00,2023,2015,0.01069
2014,A,0,WESR / Global Material Flows Database,EN_MAT_DOMCMPG,72,MF121,KG_PER_CON_USD,2025-03-21T00:00:00,2023,2015,0.01703
2015,A,0,WESR / Global Material Flows Database,EN_MAT_DOMCMPG,72,MF121,KG_PER_CON_USD,2025-03-21T00:00:00,2023,2015,0.01667
2016,A,0,WESR / Global Material Flows Database,EN_MAT_DOMCMPG,72,MF121,KG_PER_CON_USD,2025-03-21T00:00:00,2023,2015,0.01614
2017,A,0,WESR / Global Material Flows Database,EN_MAT_DOMCMPG,72,MF121,KG_PER_CON_USD,2025-03-21T00:00:00,2023,2015,0.01081
2018,A,0,WESR / Global Material Flows Database,EN_MAT_DOMCMPG,72,MF121,KG_PER_CON_USD,2025-03-21T00:00:00,2023,2015,0.02272
2019,A,0,WESR / Global Material Flows Database,EN_MAT_DOMCMPG,72,MF121,KG_PER_CON_USD,2025-03-21T00:00:00,2023,2015,0.01517
2020,A,0,WESR / Global Material Flows Database,EN_MAT_DOMCMPG,72,MF121,KG_PER_CON_USD,2025-03-21T00:00:00,2023,2015,0.04106
2021,A,0,WESR / Global Material Flows Database,EN_MAT_DOMCMPG,72,MF121,KG_PER_CON_USD,2025-03-21T00:00:00,2023,2015,0.02874
2022,A,0,WESR / Global Material Flows Database,EN_MAT_DOMCMPG,72,MF121,KG_PER_CON_USD,2025-03-21T00:00:00,2023,2015,0.02764
2023,A,0,WESR / Global Material Flows Database,EN_MAT_DOMCMPG,72,MF121,KG_PER_CON_USD,2025-03-21T00:00:00,2023,2015,0.02693
2000,A,0,WESR / Global Material Flows Database,EN_MAT_DOMCMPG,72,MF122,KG_PER_CON_USD,2025-03-21T00:00:00,2023,2015,0.7567
2001,A,0,WESR / Global Material Flows Database,EN_MAT_DOMCMPG,72,MF122,KG_PER_CON_USD,2025-03-21T00:00:00,2023,2015,0.72319
2002,A,0,WESR / Global Material Flows Database,EN_MAT_DOMCMPG,72,MF122,KG_PER_CON_USD,2025-03-21T00:00:00,2023,2015,0.57537
2003,A,0,WESR / Global Material Flows Database,EN_MAT_DOMCMPG,72,MF122,KG_PER_CON_USD,2025-03-21T00:00:00,2023,2015,0.54632
2004,A,0,WESR / Global Material Flows Database,EN_MAT_DOMCMPG,72,MF122,KG_PER_CON_USD,2025-03-21T00:00:00,2023,2015,0.54395
2005,A,0,WESR / Global Material Flows Database,EN_MAT_DOMCMPG,72,MF122,KG_PER_CON_USD,2025-03-21T00:00:00,2023,2015,0.54814
2006,A,0,WESR / Global Material Flows Database,EN_MAT_DOMCMPG,72,MF122,KG_PER_CON_USD,2025-03-21T00:00:00,2023,2015,0.51251
2007,A,0,WESR / Global Material Flows Database,EN_MAT_DOMCMPG,72,MF122,KG_PER_CON_USD,2025-03-21T00:00:00,2023,2015,0.47794
2008,A,0,WESR / Global Material Flows Database,EN_MAT_DOMCMPG,72,MF122,KG_PER_CON_USD,2025-03-21T00:00:00,2023,2015,0.48386
2009,A,0,WESR / Global Material Flows Database,EN_MAT_DOMCMPG,72,MF122,KG_PER_CON_USD,2025-03-21T00:00:00,2023,2015,0.60685
2010,A,0,WESR / Global Material Flows Database,EN_MAT_DOMCMPG,72,MF122,KG_PER_CON_USD,2025-03-21T00:00:00,2023,2015,0.59053
2011,A,0,WESR / Global Material Flows Database,EN_MAT_DOMCMPG,72,MF122,KG_PER_CON_USD,2025-03-21T00:00:00,2023,2015,0.53506
2012,A,0,WESR / Global Material Flows Database,EN_MAT_DOMCMPG,72,MF122,KG_PER_CON_USD,2025-03-21T00:00:00,2023,2015,0.47211
2013,A,0,WESR / Global Material Flows Database,EN_MAT_DOMCMPG,72,MF122,KG_PER_CON_USD,2025-03-21T00:00:00,2023,2015,0.40043
2014,A,0,WESR / Global Material Flows Database,EN_MAT_DOMCMPG,72,MF122,KG_PER_CON_USD,2025-03-21T00:00:00,2023,2015,0.29818
2015,A,0,WESR / Global Material Flows Database,EN_MAT_DOMCMPG,72,MF122,KG_PER_CON_USD,2025-03-21T00:00:00,2023,2015,0.3217
2016,A,0,WESR / Global Material Flows Database,EN_MAT_DOMCMPG,72,MF122,KG_PER_CON_USD,2025-03-21T00:00:00,2023,2015,0.27119
2017,A,0,WESR / Global Material Flows Database,EN_MAT_DOMCMPG,72,MF122,KG_PER_CON_USD,2025-03-21T00:00:00,2023,2015,0.19463
2018,A,0,WESR / Global Material Flows Database,EN_MAT_DOMCMPG,72,MF122,KG_PER_CON_USD,2025-03-21T00:00:00,2023,2015,0.18507
2019,A,0,WESR / Global Material Flows Database,EN_MAT_DOMCMPG,72,MF122,KG_PER_CON_USD,2025-03-21T00:00:00,2023,2015,0.16507
2020,A,0,WESR / Global Material Flows Database,EN_MAT_DOMCMPG,72,MF122,KG_PER_CON_USD,2025-03-21T00:00:00,2023,2015,0.15843
2021,A,0,WESR / Global Material Flows Database,EN_MAT_DOMCMPG,72,MF122,KG_PER_CON_USD,2025-03-21T00:00:00,2023,2015,0.16626
2022,A,0,WESR / Global Material Flows Database,EN_MAT_DOMCMPG,72,MF122,KG_PER_CON_USD,2025-03-21T00:00:00,2023,2015,0.15992
2023,A,0,WESR / Global Material Flows Database,EN_MAT_DOMCMPG,72,MF122,KG_PER_CON_USD,2025-03-21T00:00:00,2023,2015,0.15366
2000,A,0,WESR / Global Material Flows Database,EN_MAT_DOMCMPG,72,MF13,KG_PER_CON_USD,2025-03-21T00:00:00,2023,2015,0.06019
2001,A,0,WESR / Global Material Flows Database,EN_MAT_DOMCMPG,72,MF13,KG_PER_CON_USD,2025-03-21T00:00:00,2023,2015,0.06038
2002,A,0,WESR / Global Material Flows Database,EN_MAT_DOMCMPG,72,MF13,KG_PER_CON_USD,2025-03-21T00:00:00,2023,2015,0.05753
2003,A,0,WESR / Global Material Flows Database,EN_MAT_DOMCMPG,72,MF13,KG_PER_CON_USD,2025-03-21T00:00:00,2023,2015,0.05558
2004,A,0,WESR / Global Material Flows Database,EN_MAT_DOMCMPG,72,MF13,KG_PER_CON_USD,2025-03-21T00:00:00,2023,2015,0.05473
2005,A,0,WESR / Global Material Flows Database,EN_MAT_DOMCMPG,72,MF13,KG_PER_CON_USD,2025-03-21T00:00:00,2023,2015,0.05296
2006,A,0,WESR / Global Material Flows Database,EN_MAT_DOMCMPG,72,MF13,KG_PER_CON_USD,2025-03-21T00:00:00,2023,2015,0.04935
2007,A,0,WESR / Global Material Flows Database,EN_MAT_DOMCMPG,72,MF13,KG_PER_CON_USD,2025-03-21T00:00:00,2023,2015,0.04688
2008,A,0,WESR / Global Material Flows Database,EN_MAT_DOMCMPG,72,MF13,KG_PER_CON_USD,2025-03-21T00:00:00,2023,2015,0.04568
2009,A,0,WESR / Global Material Flows Database,EN_MAT_DOMCMPG,72,MF13,KG_PER_CON_USD,2025-03-21T00:00:00,2023,2015,0.05529
2010,A,0,WESR / Global Material Flows Database,EN_MAT_DOMCMPG,72,MF13,KG_PER_CON_USD,2025-03-21T00:00:00,2023,2015,0.05113
2011,A,0,WESR / Global Material Flows Database,EN_MAT_DOMCMPG,72,MF13,KG_PER_CON_USD,2025-03-21T00:00:00,2023,2015,0.04961
2012,A,0,WESR / Global Material Flows Database,EN_MAT_DOMCMPG,72,MF13,KG_PER_CON_USD,2025-03-21T00:00:00,2023,2015,0.04984
2013,A,0,WESR / Global Material Flows Database,EN_MAT_DOMCMPG,72,MF13,KG_PER_CON_USD,2025-03-21T00:00:00,2023,2015,0.04427
2014,A,0,WESR / Global Material Flows Database,EN_MAT_DOMCMPG,72,MF13,KG_PER_CON_USD,2025-03-21T00:00:00,2023,2015,0.04233
2015,A,0,WESR / Global Material Flows Database,EN_MAT_DOMCMPG,72,MF13,KG_PER_CON_USD,2025-03-21T00:00:00,2023,2015,0.04339
2016,A,0,WESR / Global Material Flows Database,EN_MAT_DOMCMPG,72,MF13,KG_PER_CON_USD,2025-03-21T00:00:00,2023,2015,0.04186
2017,A,0,WESR / Global Material Flows Database,EN_MAT_DOMCMPG,72,MF13,KG_PER_CON_USD,2025-03-21T00:00:00,2023,2015,0.04
2018,A,0,WESR / Global Material Flows Database,EN_MAT_DOMCMPG,72,MF13,KG_PER_CON_USD,2025-03-21T00:00:00,2023,2015,0.041
2019,A,0,WESR / Global Material Flows Database,EN_MAT_DOMCMPG,72,MF13,KG_PER_CON_USD,2025-03-21T00:00:00,2023,2015,0.04232
2020,A,0,WESR / Global Material Flows Database,EN_MAT_DOMCMPG,72,MF13,KG_PER_CON_USD,2025-03-21T00:00:00,2023,2015,0.04434
2021,A,0,WESR / Global Material Flows Database,EN_MAT_DOMCMPG,72,MF13,KG_PER_CON_USD,2025-03-21T00:00:00,2023,2015,0.03879
2022,A,0,WESR / Global Material Flows Database,EN_MAT_DOMCMPG,72,MF13,KG_PER_CON_USD,2025-03-21T00:00:00,2023,2015,0.03567
2023,A,0,WESR / Global Material Flows Database,EN_MAT_DOMCMPG,72,MF13,KG_PER_CON_USD,2025-03-21T00:00:00,2023,2015,0.03286
2000,A,0,WESR / Global Material Flows Database,EN_MAT_DOMCMPG,72,MF14,KG_PER_CON_USD,2025-03-21T00:00:00,2023,2015,0.00013
2001,A,0,WESR / Global Material Flows Database,EN_MAT_DOMCMPG,72,MF14,KG_PER_CON_USD,2025-03-21T00:00:00,2023,2015,0.00013
2002,A,0,WESR / Global Material Flows Database,EN_MAT_DOMCMPG,72,MF14,KG_PER_CON_USD,2025-03-21T00:00:00,2023,2015,0.00012
2003,A,0,WESR / Global Material Flows Database,EN_MAT_DOMCMPG,72,MF14,KG_PER_CON_USD,2025-03-21T00:00:00,2023,2015,7e-05
2004,A,0,WESR / Global Material Flows Database,EN_MAT_DOMCMPG,72,MF14,KG_PER_CON_USD,2025-03-21T00:00:00,2023,2015,8e-05
2005,A,0,WESR / Global Material Flows Database,EN_MAT_DOMCMPG,72,MF14,KG_PER_CON_USD,2025-03-21T00:00:00,2023,2015,0.00015
2006,A,0,WESR / Global Material Flows Database,EN_MAT_DOMCMPG,72,MF14,KG_PER_CON_USD,2025-03-21T00:00:00,2023,2015,0.0001
2007,A,0,WESR / Global Material Flows Database,EN_MAT_DOMCMPG,72,MF14,KG_PER_CON_USD,2025-03-21T00:00:00,2023,2015,9e-05
2008,A,0,WESR / Global Material Flows Database,EN_MAT_DOMCMPG,72,MF14,KG_PER_CON_USD,2025-03-21T00:00:00,2023,2015,0.00011
2009,A,0,WESR / Global Material Flows Database,EN_MAT_DOMCMPG,72,MF14,KG_PER_CON_USD,2025-03-21T00:00:00,2023,2015,0.00033
2010,A,0,WESR / Global Material Flows Database,EN_MAT_DOMCMPG,72,MF14,KG_PER_CON_USD,2025-03-21T00:00:00,2023,2015,0.00024
2011,A,0,WESR / Global Material Flows Database,EN_MAT_DOMCMPG,72,MF14,KG_PER_CON_USD,2025-03-21T00:00:00,2023,2015,0.00028
2012,A,0,WESR / Global Material Flows Database,EN_MAT_DOMCMPG,72,MF14,KG_PER_CON_USD,2025-03-21T00:00:00,2023,2015,0.00038
2013,A,0,WESR / Global Material Flows Database,EN_MAT_DOMCMPG,72,MF14,KG_PER_CON_USD,2025-03-21T00:00:00,2023,2015,0.0004
2014,A,0,WESR / Global Material Flows Database,EN_MAT_DOMCMPG,72,MF14,KG_PER_CON_USD,2025-03-21T00:00:00,2023,2015,0.0004
2015,A,0,WESR / Global Material Flows Database,EN_MAT_DOMCMPG,72,MF14,KG_PER_CON_USD,2025-03-21T00:00:00,2023,2015,0.00035
2016,A,0,WESR / Global Material Flows Database,EN_MAT_DOMCMPG,72,MF14,KG_PER_CON_USD,2025-03-21T00:00:00,2023,2015,4e-05
2017,A,0,WESR / Global Material Flows Database,EN_MAT_DOMCMPG,72,MF14,KG_PER_CON_USD,2025-03-21T00:00:00,2023,2015,0.00026
2018,A,0,WESR / Global Material Flows Database,EN_MAT_DOMCMPG,72,MF14,KG_PER_CON_USD,2025-03-21T00:00:00,2023,2015,9e-05
2019,A,0,WESR / Global Material Flows Database,EN_MAT_DOMCMPG,72,MF14,KG_PER_CON_USD,2025-03-21T00:00:00,2023,2015,9e-05
2020,A,0,WESR / Global Material Flows Database,EN_MAT_DOMCMPG,72,MF14,KG_PER_CON_USD,2025-03-21T00:00:00,2023,2015,0.00018
2021,A,0,WESR / Global Material Flows Database,EN_MAT_DOMCMPG,72,MF14,KG_PER_CON_USD,2025-03-21T00:00:00,2023,2015,0.00017
2022,A,0,WESR / Global Material Flows Database,EN_MAT_DOMCMPG,72,MF14,KG_PER_CON_USD,2025-03-21T00:00:00,2023,2015,0.00017
2023,A,0,WESR / Global Material Flows Database,EN_MAT_DOMCMPG,72,MF14,KG_PER_CON_USD,2025-03-21T00:00:00,2023,2015,0.00016
2000,A,0,WESR / Global Material Flows Database,EN_MAT_DOMCMPG,72,MF2,KG_PER_CON_USD,2025-03-21T00:00:00,2023,2015,0.55151
2001,A,0,WESR / Global Material Flows Database,EN_MAT_DOMCMPG,72,MF2,KG_PER_CON_USD,2025-03-21T00:00:00,2023,2015,0.59822
2002,A,0,WESR / Global Material Flows Database,EN_MAT_DOMCMPG,72,MF2,KG_PER_CON_USD,2025-03-21T00:00:00,2023,2015,0.68431
2003,A,0,WESR / Global Material Flows Database,EN_MAT_DOMCMPG,72,MF2,KG_PER_CON_USD,2025-03-21T00:00:00,2023,2015,0.77365
2004,A,0,WESR / Global Material Flows Database,EN_MAT_DOMCMPG,72,MF2,KG_PER_CON_USD,2025-03-21T00:00:00,2023,2015,0.67078
2005,A,0,WESR / Global Material Flows Database,EN_MAT_DOMCMPG,72,MF2,KG_PER_CON_USD,2025-03-21T00:00:00,2023,2015,0.90225
2006,A,0,WESR / Global Material Flows Database,EN_MAT_DOMCMPG,72,MF2,KG_PER_CON_USD,2025-03-21T00:00:00,2023,2015,0.85393
2007,A,0,WESR / Global Material Flows Database,EN_MAT_DOMCMPG,72,MF2,KG_PER_CON_USD,2025-03-21T00:00:00,2023,2015,0.69096
2008,A,0,WESR / Global Material Flows Database,EN_MAT_DOMCMPG,72,MF2,KG_PER_CON_USD,2025-03-21T00:00:00,2023,2015,0.84922
2009,A,0,WESR / Global Material Flows Database,EN_MAT_DOMCMPG,72,MF2,KG_PER_CON_USD,2025-03-21T00:00:00,2023,2015,0.93009
2010,A,0,WESR / Global Material Flows Database,EN_MAT_DOMCMPG,72,MF2,KG_PER_CON_USD,2025-03-21T00:00:00,2023,2015,0.80195
2011,A,0,WESR / Global Material Flows Database,EN_MAT_DOMCMPG,72,MF2,KG_PER_CON_USD,2025-03-21T00:00:00,2023,2015,0.60769
2012,A,0,WESR / Global Material Flows Database,EN_MAT_DOMCMPG,72,MF2,KG_PER_CON_USD,2025-03-21T00:00:00,2023,2015,0.68443
2013,A,0,WESR / Global Material Flows Database,EN_MAT_DOMCMPG,72,MF2,KG_PER_CON_USD,2025-03-21T00:00:00,2023,2015,0.74314
2014,A,0,WESR / Global Material Flows Database,EN_MAT_DOMCMPG,72,MF2,KG_PER_CON_USD,2025-03-21T00:00:00,2023,2015,0.5436
2015,A,0,WESR / Global Material Flows Database,EN_MAT_DOMCMPG,72,MF2,KG_PER_CON_USD,2025-03-21T00:00:00,2023,2015,0.42403
2016,A,0,WESR / Global Material Flows Database,EN_MAT_DOMCMPG,72,MF2,KG_PER_CON_USD,2025-03-21T00:00:00,2023,2015,0.34681
2017,A,0,WESR / Global Material Flows Database,EN_MAT_DOMCMPG,72,MF2,KG_PER_CON_USD,2025-03-21T00:00:00,2023,2015,0.25728
2018,A,0,WESR / Global Material Flows Database,EN_MAT_DOMCMPG,72,MF2,KG_PER_CON_USD,2025-03-21T00:00:00,2023,2015,0.24697
2019,A,0,WESR / Global Material Flows Database,EN_MAT_DOMCMPG,72,MF2,KG_PER_CON_USD,2025-03-21T00:00:00,2023,2015,0.22941
2020,A,0,WESR / Global Material Flows Database,EN_MAT_DOMCMPG,72,MF2,KG_PER_CON_USD,2025-03-21T00:00:00,2023,2015,0.04419
2021,A,0,WESR / Global Material Flows Database,EN_MAT_DOMCMPG,72,MF2,KG_PER_CON_USD,2025-03-21T00:00:00,2023,2015,0.04123
2022,A,0,WESR / Global Material Flows Database,EN_MAT_DOMCMPG,72,MF2,KG_PER_CON_USD,2025-03-21T00:00:00,2023,2015,0.04109
2023,A,0,WESR / Global Material Flows Database,EN_MAT_DOMCMPG,72,MF2,KG_PER_CON_USD,2025-03-21T00:00:00,2023,2015,0.04149
2000,A,0,WESR / Global Material Flows Database,EN_MAT_DOMCMPG,72,MF21,KG_PER_CON_USD,2025-03-21T00:00:00,2023,2015,0.01257
2001,A,0,WESR / Global Material Flows Database,EN_MAT_DOMCMPG,72,MF21,KG_PER_CON_USD,2025-03-21T00:00:00,2023,2015,0.01669
2002,A,0,WESR / Global Material Flows Database,EN_MAT_DOMCMPG,72,MF21,KG_PER_CON_USD,2025-03-21T00:00:00,2023,2015,0.01719
2003,A,0,WESR / Global Material Flows Database,EN_MAT_DOMCMPG,72,MF21,KG_PER_CON_USD,2025-03-21T00:00:00,2023,2015,0.01013
2004,A,0,WESR / Global Material Flows Database,EN_MAT_DOMCMPG,72,MF21,KG_PER_CON_USD,2025-03-21T00:00:00,2023,2015,0.01028
2005,A,0,WESR / Global Material Flows Database,EN_MAT_DOMCMPG,72,MF21,KG_PER_CON_USD,2025-03-21T00:00:00,2023,2015,0.01058
2006,A,0,WESR / Global Material Flows Database,EN_MAT_DOMCMPG,72,MF21,KG_PER_CON_USD,2025-03-21T00:00:00,2023,2015,0.00997
2007,A,0,WESR / Global Material Flows Database,EN_MAT_DOMCMPG,72,MF21,KG_PER_CON_USD,2025-03-21T00:00:00,2023,2015,0.01202
2008,A,0,WESR / Global Material Flows Database,EN_MAT_DOMCMPG,72,MF21,KG_PER_CON_USD,2025-03-21T00:00:00,2023,2015,0.01426
2009,A,0,WESR / Global Material Flows Database,EN_MAT_DOMCMPG,72,MF21,KG_PER_CON_USD,2025-03-21T00:00:00,2023,2015,0.01325
2010,A,0,WESR / Global Material Flows Database,EN_MAT_DOMCMPG,72,MF21,KG_PER_CON_USD,2025-03-21T00:00:00,2023,2015,0.01746
2011,A,0,WESR / Global Material Flows Database,EN_MAT_DOMCMPG,72,MF21,KG_PER_CON_USD,2025-03-21T00:00:00,2023,2015,0.01545
2012,A,0,WESR / Global Material Flows Database,EN_MAT_DOMCMPG,72,MF21,KG_PER_CON_USD,2025-03-21T00:00:00,2023,2015,0.01196
2013,A,0,WESR / Global Material Flows Database,EN_MAT_DOMCMPG,72,MF21,KG_PER_CON_USD,2025-03-21T00:00:00,2023,2015,0.01161
2014,A,0,WESR / Global Material Flows Database,EN_MAT_DOMCMPG,72,MF21,KG_PER_CON_USD,2025-03-21T00:00:00,2023,2015,0.00839
2015,A,0,WESR / Global Material Flows Database,EN_MAT_DOMCMPG,72,MF21,KG_PER_CON_USD,2025-03-21T00:00:00,2023,2015,0.01051
2016,A,0,WESR / Global Material Flows Database,EN_MAT_DOMCMPG,72,MF21,KG_PER_CON_USD,2025-03-21T00:00:00,2023,2015,0.00974
2017,A,0,WESR / Global Material Flows Database,EN_MAT_DOMCMPG,72,MF21,KG_PER_CON_USD,2025-03-21T00:00:00,2023,2015,0.00732
2018,A,0,WESR / Global Material Flows Database,EN_MAT_DOMCMPG,72,MF21,KG_PER_CON_USD,2025-03-21T00:00:00,2023,2015,0.00557
2019,A,0,WESR / Global Material Flows Database,EN_MAT_DOMCMPG,72,MF21,KG_PER_CON_USD,2025-03-21T00:00:00,2023,2015,0.00931
2020,A,0,WESR / Global Material Flows Database,EN_MAT_DOMCMPG,72,MF21,KG_PER_CON_USD,2025-03-21T00:00:00,2023,2015,0.01023
2021,A,0,WESR / Global Material Flows Database,EN_MAT_DOMCMPG,72,MF21,KG_PER_CON_USD,2025-03-21T00:00:00,2023,2015,0.00954
2022,A,0,WESR / Global Material Flows Database,EN_MAT_DOMCMPG,72,MF21,KG_PER_CON_USD,2025-03-21T00:00:00,2023,2015,0.00944
2023,A,0,WESR / Global Material Flows Database,EN_MAT_DOMCMPG,72,MF21,KG_PER_CON_USD,2025-03-21T00:00:00,2023,2015,0.0094
2000,A,0,WESR / Global Material Flows Database,EN_MAT_DOMCMPG,72,MF22,KG_PER_CON_USD,2025-03-21T00:00:00,2023,2015,0.53894
2001,A,0,WESR / Global Material Flows Database,EN_MAT_DOMCMPG,72,MF22,KG_PER_CON_USD,2025-03-21T00:00:00,2023,2015,0.58154
2002,A,0,WESR / Global Material Flows Database,EN_MAT_DOMCMPG,72,MF22,KG_PER_CON_USD,2025-03-21T00:00:00,2023,2015,0.66712
2003,A,0,WESR / Global Material Flows Database,EN_MAT_DOMCMPG,72,MF22,KG_PER_CON_USD,2025-03-21T00:00:00,2023,2015,0.76351
2004,A,0,WESR / Global Material Flows Database,EN_MAT_DOMCMPG,72,MF22,KG_PER_CON_USD,2025-03-21T00:00:00,2023,2015,0.6605
2005,A,0,WESR / Global Material Flows Database,EN_MAT_DOMCMPG,72,MF22,KG_PER_CON_USD,2025-03-21T00:00:00,2023,2015,0.89167
2006,A,0,WESR / Global Material Flows Database,EN_MAT_DOMCMPG,72,MF22,KG_PER_CON_USD,2025-03-21T00:00:00,2023,2015,0.84396
2007,A,0,WESR / Global Material Flows Database,EN_MAT_DOMCMPG,72,MF22,KG_PER_CON_USD,2025-03-21T00:00:00,2023,2015,0.67894
2008,A,0,WESR / Global Material Flows Database,EN_MAT_DOMCMPG,72,MF22,KG_PER_CON_USD,2025-03-21T00:00:00,2023,2015,0.83496
2009,A,0,WESR / Global Material Flows Database,EN_MAT_DOMCMPG,72,MF22,KG_PER_CON_USD,2025-03-21T00:00:00,2023,2015,0.91684
2010,A,0,WESR / Global Material Flows Database,EN_MAT_DOMCMPG,72,MF22,KG_PER_CON_USD,2025-03-21T00:00:00,2023,2015,0.78449
2011,A,0,WESR / Global Material Flows Database,EN_MAT_DOMCMPG,72,MF22,KG_PER_CON_USD,2025-03-21T00:00:00,2023,2015,0.59224
2012,A,0,WESR / Global Material Flows Database,EN_MAT_DOMCMPG,72,MF22,KG_PER_CON_USD,2025-03-21T00:00:00,2023,2015,0.67247
2013,A,0,WESR / Global Material Flows Database,EN_MAT_DOMCMPG,72,MF22,KG_PER_CON_USD,2025-03-21T00:00:00,2023,2015,0.73153
2014,A,0,WESR / Global Material Flows Database,EN_MAT_DOMCMPG,72,MF22,KG_PER_CON_USD,2025-03-21T00:00:00,2023,2015,0.5352
2015,A,0,WESR / Global Material Flows Database,EN_MAT_DOMCMPG,72,MF22,KG_PER_CON_USD,2025-03-21T00:00:00,2023,2015,0.41352
2016,A,0,WESR / Global Material Flows Database,EN_MAT_DOMCMPG,72,MF22,KG_PER_CON_USD,2025-03-21T00:00:00,2023,2015,0.33707
2017,A,0,WESR / Global Material Flows Database,EN_MAT_DOMCMPG,72,MF22,KG_PER_CON_USD,2025-03-21T00:00:00,2023,2015,0.24996
2018,A,0,WESR / Global Material Flows Database,EN_MAT_DOMCMPG,72,MF22,KG_PER_CON_USD,2025-03-21T00:00:00,2023,2015,0.2414
2019,A,0,WESR / Global Material Flows Database,EN_MAT_DOMCMPG,72,MF22,KG_PER_CON_USD,2025-03-21T00:00:00,2023,2015,0.2201
2020,A,0,WESR / Global Material Flows Database,EN_MAT_DOMCMPG,72,MF22,KG_PER_CON_USD,2025-03-21T00:00:00,2023,2015,0.03396
2021,A,0,WESR / Global Material Flows Database,EN_MAT_DOMCMPG,72,MF22,KG_PER_CON_USD,2025-03-21T00:00:00,2023,2015,0.03169
2022,A,0,WESR / Global Material Flows Database,EN_MAT_DOMCMPG,72,MF22,KG_PER_CON_USD,2025-03-21T00:00:00,2023,2015,0.03165
2023,A,0,WESR / Global Material Flows Database,EN_MAT_DOMCMPG,72,MF22,KG_PER_CON_USD,2025-03-21T00:00:00,2023,2015,0.03209
2000,A,0,WESR / Global Material Flows Database,EN_MAT_DOMCMPG,72,MF3,KG_PER_CON_USD,2025-03-21T00:00:00,2023,2015,3.83795
2001,A,0,WESR / Global Material Flows Database,EN_MAT_DOMCMPG,72,MF3,KG_PER_CON_USD,2025-03-21T00:00:00,2023,2015,4.81605
2002,A,0,WESR / Global Material Flows Database,EN_MAT_DOMCMPG,72,MF3,KG_PER_CON_USD,2025-03-21T00:00:00,2023,2015,4.96616
2003,A,0,WESR / Global Material Flows Database,EN_MAT_DOMCMPG,72,MF3,KG_PER_CON_USD,2025-03-21T00:00:00,2023,2015,4.80369
2004,A,0,WESR / Global Material Flows Database,EN_MAT_DOMCMPG,72,MF3,KG_PER_CON_USD,2025-03-21T00:00:00,2023,2015,4.20184
2005,A,0,WESR / Global Material Flows Database,EN_MAT_DOMCMPG,72,MF3,KG_PER_CON_USD,2025-03-21T00:00:00,2023,2015,3.90168
2006,A,0,WESR / Global Material Flows Database,EN_MAT_DOMCMPG,72,MF3,KG_PER_CON_USD,2025-03-21T00:00:00,2023,2015,5.30216
2007,A,0,WESR / Global Material Flows Database,EN_MAT_DOMCMPG,72,MF3,KG_PER_CON_USD,2025-03-21T00:00:00,2023,2015,4.63709
2008,A,0,WESR / Global Material Flows Database,EN_MAT_DOMCMPG,72,MF3,KG_PER_CON_USD,2025-03-21T00:00:00,2023,2015,4.43064
2009,A,0,WESR / Global Material Flows Database,EN_MAT_DOMCMPG,72,MF3,KG_PER_CON_USD,2025-03-21T00:00:00,2023,2015,3.10906
2010,A,0,WESR / Global Material Flows Database,EN_MAT_DOMCMPG,72,MF3,KG_PER_CON_USD,2025-03-21T00:00:00,2023,2015,3.36276
2011,A,0,WESR / Global Material Flows Database,EN_MAT_DOMCMPG,72,MF3,KG_PER_CON_USD,2025-03-21T00:00:00,2023,2015,3.24327
2012,A,0,WESR / Global Material Flows Database,EN_MAT_DOMCMPG,72,MF3,KG_PER_CON_USD,2025-03-21T00:00:00,2023,2015,2.90062
2013,A,0,WESR / Global Material Flows Database,EN_MAT_DOMCMPG,72,MF3,KG_PER_CON_USD,2025-03-21T00:00:00,2023,2015,2.838
2014,A,0,WESR / Global Material Flows Database,EN_MAT_DOMCMPG,72,MF3,KG_PER_CON_USD,2025-03-21T00:00:00,2023,2015,2.73723
2015,A,0,WESR / Global Material Flows Database,EN_MAT_DOMCMPG,72,MF3,KG_PER_CON_USD,2025-03-21T00:00:00,2023,2015,2.20015
2016,A,0,WESR / Global Material Flows Database,EN_MAT_DOMCMPG,72,MF3,KG_PER_CON_USD,2025-03-21T00:00:00,2023,2015,2.06601
2017,A,0,WESR / Global Material Flows Database,EN_MAT_DOMCMPG,72,MF3,KG_PER_CON_USD,2025-03-21T00:00:00,2023,2015,2.15997
2018,A,0,WESR / Global Material Flows Database,EN_MAT_DOMCMPG,72,MF3,KG_PER_CON_USD,2025-03-21T00:00:00,2023,2015,2.20458
2019,A,0,WESR / Global Material Flows Database,EN_MAT_DOMCMPG,72,MF3,KG_PER_CON_USD,2025-03-21T00:00:00,2023,2015,2.08277
2020,A,0,WESR / Global Material Flows Database,EN_MAT_DOMCMPG,72,MF3,KG_PER_CON_USD,2025-03-21T00:00:00,2023,2015,1.63558
2021,A,0,WESR / Global Material Flows Database,EN_MAT_DOMCMPG,72,MF3,KG_PER_CON_USD,2025-03-21T00:00:00,2023,2015,1.54727
2022,A,0,WESR / Global Material Flows Database,EN_MAT_DOMCMPG,72,MF3,KG_PER_CON_USD,2025-03-21T00:00:00,2023,2015,1.5183
2023,A,0,WESR / Global Material Flows Database,EN_MAT_DOMCMPG,72,MF3,KG_PER_CON_USD,2025-03-21T00:00:00,2023,2015,1.49171
2000,A,0,WESR / Global Material Flows Database,EN_MAT_DOMCMPG,72,MF4,KG_PER_CON_USD,2025-03-21T00:00:00,2023,2015,0.11153
2001,A,0,WESR / Global Material Flows Database,EN_MAT_DOMCMPG,72,MF4,KG_PER_CON_USD,2025-03-21T00:00:00,2023,2015,0.10953
2002,A,0,WESR / Global Material Flows Database,EN_MAT_DOMCMPG,72,MF4,KG_PER_CON_USD,2025-03-21T00:00:00,2023,2015,0.10644
2003,A,0,WESR / Global Material Flows Database,EN_MAT_DOMCMPG,72,MF4,KG_PER_CON_USD,2025-03-21T00:00:00,2023,2015,0.08817
2004,A,0,WESR / Global Material Flows Database,EN_MAT_DOMCMPG,72,MF4,KG_PER_CON_USD,2025-03-21T00:00:00,2023,2015,0.09501
2005,A,0,WESR / Global Material Flows Database,EN_MAT_DOMCMPG,72,MF4,KG_PER_CON_USD,2025-03-21T00:00:00,2023,2015,0.09834
2006,A,0,WESR / Global Material Flows Database,EN_MAT_DOMCMPG,72,MF4,KG_PER_CON_USD,2025-03-21T00:00:00,2023,2015,0.08905
2007,A,0,WESR / Global Material Flows Database,EN_MAT_DOMCMPG,72,MF4,KG_PER_CON_USD,2025-03-21T00:00:00,2023,2015,0.07248
2008,A,0,WESR / Global Material Flows Database,EN_MAT_DOMCMPG,72,MF4,KG_PER_CON_USD,2025-03-21T00:00:00,2023,2015,0.07603
2009,A,0,WESR / Global Material Flows Database,EN_MAT_DOMCMPG,72,MF4,KG_PER_CON_USD,2025-03-21T00:00:00,2023,2015,0.07158
2010,A,0,WESR / Global Material Flows Database,EN_MAT_DOMCMPG,72,MF4,KG_PER_CON_USD,2025-03-21T00:00:00,2023,2015,0.08209
2011,A,0,WESR / Global Material Flows Database,EN_MAT_DOMCMPG,72,MF4,KG_PER_CON_USD,2025-03-21T00:00:00,2023,2015,0.05515
2012,A,0,WESR / Global Material Flows Database,EN_MAT_DOMCMPG,72,MF4,KG_PER_CON_USD,2025-03-21T00:00:00,2023,2015,0.11256
2013,A,0,WESR / Global Material Flows Database,EN_MAT_DOMCMPG,72,MF4,KG_PER_CON_USD,2025-03-21T00:00:00,2023,2015,0.10621
2014,A,0,WESR / Global Material Flows Database,EN_MAT_DOMCMPG,72,MF4,KG_PER_CON_USD,2025-03-21T00:00:00,2023,2015,0.10675
2015,A,0,WESR / Global Material Flows Database,EN_MAT_DOMCMPG,72,MF4,KG_PER_CON_USD,2025-03-21T00:00:00,2023,2015,0.13632
2016,A,0,WESR / Global Material Flows Database,EN_MAT_DOMCMPG,72,MF4,KG_PER_CON_USD,2025-03-21T00:00:00,2023,2015,0.11503
2017,A,0,WESR / Global Material Flows Database,EN_MAT_DOMCMPG,72,MF4,KG_PER_CON_USD,2025-03-21T00:00:00,2023,2015,0.13184
2018,A,0,WESR / Global Material Flows Database,EN_MAT_DOMCMPG,72,MF4,KG_PER_CON_USD,2025-03-21T00:00:00,2023,2015,0.1376
2019,A,0,WESR / Global Material Flows Database,EN_MAT_DOMCMPG,72,MF4,KG_PER_CON_USD,2025-03-21T00:00:00,2023,2015,0.11144
2020,A,0,WESR / Global Material Flows Database,EN_MAT_DOMCMPG,72,MF4,KG_PER_CON_USD,2025-03-21T00:00:00,2023,2015,0.09265
2021,A,0,WESR / Global Material Flows Database,EN_MAT_DOMCMPG,72,MF4,KG_PER_CON_USD,2025-03-21T00:00:00,2023,2015,0.08558
2022,A,0,WESR / Global Material Flows Database,EN_MAT_DOMCMPG,72,MF4,KG_PER_CON_USD,2025-03-21T00:00:00,2023,2015,0.08218
2023,A,0,WESR / Global Material Flows Database,EN_MAT_DOMCMPG,72,MF4,KG_PER_CON_USD,2025-03-21T00:00:00,2023,2015,0.079
2000,A,0,WESR / Global Material Flows Database,EN_MAT_DOMCMPG,72,MF41,KG_PER_CON_USD,2025-03-21T00:00:00,2023,2015,0.11153
2001,A,0,WESR / Global Material Flows Database,EN_MAT_DOMCMPG,72,MF41,KG_PER_CON_USD,2025-03-21T00:00:00,2023,2015,0.10953
2002,A,0,WESR / Global Material Flows Database,EN_MAT_DOMCMPG,72,MF41,KG_PER_CON_USD,2025-03-21T00:00:00,2023,2015,0.10644
2003,A,0,WESR / Global Material Flows Database,EN_MAT_DOMCMPG,72,MF41,KG_PER_CON_USD,2025-03-21T00:00:00,2023,2015,0.08817
2004,A,0,WESR / Global Material Flows Database,EN_MAT_DOMCMPG,72,MF41,KG_PER_CON_USD,2025-03-21T00:00:00,2023,2015,0.09501
2005,A,0,WESR / Global Material Flows Database,EN_MAT_DOMCMPG,72,MF41,KG_PER_CON_USD,2025-03-21T00:00:00,2023,2015,0.09834
2006,A,0,WESR / Global Material Flows Database,EN_MAT_DOMCMPG,72,MF41,KG_PER_CON_USD,2025-03-21T00:00:00,2023,2015,0.08905
2007,A,0,WESR / Global Material Flows Database,EN_MAT_DOMCMPG,72,MF41,KG_PER_CON_USD,2025-03-21T00:00:00,2023,2015,0.07248
2008,A,0,WESR / Global Material Flows Database,EN_MAT_DOMCMPG,72,MF41,KG_PER_CON_USD,2025-03-21T00:00:00,2023,2015,0.07603
2009,A,0,WESR / Global Material Flows Database,EN_MAT_DOMCMPG,72,MF41,KG_PER_CON_USD,2025-03-21T00:00:00,2023,2015,0.07158
2010,A,0,WESR / Global Material Flows Database,EN_MAT_DOMCMPG,72,MF41,KG_PER_CON_USD,2025-03-21T00:00:00,2023,2015,0.08209
2011,A,0,WESR / Global Material Flows Database,EN_MAT_DOMCMPG,72,MF41,KG_PER_CON_USD,2025-03-21T00:00:00,2023,2015,0.05515
2012,A,0,WESR / Global Material Flows Database,EN_MAT_DOMCMPG,72,MF41,KG_PER_CON_USD,2025-03-21T00:00:00,2023,2015,0.11256
2013,A,0,WESR / Global Material Flows Database,EN_MAT_DOMCMPG,72,MF41,KG_PER_CON_USD,2025-03-21T00:00:00,2023,2015,0.10621
2014,A,0,WESR / Global Material Flows Database,EN_MAT_DOMCMPG,72,MF41,KG_PER_CON_USD,2025-03-21T00:00:00,2023,2015,0.10675
2015,A,0,WESR / Global Material Flows Database,EN_MAT_DOMCMPG,72,MF41,KG_PER_CON_USD,2025-03-21T00:00:00,2023,2015,0.13621
2016,A,0,WESR / Global Material Flows Database,EN_MAT_DOMCMPG,72,MF41,KG_PER_CON_USD,2025-03-21T00:00:00,2023,2015,0.11503
2017,A,0,WESR / Global Material Flows Database,EN_MAT_DOMCMPG,72,MF41,KG_PER_CON_USD,2025-03-21T00:00:00,2023,2015,0.13184
2018,A,0,WESR / Global Material Flows Database,EN_MAT_DOMCMPG,72,MF41,KG_PER_CON_USD,2025-03-21T00:00:00,2023,2015,0.1376
2019,A,0,WESR / Global Material Flows Database,EN_MAT_DOMCMPG,72,MF41,KG_PER_CON_USD,2025-03-21T00:00:00,2023,2015,0.11144
2020,A,0,WESR / Global Material Flows Database,EN_MAT_DOMCMPG,72,MF41,KG_PER_CON_USD,2025-03-21T00:00:00,2023,2015,0.09265
2021,A,0,WESR / Global Material Flows Database,EN_MAT_DOMCMPG,72,MF41,KG_PER_CON_USD,2025-03-21T00:00:00,2023,2015,0.08558
2022,A,0,WESR / Global Material Flows Database,EN_MAT_DOMCMPG,72,MF41,KG_PER_CON_USD,2025-03-21T00:00:00,2023,2015,0.08218
2023,A,0,WESR / Global Material Flows Database,EN_MAT_DOMCMPG,72,MF41,KG_PER_CON_USD,2025-03-21T00:00:00,2023,2015,0.079
2000,A,0,WESR / Global Material Flows Database,EN_MAT_DOMCMPG,72,MF422,KG_PER_CON_USD,2025-03-21T00:00:00,2023,2015,0.0
2001,A,0,WESR / Global Material Flows Database,EN_MAT_DOMCMPG,72,MF422,KG_PER_CON_USD,2025-03-21T00:00:00,2023,2015,0.0
2002,A,0,WESR / Global Material Flows Database,EN_MAT_DOMCMPG,72,MF422,KG_PER_CON_USD,2025-03-21T00:00:00,2023,2015,0.0
2003,A,0,WESR / Global Material Flows Database,EN_MAT_DOMCMPG,72,MF422,KG_PER_CON_USD,2025-03-21T00:00:00,2023,2015,0.0
2004,A,0,WESR / Global Material Flows Database,EN_MAT_DOMCMPG,72,MF422,KG_PER_CON_USD,2025-03-21T00:00:00,2023,2015,0.0
2005,A,0,WESR / Global Material Flows Database,EN_MAT_DOMCMPG,72,MF422,KG_PER_CON_USD,2025-03-21T00:00:00,2023,2015,0.0
2006,A,0,WESR / Global Material Flows Database,EN_MAT_DOMCMPG,72,MF422,KG_PER_CON_USD,2025-03-21T00:00:00,2023,2015,0.0
2007,A,0,WESR / Global Material Flows Database,EN_MAT_DOMCMPG,72,MF422,KG_PER_CON_USD,2025-03-21T00:00:00,2023,2015,0.0
2008,A,0,WESR / Global Material Flows Database,EN_MAT_DOMCMPG,72,MF422,KG_PER_CON_USD,2025-03-21T00:00:00,2023,2015,0.0
2009,A,0,WESR / Global Material Flows Database,EN_MAT_DOMCMPG,72,MF422,KG_PER_CON_USD,2025-03-21T00:00:00,2023,2015,0.0
2010,A,0,WESR / Global Material Flows Database,EN_MAT_DOMCMPG,72,MF422,KG_PER_CON_USD,2025-03-21T00:00:00,2023,2015,0.0
2011,A,0,WESR / Global Material Flows Database,EN_MAT_DOMCMPG,72,MF422,KG_PER_CON_USD,2025-03-21T00:00:00,2023,2015,0.0
2012,A,0,WESR / Global Material Flows Database,EN_MAT_DOMCMPG,72,MF422,KG_PER_CON_USD,2025-03-21T00:00:00,2023,2015,0.0
2013,A,0,WESR / Global Material Flows Database,EN_MAT_DOMCMPG,72,MF422,KG_PER_CON_USD,2025-03-21T00:00:00,2023,2015,0.0
2014,A,0,WESR / Global Material Flows Database,EN_MAT_DOMCMPG,72,MF422,KG_PER_CON_USD,2025-03-21T00:00:00,2023,2015,0.0
2015,A,0,WESR / Global Material Flows Database,EN_MAT_DOMCMPG,72,MF422,KG_PER_CON_USD,2025-03-21T00:00:00,2023,2015,0.00012
2016,A,0,WESR / Global Material Flows Database,EN_MAT_DOMCMPG,72,MF422,KG_PER_CON_USD,2025-03-21T00:00:00,2023,2015,0.0
2017,A,0,WESR / Global Material Flows Database,EN_MAT_DOMCMPG,72,MF422,KG_PER_CON_USD,2025-03-21T00:00:00,2023,2015,0.0
2018,A,0,WESR / Global Material Flows Database,EN_MAT_DOMCMPG,72,MF422,KG_PER_CON_USD,2025-03-21T00:00:00,2023,2015,0.0
2019,A,0,WESR / Global Material Flows Database,EN_MAT_DOMCMPG,72,MF422,KG_PER_CON_USD,2025-03-21T00:00:00,2023,2015,0.0
2020,A,0,WESR / Global Material Flows Database,EN_MAT_DOMCMPG,72,MF422,KG_PER_CON_USD,2025-03-21T00:00:00,2023,2015,0.0
2021,A,0,WESR / Global Material Flows Database,EN_MAT_DOMCMPG,72,MF422,KG_PER_CON_USD,2025-03-21T00:00:00,2023,2015,0.0
2022,A,0,WESR / Global Material Flows Database,EN_MAT_DOMCMPG,72,MF422,KG_PER_CON_USD,2025-03-21T00:00:00,2023,2015,0.0
2023,A,0,WESR / Global Material Flows Database,EN_MAT_DOMCMPG,72,MF422,KG_PER_CON_USD,2025-03-21T00:00:00,2023,2015,0.0
2000,A,0,WESR / Global Material Flows Database,EN_MAT_DOMCMPT,72,None,T,2025-05-21T00:00:00,2023,,48398489.00887
2001,A,0,WESR / Global Material Flows Database,EN_MAT_DOMCMPT,72,None,T,2025-05-21T00:00:00,2023,,57272849.02217
2002,A,0,WESR / Global Material Flows Database,EN_MAT_DOMCMPT,72,None,T,2025-05-21T00:00:00,2023,,61706337.89848
2003,A,0,WESR / Global Material Flows Database,EN_MAT_DOMCMPT,72,None,T,2025-05-21T00:00:00,2023,,62574087.91229
2004,A,0,WESR / Global Material Flows Database,EN_MAT_DOMCMPT,72,None,T,2025-05-21T00:00:00,2023,,56719807.10321
2005,A,0,WESR / Global Material Flows Database,EN_MAT_DOMCMPT,72,None,T,2025-05-21T00:00:00,2023,,58292973.14185
2006,A,0,WESR / Global Material Flows Database,EN_MAT_DOMCMPT,72,None,T,2025-05-21T00:00:00,2023,,76859665.80778
2007,A,0,WESR / Global Material Flows Database,EN_MAT_DOMCMPT,72,None,T,2025-05-21T00:00:00,2023,,71963654.30888
2008,A,0,WESR / Global Material Flows Database,EN_MAT_DOMCMPT,72,None,T,2025-05-21T00:00:00,2023,,73619420.62086
2009,A,0,WESR / Global Material Flows Database,EN_MAT_DOMCMPT,72,None,T,2025-05-21T00:00:00,2023,,52086486.65867
2010,A,0,WESR / Global Material Flows Database,EN_MAT_DOMCMPT,72,None,T,2025-05-21T00:00:00,2023,,58590991.67335
2011,A,0,WESR / Global Material Flows Database,EN_MAT_DOMCMPT,72,None,T,2025-05-21T00:00:00,2023,,58874831.43678
2012,A,0,WESR / Global Material Flows Database,EN_MAT_DOMCMPT,72,None,T,2025-05-21T00:00:00,2023,,53909605.95881
2013,A,0,WESR / Global Material Flows Database,EN_MAT_DOMCMPT,72,None,T,2025-05-21T00:00:00,2023,,58468996.31875
2014,A,0,WESR / Global Material Flows Database,EN_MAT_DOMCMPT,72,None,T,2025-05-21T00:00:00,2023,,56211125.87822
2015,A,0,WESR / Global Material Flows Database,EN_MAT_DOMCMPT,72,None,T,2025-05-21T00:00:00,2023,,45416441.47348
2016,A,0,WESR / Global Material Flows Database,EN_MAT_DOMCMPT,72,None,T,2025-05-21T00:00:00,2023,,44902653.80092
2017,A,0,WESR / Global Material Flows Database,EN_MAT_DOMCMPT,72,None,T,2025-05-21T00:00:00,2023,,46228025.87232
2018,A,0,WESR / Global Material Flows Database,EN_MAT_DOMCMPT,72,None,T,2025-05-21T00:00:00,2023,,48974331.74466
2019,A,0,WESR / Global Material Flows Database,EN_MAT_DOMCMPT,72,None,T,2025-05-21T00:00:00,2023,,47110839.44917
2020,A,0,WESR / Global Material Flows Database,EN_MAT_DOMCMPT,72,None,T,2025-05-21T00:00:00,2023,,34043760.97087
2021,A,0,WESR / Global Material Flows Database,EN_MAT_DOMCMPT,72,None,T,2025-05-21T00:00:00,2023,,35841210.97262
2022,A,0,WESR / Global Material Flows Database,EN_MAT_DOMCMPT,72,None,T,2025-05-21T00:00:00,2023,,36911388.47246
2023,A,0,WESR / Global Material Flows Database,EN_MAT_DOMCMPT,72,None,T,2025-05-21T00:00:00,2023,,37093955.01283
2000,A,0,WESR / Global Material Flows Database,EN_MAT_DOMCMPT,72,MF_AGG3A,T,2025-05-21T00:00:00,2023,,3192891.59215
2001,A,0,WESR / Global Material Flows Database,EN_MAT_DOMCMPT,72,MF_AGG3A,T,2025-05-21T00:00:00,2023,,4805606.5529
2002,A,0,WESR / Global Material Flows Database,EN_MAT_DOMCMPT,72,MF_AGG3A,T,2025-05-21T00:00:00,2023,,5404491.95365
2003,A,0,WESR / Global Material Flows Database,EN_MAT_DOMCMPT,72,MF_AGG3A,T,2025-05-21T00:00:00,2023,,3494766.2741
2004,A,0,WESR / Global Material Flows Database,EN_MAT_DOMCMPT,72,MF_AGG3A,T,2025-05-21T00:00:00,2023,,5816994.60685
2005,A,0,WESR / Global Material Flows Database,EN_MAT_DOMCMPT,72,MF_AGG3A,T,2025-05-21T00:00:00,2023,,4647237.2263
2006,A,0,WESR / Global Material Flows Database,EN_MAT_DOMCMPT,72,MF_AGG3A,T,2025-05-21T00:00:00,2023,,10078792.11015
2007,A,0,WESR / Global Material Flows Database,EN_MAT_DOMCMPT,72,MF_AGG3A,T,2025-05-21T00:00:00,2023,,6580038.59685
2008,A,0,WESR / Global Material Flows Database,EN_MAT_DOMCMPT,72,MF_AGG3A,T,2025-05-21T00:00:00,2023,,6927518.7867
2009,A,0,WESR / Global Material Flows Database,EN_MAT_DOMCMPT,72,MF_AGG3A,T,2025-05-21T00:00:00,2023,,7036463.7016
2010,A,0,WESR / Global Material Flows Database,EN_MAT_DOMCMPT,72,MF_AGG3A,T,2025-05-21T00:00:00,2023,,7056798.0592
2011,A,0,WESR / Global Material Flows Database,EN_MAT_DOMCMPT,72,MF_AGG3A,T,2025-05-21T00:00:00,2023,,6978147.0651
2012,A,0,WESR / Global Material Flows Database,EN_MAT_DOMCMPT,72,MF_AGG3A,T,2025-05-21T00:00:00,2023,,5966310.14817
2013,A,0,WESR / Global Material Flows Database,EN_MAT_DOMCMPT,72,MF_AGG3A,T,2025-05-21T00:00:00,2023,,6026360.82617
2014,A,0,WESR / Global Material Flows Database,EN_MAT_DOMCMPT,72,MF_AGG3A,T,2025-05-21T00:00:00,2023,,3973878.49372
2015,A,0,WESR / Global Material Flows Database,EN_MAT_DOMCMPT,72,MF_AGG3A,T,2025-05-21T00:00:00,2023,,287676.80889
2016,A,0,WESR / Global Material Flows Database,EN_MAT_DOMCMPT,72,MF_AGG3A,T,2025-05-21T00:00:00,2023,,347378.14419
2017,A,0,WESR / Global Material Flows Database,EN_MAT_DOMCMPT,72,MF_AGG3A,T,2025-05-21T00:00:00,2023,,217311.47078
2018,A,0,WESR / Global Material Flows Database,EN_MAT_DOMCMPT,72,MF_AGG3A,T,2025-05-21T00:00:00,2023,,217092.5997
2019,A,0,WESR / Global Material Flows Database,EN_MAT_DOMCMPT,72,MF_AGG3A,T,2025-05-21T00:00:00,2023,,219139.63457
2020,A,0,WESR / Global Material Flows Database,EN_MAT_DOMCMPT,72,MF_AGG3A,T,2025-05-21T00:00:00,2023,,225110.65809
2021,A,0,WESR / Global Material Flows Database,EN_MAT_DOMCMPT,72,MF_AGG3A,T,2025-05-21T00:00:00,2023,,239423.34316
2022,A,0,WESR / Global Material Flows Database,EN_MAT_DOMCMPT,72,MF_AGG3A,T,2025-05-21T00:00:00,2023,,248397.09423
2023,A,0,WESR / Global Material Flows Database,EN_MAT_DOMCMPT,72,MF_AGG3A,T,2025-05-21T00:00:00,2023,,250965.41963
2000,A,0,WESR / Global Material Flows Database,EN_MAT_DOMCMPT,72,MF_AGG3B,T,2025-05-21T00:00:00,2023,,30116791.25734
2001,A,0,WESR / Global Material Flows Database,EN_MAT_DOMCMPT,72,MF_AGG3B,T,2025-05-21T00:00:00,2023,,37097727.66497
2002,A,0,WESR / Global Material Flows Database,EN_MAT_DOMCMPT,72,MF_AGG3B,T,2025-05-21T00:00:00,2023,,40228062.44708
2003,A,0,WESR / Global Material Flows Database,EN_MAT_DOMCMPT,72,MF_AGG3B,T,2025-05-21T00:00:00,2023,,42485766.96204
2004,A,0,WESR / Global Material Flows Database,EN_MAT_DOMCMPT,72,MF_AGG3B,T,2025-05-21T00:00:00,2023,,35311093.58004
2005,A,0,WESR / Global Material Flows Database,EN_MAT_DOMCMPT,72,MF_AGG3B,T,2025-05-21T00:00:00,2023,,35109187.81732
2006,A,0,WESR / Global Material Flows Database,EN_MAT_DOMCMPT,72,MF_AGG3B,T,2025-05-21T00:00:00,2023,,48211913.1974
2007,A,0,WESR / Global Material Flows Database,EN_MAT_DOMCMPT,72,MF_AGG3B,T,2025-05-21T00:00:00,2023,,47352005.93901
2008,A,0,WESR / Global Material Flows Database,EN_MAT_DOMCMPT,72,MF_AGG3B,T,2025-05-21T00:00:00,2023,,46279318.3675
2009,A,0,WESR / Global Material Flows Database,EN_MAT_DOMCMPT,72,MF_AGG3B,T,2025-05-21T00:00:00,2023,,25018726.3728
2010,A,0,WESR / Global Material Flows Database,EN_MAT_DOMCMPT,72,MF_AGG3B,T,2025-05-21T00:00:00,2023,,31123602.72041
2011,A,0,WESR / Global Material Flows Database,EN_MAT_DOMCMPT,72,MF_AGG3B,T,2025-05-21T00:00:00,2023,,32363828.93974
2012,A,0,WESR / Global Material Flows Database,EN_MAT_DOMCMPT,72,MF_AGG3B,T,2025-05-21T00:00:00,2023,,29159063.27476
2013,A,0,WESR / Global Material Flows Database,EN_MAT_DOMCMPT,72,MF_AGG3B,T,2025-05-21T00:00:00,2023,,32156381.10246
2014,A,0,WESR / Global Material Flows Database,EN_MAT_DOMCMPT,72,MF_AGG3B,T,2025-05-21T00:00:00,2023,,34951142.55471
2015,A,0,WESR / Global Material Flows Database,EN_MAT_DOMCMPT,72,MF_AGG3B,T,2025-05-21T00:00:00,2023,,29481936.94548
2016,A,0,WESR / Global Material Flows Database,EN_MAT_DOMCMPT,72,MF_AGG3B,T,2025-05-21T00:00:00,2023,,29620505.83118
2017,A,0,WESR / Global Material Flows Database,EN_MAT_DOMCMPT,72,MF_AGG3B,T,2025-05-21T00:00:00,2023,,32402146.95532
2018,A,0,WESR / Global Material Flows Database,EN_MAT_DOMCMPT,72,MF_AGG3B,T,2025-05-21T00:00:00,2023,,34470980.79111
2019,A,0,WESR / Global Material Flows Database,EN_MAT_DOMCMPT,72,MF_AGG3B,T,2025-05-21T00:00:00,2023,,33546219.68267
2020,A,0,WESR / Global Material Flows Database,EN_MAT_DOMCMPT,72,MF_AGG3B,T,2025-05-21T00:00:00,2023,,23975860.40626
2021,A,0,WESR / Global Material Flows Database,EN_MAT_DOMCMPT,72,MF_AGG3B,T,2025-05-21T00:00:00,2023,,25383946.81562
2022,A,0,WESR / Global Material Flows Database,EN_MAT_DOMCMPT,72,MF_AGG3B,T,2025-05-21T00:00:00,2023,,26274552.28005
2023,A,0,WESR / Global Material Flows Database,EN_MAT_DOMCMPT,72,MF_AGG3B,T,2025-05-21T00:00:00,2023,,26519197.18006
2000,A,0,WESR / Global Material Flows Database,EN_MAT_DOMCMPT,72,MF1,T,2025-05-21T00:00:00,2023,,7826465.2525
2001,A,0,WESR / Global Material Flows Database,EN_MAT_DOMCMPT,72,MF1,T,2025-05-21T00:00:00,2023,,7473380.9751
2002,A,0,WESR / Global Material Flows Database,EN_MAT_DOMCMPT,72,MF1,T,2025-05-21T00:00:00,2023,,6644738.4211
2003,A,0,WESR / Global Material Flows Database,EN_MAT_DOMCMPT,72,MF1,T,2025-05-21T00:00:00,2023,,6426172.6331
2004,A,0,WESR / Global Material Flows Database,EN_MAT_DOMCMPT,72,MF1,T,2025-05-21T00:00:00,2023,,6516061.5018
2005,A,0,WESR / Global Material Flows Database,EN_MAT_DOMCMPT,72,MF1,T,2025-05-21T00:00:00,2023,,6825272.166
2006,A,0,WESR / Global Material Flows Database,EN_MAT_DOMCMPT,72,MF1,T,2025-05-21T00:00:00,2023,,6915600.9304
2007,A,0,WESR / Global Material Flows Database,EN_MAT_DOMCMPT,72,MF1,T,2025-05-21T00:00:00,2023,,6854032.75
2008,A,0,WESR / Global Material Flows Database,EN_MAT_DOMCMPT,72,MF1,T,2025-05-21T00:00:00,2023,,7190278.5624
2009,A,0,WESR / Global Material Flows Database,EN_MAT_DOMCMPT,72,MF1,T,2025-05-21T00:00:00,2023,,7733697.7144
2010,A,0,WESR / Global Material Flows Database,EN_MAT_DOMCMPT,72,MF1,T,2025-05-21T00:00:00,2023,,8308705.4501
2011,A,0,WESR / Global Material Flows Database,EN_MAT_DOMCMPT,72,MF1,T,2025-05-21T00:00:00,2023,,8118706.6804
2012,A,0,WESR / Global Material Flows Database,EN_MAT_DOMCMPT,72,MF1,T,2025-05-21T00:00:00,2023,,7257366.0436
2013,A,0,WESR / Global Material Flows Database,EN_MAT_DOMCMPT,72,MF1,T,2025-05-21T00:00:00,2023,,6970386.21
2014,A,0,WESR / Global Material Flows Database,EN_MAT_DOMCMPT,72,MF1,T,2025-05-21T00:00:00,2023,,5937627.6218
2015,A,0,WESR / Global Material Flows Database,EN_MAT_DOMCMPT,72,MF1,T,2025-05-21T00:00:00,2023,,6078687.2553
2016,A,0,WESR / Global Material Flows Database,EN_MAT_DOMCMPT,72,MF1,T,2025-05-21T00:00:00,2023,,5670438.0833
2017,A,0,WESR / Global Material Flows Database,EN_MAT_DOMCMPT,72,MF1,T,2025-05-21T00:00:00,2023,,4538176.95901
2018,A,0,WESR / Global Material Flows Database,EN_MAT_DOMCMPT,72,MF1,T,2025-05-21T00:00:00,2023,,4896217.78342
2019,A,0,WESR / Global Material Flows Database,EN_MAT_DOMCMPT,72,MF1,T,2025-05-21T00:00:00,2023,,4632545.97877
2020,A,0,WESR / Global Material Flows Database,EN_MAT_DOMCMPT,72,MF1,T,2025-05-21T00:00:00,2023,,4781887.19963
2021,A,0,WESR / Global Material Flows Database,EN_MAT_DOMCMPT,72,MF1,T,2025-05-21T00:00:00,2023,,4959738.83427
2022,A,0,WESR / Global Material Flows Database,EN_MAT_DOMCMPT,72,MF1,T,2025-05-21T00:00:00,2023,,5008756.44001
2023,A,0,WESR / Global Material Flows Database,EN_MAT_DOMCMPT,72,MF1,T,2025-05-21T00:00:00,2023,,4937262.71854
2000,A,0,WESR / Global Material Flows Database,EN_MAT_DOMCMPT,72,MF11,T,2025-05-21T00:00:00,2023,,584261.1
2001,A,0,WESR / Global Material Flows Database,EN_MAT_DOMCMPT,72,MF11,T,2025-05-21T00:00:00,2023,,502194.16
2002,A,0,WESR / Global Material Flows Database,EN_MAT_DOMCMPT,72,MF11,T,2025-05-21T00:00:00,2023,,638220.62
2003,A,0,WESR / Global Material Flows Database,EN_MAT_DOMCMPT,72,MF11,T,2025-05-21T00:00:00,2023,,469361.71
2004,A,0,WESR / Global Material Flows Database,EN_MAT_DOMCMPT,72,MF11,T,2025-05-21T00:00:00,2023,,490000.45
2005,A,0,WESR / Global Material Flows Database,EN_MAT_DOMCMPT,72,MF11,T,2025-05-21T00:00:00,2023,,501517.35
2006,A,0,WESR / Global Material Flows Database,EN_MAT_DOMCMPT,72,MF11,T,2025-05-21T00:00:00,2023,,519488.86
2007,A,0,WESR / Global Material Flows Database,EN_MAT_DOMCMPT,72,MF11,T,2025-05-21T00:00:00,2023,,572130.71
2008,A,0,WESR / Global Material Flows Database,EN_MAT_DOMCMPT,72,MF11,T,2025-05-21T00:00:00,2023,,628934.54
2009,A,0,WESR / Global Material Flows Database,EN_MAT_DOMCMPT,72,MF11,T,2025-05-21T00:00:00,2023,,650959.34
2010,A,0,WESR / Global Material Flows Database,EN_MAT_DOMCMPT,72,MF11,T,2025-05-21T00:00:00,2023,,776810.23
2011,A,0,WESR / Global Material Flows Database,EN_MAT_DOMCMPT,72,MF11,T,2025-05-21T00:00:00,2023,,694013.27
2012,A,0,WESR / Global Material Flows Database,EN_MAT_DOMCMPT,72,MF11,T,2025-05-21T00:00:00,2023,,728971.0
2013,A,0,WESR / Global Material Flows Database,EN_MAT_DOMCMPT,72,MF11,T,2025-05-21T00:00:00,2023,,837980.74
2014,A,0,WESR / Global Material Flows Database,EN_MAT_DOMCMPT,72,MF11,T,2025-05-21T00:00:00,2023,,847383.27
2015,A,0,WESR / Global Material Flows Database,EN_MAT_DOMCMPT,72,MF11,T,2025-05-21T00:00:00,2023,,908485.08
2016,A,0,WESR / Global Material Flows Database,EN_MAT_DOMCMPT,72,MF11,T,2025-05-21T00:00:00,2023,,894872.85
2017,A,0,WESR / Global Material Flows Database,EN_MAT_DOMCMPT,72,MF11,T,2025-05-21T00:00:00,2023,,827660.18
2018,A,0,WESR / Global Material Flows Database,EN_MAT_DOMCMPT,72,MF11,T,2025-05-21T00:00:00,2023,,980203.44
2019,A,0,WESR / Global Material Flows Database,EN_MAT_DOMCMPT,72,MF11,T,2025-05-21T00:00:00,2023,,1023044.37
2020,A,0,WESR / Global Material Flows Database,EN_MAT_DOMCMPT,72,MF11,T,2025-05-21T00:00:00,2023,,1171343.08628
2021,A,0,WESR / Global Material Flows Database,EN_MAT_DOMCMPT,72,MF11,T,2025-05-21T00:00:00,2023,,1085162.15
2022,A,0,WESR / Global Material Flows Database,EN_MAT_DOMCMPT,72,MF11,T,2025-05-21T00:00:00,2023,,1106333.10753
2023,A,0,WESR / Global Material Flows Database,EN_MAT_DOMCMPT,72,MF11,T,2025-05-21T00:00:00,2023,,1103853.88372
2000,A,0,WESR / Global Material Flows Database,EN_MAT_DOMCMPT,72,MF121,T,2025-05-21T00:00:00,2023,,151215.5125
2001,A,0,WESR / Global Material Flows Database,EN_MAT_DOMCMPT,72,MF121,T,2025-05-21T00:00:00,2023,,152384.6951
2002,A,0,WESR / Global Material Flows Database,EN_MAT_DOMCMPT,72,MF121,T,2025-05-21T00:00:00,2023,,189947.6011
2003,A,0,WESR / Global Material Flows Database,EN_MAT_DOMCMPT,72,MF121,T,2025-05-21T00:00:00,2023,,194782.3231
2004,A,0,WESR / Global Material Flows Database,EN_MAT_DOMCMPT,72,MF121,T,2025-05-21T00:00:00,2023,,165277.6518
2005,A,0,WESR / Global Material Flows Database,EN_MAT_DOMCMPT,72,MF121,T,2025-05-21T00:00:00,2023,,197263.816
2006,A,0,WESR / Global Material Flows Database,EN_MAT_DOMCMPT,72,MF121,T,2025-05-21T00:00:00,2023,,218122.3104
2007,A,0,WESR / Global Material Flows Database,EN_MAT_DOMCMPT,72,MF121,T,2025-05-21T00:00:00,2023,,176849.14
2008,A,0,WESR / Global Material Flows Database,EN_MAT_DOMCMPT,72,MF121,T,2025-05-21T00:00:00,2023,,200940.7224
2009,A,0,WESR / Global Material Flows Database,EN_MAT_DOMCMPT,72,MF121,T,2025-05-21T00:00:00,2023,,252481.256
2010,A,0,WESR / Global Material Flows Database,EN_MAT_DOMCMPT,72,MF121,T,2025-05-21T00:00:00,2023,,243763.7449
2011,A,0,WESR / Global Material Flows Database,EN_MAT_DOMCMPT,72,MF121,T,2025-05-21T00:00:00,2023,,329050.178
2012,A,0,WESR / Global Material Flows Database,EN_MAT_DOMCMPT,72,MF121,T,2025-05-21T00:00:00,2023,,203135.15
2013,A,0,WESR / Global Material Flows Database,EN_MAT_DOMCMPT,72,MF121,T,2025-05-21T00:00:00,2023,,143875.05
2014,A,0,WESR / Global Material Flows Database,EN_MAT_DOMCMPT,72,MF121,T,2025-05-21T00:00:00,2023,,242153.7686
2015,A,0,WESR / Global Material Flows Database,EN_MAT_DOMCMPT,72,MF121,T,2025-05-21T00:00:00,2023,,225548.0553
2016,A,0,WESR / Global Material Flows Database,EN_MAT_DOMCMPT,72,MF121,T,2025-05-21T00:00:00,2023,,234147.1533
2017,A,0,WESR / Global Material Flows Database,EN_MAT_DOMCMPT,72,MF121,T,2025-05-21T00:00:00,2023,,163264.0497
2018,A,0,WESR / Global Material Flows Database,EN_MAT_DOMCMPT,72,MF121,T,2025-05-21T00:00:00,2023,,357448.7248
2019,A,0,WESR / Global Material Flows Database,EN_MAT_DOMCMPT,72,MF121,T,2025-05-21T00:00:00,2023,,245954.40904
2020,A,0,WESR / Global Material Flows Database,EN_MAT_DOMCMPT,72,MF121,T,2025-05-21T00:00:00,2023,,607472.32113
2021,A,0,WESR / Global Material Flows Database,EN_MAT_DOMCMPT,72,MF121,T,2025-05-21T00:00:00,2023,,475991.65852
2022,A,0,WESR / Global Material Flows Database,EN_MAT_DOMCMPT,72,MF121,T,2025-05-21T00:00:00,2023,,482810.28281
2023,A,0,WESR / Global Material Flows Database,EN_MAT_DOMCMPT,72,MF121,T,2025-05-21T00:00:00,2023,,483261.42892
2000,A,0,WESR / Global Material Flows Database,EN_MAT_DOMCMPT,72,MF122,T,2025-05-21T00:00:00,2023,,6567409.0
2001,A,0,WESR / Global Material Flows Database,EN_MAT_DOMCMPT,72,MF122,T,2025-05-21T00:00:00,2023,,6292291.0
2002,A,0,WESR / Global Material Flows Database,EN_MAT_DOMCMPT,72,MF122,T,2025-05-21T00:00:00,2023,,5286920.0
2003,A,0,WESR / Global Material Flows Database,EN_MAT_DOMCMPT,72,MF122,T,2025-05-21T00:00:00,2023,,5229298.0
2004,A,0,WESR / Global Material Flows Database,EN_MAT_DOMCMPT,72,MF122,T,2025-05-21T00:00:00,2023,,5324298.0
2005,A,0,WESR / Global Material Flows Database,EN_MAT_DOMCMPT,72,MF122,T,2025-05-21T00:00:00,2023,,5585298.0
2006,A,0,WESR / Global Material Flows Database,EN_MAT_DOMCMPT,72,MF122,T,2025-05-21T00:00:00,2023,,5634369.0
2007,A,0,WESR / Global Material Flows Database,EN_MAT_DOMCMPT,72,MF122,T,2025-05-21T00:00:00,2023,,5558745.9
2008,A,0,WESR / Global Material Flows Database,EN_MAT_DOMCMPT,72,MF122,T,2025-05-21T00:00:00,2023,,5810535.3
2009,A,0,WESR / Global Material Flows Database,EN_MAT_DOMCMPT,72,MF122,T,2025-05-21T00:00:00,2023,,6256806.7
2010,A,0,WESR / Global Material Flows Database,EN_MAT_DOMCMPT,72,MF122,T,2025-05-21T00:00:00,2023,,6704866.8
2011,A,0,WESR / Global Material Flows Database,EN_MAT_DOMCMPT,72,MF122,T,2025-05-21T00:00:00,2023,,6490470.3
2012,A,0,WESR / Global Material Flows Database,EN_MAT_DOMCMPT,72,MF122,T,2025-05-21T00:00:00,2023,,5717119.3
2013,A,0,WESR / Global Material Flows Database,EN_MAT_DOMCMPT,72,MF122,T,2025-05-21T00:00:00,2023,,5387446.4
2014,A,0,WESR / Global Material Flows Database,EN_MAT_DOMCMPT,72,MF122,T,2025-05-21T00:00:00,2023,,4240312.7
2015,A,0,WESR / Global Material Flows Database,EN_MAT_DOMCMPT,72,MF122,T,2025-05-21T00:00:00,2023,,4352791.2
2016,A,0,WESR / Global Material Flows Database,EN_MAT_DOMCMPT,72,MF122,T,2025-05-21T00:00:00,2023,,3933660.4
2017,A,0,WESR / Global Material Flows Database,EN_MAT_DOMCMPT,72,MF122,T,2025-05-21T00:00:00,2023,,2939245.68931
2018,A,0,WESR / Global Material Flows Database,EN_MAT_DOMCMPT,72,MF122,T,2025-05-21T00:00:00,2023,,2911961.17862
2019,A,0,WESR / Global Material Flows Database,EN_MAT_DOMCMPT,72,MF122,T,2025-05-21T00:00:00,2023,,2676073.16793
2020,A,0,WESR / Global Material Flows Database,EN_MAT_DOMCMPT,72,MF122,T,2025-05-21T00:00:00,2023,,2344275.79005
2021,A,0,WESR / Global Material Flows Database,EN_MAT_DOMCMPT,72,MF122,T,2025-05-21T00:00:00,2023,,2753380.96411
2022,A,0,WESR / Global Material Flows Database,EN_MAT_DOMCMPT,72,MF122,T,2025-05-21T00:00:00,2023,,2793661.56299
2023,A,0,WESR / Global Material Flows Database,EN_MAT_DOMCMPT,72,MF122,T,2025-05-21T00:00:00,2023,,2757588.91009
2000,A,0,WESR / Global Material Flows Database,EN_MAT_DOMCMPT,72,MF13,T,2025-05-21T00:00:00,2023,,522420.64
2001,A,0,WESR / Global Material Flows Database,EN_MAT_DOMCMPT,72,MF13,T,2025-05-21T00:00:00,2023,,525386.12
2002,A,0,WESR / Global Material Flows Database,EN_MAT_DOMCMPT,72,MF13,T,2025-05-21T00:00:00,2023,,528586.2
2003,A,0,WESR / Global Material Flows Database,EN_MAT_DOMCMPT,72,MF13,T,2025-05-21T00:00:00,2023,,532023.6
2004,A,0,WESR / Global Material Flows Database,EN_MAT_DOMCMPT,72,MF13,T,2025-05-21T00:00:00,2023,,535702.4
2005,A,0,WESR / Global Material Flows Database,EN_MAT_DOMCMPT,72,MF13,T,2025-05-21T00:00:00,2023,,539626.0
2006,A,0,WESR / Global Material Flows Database,EN_MAT_DOMCMPT,72,MF13,T,2025-05-21T00:00:00,2023,,542537.76
2007,A,0,WESR / Global Material Flows Database,EN_MAT_DOMCMPT,72,MF13,T,2025-05-21T00:00:00,2023,,545236.0
2008,A,0,WESR / Global Material Flows Database,EN_MAT_DOMCMPT,72,MF13,T,2025-05-21T00:00:00,2023,,548568.0
2009,A,0,WESR / Global Material Flows Database,EN_MAT_DOMCMPT,72,MF13,T,2025-05-21T00:00:00,2023,,570031.4184
2010,A,0,WESR / Global Material Flows Database,EN_MAT_DOMCMPT,72,MF13,T,2025-05-21T00:00:00,2023,,580510.6752
2011,A,0,WESR / Global Material Flows Database,EN_MAT_DOMCMPT,72,MF13,T,2025-05-21T00:00:00,2023,,601760.9324
2012,A,0,WESR / Global Material Flows Database,EN_MAT_DOMCMPT,72,MF13,T,2025-05-21T00:00:00,2023,,603500.5936
2013,A,0,WESR / Global Material Flows Database,EN_MAT_DOMCMPT,72,MF13,T,2025-05-21T00:00:00,2023,,595678.02
2014,A,0,WESR / Global Material Flows Database,EN_MAT_DOMCMPT,72,MF13,T,2025-05-21T00:00:00,2023,,602026.8832
2015,A,0,WESR / Global Material Flows Database,EN_MAT_DOMCMPT,72,MF13,T,2025-05-21T00:00:00,2023,,587130.92
2016,A,0,WESR / Global Material Flows Database,EN_MAT_DOMCMPT,72,MF13,T,2025-05-21T00:00:00,2023,,607136.68
2017,A,0,WESR / Global Material Flows Database,EN_MAT_DOMCMPT,72,MF13,T,2025-05-21T00:00:00,2023,,604129.04
2018,A,0,WESR / Global Material Flows Database,EN_MAT_DOMCMPT,72,MF13,T,2025-05-21T00:00:00,2023,,645126.44
2019,A,0,WESR / Global Material Flows Database,EN_MAT_DOMCMPT,72,MF13,T,2025-05-21T00:00:00,2023,,686072.16
2020,A,0,WESR / Global Material Flows Database,EN_MAT_DOMCMPT,72,MF13,T,2025-05-21T00:00:00,2023,,656065.12
2021,A,0,WESR / Global Material Flows Database,EN_MAT_DOMCMPT,72,MF13,T,2025-05-21T00:00:00,2023,,642346.1824
2022,A,0,WESR / Global Material Flows Database,EN_MAT_DOMCMPT,72,MF13,T,2025-05-21T00:00:00,2023,,623032.23479
2023,A,0,WESR / Global Material Flows Database,EN_MAT_DOMCMPT,72,MF13,T,2025-05-21T00:00:00,2023,,589662.27984
2000,A,0,WESR / Global Material Flows Database,EN_MAT_DOMCMPT,72,MF14,T,2025-05-21T00:00:00,2023,,1159.0
2001,A,0,WESR / Global Material Flows Database,EN_MAT_DOMCMPT,72,MF14,T,2025-05-21T00:00:00,2023,,1125.0
2002,A,0,WESR / Global Material Flows Database,EN_MAT_DOMCMPT,72,MF14,T,2025-05-21T00:00:00,2023,,1064.0
2003,A,0,WESR / Global Material Flows Database,EN_MAT_DOMCMPT,72,MF14,T,2025-05-21T00:00:00,2023,,707.0
2004,A,0,WESR / Global Material Flows Database,EN_MAT_DOMCMPT,72,MF14,T,2025-05-21T00:00:00,2023,,783.0
2005,A,0,WESR / Global Material Flows Database,EN_MAT_DOMCMPT,72,MF14,T,2025-05-21T00:00:00,2023,,1567.0
2006,A,0,WESR / Global Material Flows Database,EN_MAT_DOMCMPT,72,MF14,T,2025-05-21T00:00:00,2023,,1083.0
2007,A,0,WESR / Global Material Flows Database,EN_MAT_DOMCMPT,72,MF14,T,2025-05-21T00:00:00,2023,,1071.0
2008,A,0,WESR / Global Material Flows Database,EN_MAT_DOMCMPT,72,MF14,T,2025-05-21T00:00:00,2023,,1300.0
2009,A,0,WESR / Global Material Flows Database,EN_MAT_DOMCMPT,72,MF14,T,2025-05-21T00:00:00,2023,,3419.0
2010,A,0,WESR / Global Material Flows Database,EN_MAT_DOMCMPT,72,MF14,T,2025-05-21T00:00:00,2023,,2754.0
2011,A,0,WESR / Global Material Flows Database,EN_MAT_DOMCMPT,72,MF14,T,2025-05-21T00:00:00,2023,,3412.0
2012,A,0,WESR / Global Material Flows Database,EN_MAT_DOMCMPT,72,MF14,T,2025-05-21T00:00:00,2023,,4640.0
2013,A,0,WESR / Global Material Flows Database,EN_MAT_DOMCMPT,72,MF14,T,2025-05-21T00:00:00,2023,,5406.0
2014,A,0,WESR / Global Material Flows Database,EN_MAT_DOMCMPT,72,MF14,T,2025-05-21T00:00:00,2023,,5751.0
2015,A,0,WESR / Global Material Flows Database,EN_MAT_DOMCMPT,72,MF14,T,2025-05-21T00:00:00,2023,,4732.0
2016,A,0,WESR / Global Material Flows Database,EN_MAT_DOMCMPT,72,MF14,T,2025-05-21T00:00:00,2023,,621.0
2017,A,0,WESR / Global Material Flows Database,EN_MAT_DOMCMPT,72,MF14,T,2025-05-21T00:00:00,2023,,3878.0
2018,A,0,WESR / Global Material Flows Database,EN_MAT_DOMCMPT,72,MF14,T,2025-05-21T00:00:00,2023,,1478.0
2019,A,0,WESR / Global Material Flows Database,EN_MAT_DOMCMPT,72,MF14,T,2025-05-21T00:00:00,2023,,1401.8718
2020,A,0,WESR / Global Material Flows Database,EN_MAT_DOMCMPT,72,MF14,T,2025-05-21T00:00:00,2023,,2730.88217
2021,A,0,WESR / Global Material Flows Database,EN_MAT_DOMCMPT,72,MF14,T,2025-05-21T00:00:00,2023,,2857.87924
2022,A,0,WESR / Global Material Flows Database,EN_MAT_DOMCMPT,72,MF14,T,2025-05-21T00:00:00,2023,,2919.25189
2023,A,0,WESR / Global Material Flows Database,EN_MAT_DOMCMPT,72,MF14,T,2025-05-21T00:00:00,2023,,2896.21596
2000,A,0,WESR / Global Material Flows Database,EN_MAT_DOMCMPT,72,MF2,T,2025-05-21T00:00:00,2023,,4786589.56788
2001,A,0,WESR / Global Material Flows Database,EN_MAT_DOMCMPT,72,MF2,T,2025-05-21T00:00:00,2023,,5205006.87321
2002,A,0,WESR / Global Material Flows Database,EN_MAT_DOMCMPT,72,MF2,T,2025-05-21T00:00:00,2023,,6287886.42065
2003,A,0,WESR / Global Material Flows Database,EN_MAT_DOMCMPT,72,MF2,T,2025-05-21T00:00:00,2023,,7405275.97104
2004,A,0,WESR / Global Material Flows Database,EN_MAT_DOMCMPT,72,MF2,T,2025-05-21T00:00:00,2023,,6565693.86853
2005,A,0,WESR / Global Material Flows Database,EN_MAT_DOMCMPT,72,MF2,T,2025-05-21T00:00:00,2023,,9193533.54823
2006,A,0,WESR / Global Material Flows Database,EN_MAT_DOMCMPT,72,MF2,T,2025-05-21T00:00:00,2023,,9387882.23484
2007,A,0,WESR / Global Material Flows Database,EN_MAT_DOMCMPT,72,MF2,T,2025-05-21T00:00:00,2023,,8036255.60602
2008,A,0,WESR / Global Material Flows Database,EN_MAT_DOMCMPT,72,MF2,T,2025-05-21T00:00:00,2023,,10198180.61326
2009,A,0,WESR / Global Material Flows Database,EN_MAT_DOMCMPT,72,MF2,T,2025-05-21T00:00:00,2023,,9589479.06287
2010,A,0,WESR / Global Material Flows Database,EN_MAT_DOMCMPT,72,MF2,T,2025-05-21T00:00:00,2023,,9105244.86965
2011,A,0,WESR / Global Material Flows Database,EN_MAT_DOMCMPT,72,MF2,T,2025-05-21T00:00:00,2023,,7371450.82054
2012,A,0,WESR / Global Material Flows Database,EN_MAT_DOMCMPT,72,MF2,T,2025-05-21T00:00:00,2023,,8288215.64127
2013,A,0,WESR / Global Material Flows Database,EN_MAT_DOMCMPT,72,MF2,T,2025-05-21T00:00:00,2023,,9998267.80312
2014,A,0,WESR / Global Material Flows Database,EN_MAT_DOMCMPT,72,MF2,T,2025-05-21T00:00:00,2023,,7730251.11799
2015,A,0,WESR / Global Material Flows Database,EN_MAT_DOMCMPT,72,MF2,T,2025-05-21T00:00:00,2023,,5737458.59114
2016,A,0,WESR / Global Material Flows Database,EN_MAT_DOMCMPT,72,MF2,T,2025-05-21T00:00:00,2023,,5030610.48225
2017,A,0,WESR / Global Material Flows Database,EN_MAT_DOMCMPT,72,MF2,T,2025-05-21T00:00:00,2023,,3885387.68422
2018,A,0,WESR / Global Material Flows Database,EN_MAT_DOMCMPT,72,MF2,T,2025-05-21T00:00:00,2023,,3885951.82443
2019,A,0,WESR / Global Material Flows Database,EN_MAT_DOMCMPT,72,MF2,T,2025-05-21T00:00:00,2023,,3719174.81326
2020,A,0,WESR / Global Material Flows Database,EN_MAT_DOMCMPT,72,MF2,T,2025-05-21T00:00:00,2023,,653824.15082
2021,A,0,WESR / Global Material Flows Database,EN_MAT_DOMCMPT,72,MF2,T,2025-05-21T00:00:00,2023,,682768.30146
2022,A,0,WESR / Global Material Flows Database,EN_MAT_DOMCMPT,72,MF2,T,2025-05-21T00:00:00,2023,,717754.27269
2023,A,0,WESR / Global Material Flows Database,EN_MAT_DOMCMPT,72,MF2,T,2025-05-21T00:00:00,2023,,744528.88309
2000,A,0,WESR / Global Material Flows Database,EN_MAT_DOMCMPT,72,MF21,T,2025-05-21T00:00:00,2023,,109120.211
2001,A,0,WESR / Global Material Flows Database,EN_MAT_DOMCMPT,72,MF21,T,2025-05-21T00:00:00,2023,,145186.921
2002,A,0,WESR / Global Material Flows Database,EN_MAT_DOMCMPT,72,MF21,T,2025-05-21T00:00:00,2023,,157926.594
2003,A,0,WESR / Global Material Flows Database,EN_MAT_DOMCMPT,72,MF21,T,2025-05-21T00:00:00,2023,,97001.026
2004,A,0,WESR / Global Material Flows Database,EN_MAT_DOMCMPT,72,MF21,T,2025-05-21T00:00:00,2023,,100601.005
2005,A,0,WESR / Global Material Flows Database,EN_MAT_DOMCMPT,72,MF21,T,2025-05-21T00:00:00,2023,,107764.09
2006,A,0,WESR / Global Material Flows Database,EN_MAT_DOMCMPT,72,MF21,T,2025-05-21T00:00:00,2023,,109589.615
2007,A,0,WESR / Global Material Flows Database,EN_MAT_DOMCMPT,72,MF21,T,2025-05-21T00:00:00,2023,,139820.473
2008,A,0,WESR / Global Material Flows Database,EN_MAT_DOMCMPT,72,MF21,T,2025-05-21T00:00:00,2023,,171285.413
2009,A,0,WESR / Global Material Flows Database,EN_MAT_DOMCMPT,72,MF21,T,2025-05-21T00:00:00,2023,,136617.626
2010,A,0,WESR / Global Material Flows Database,EN_MAT_DOMCMPT,72,MF21,T,2025-05-21T00:00:00,2023,,198226.358
2011,A,0,WESR / Global Material Flows Database,EN_MAT_DOMCMPT,72,MF21,T,2025-05-21T00:00:00,2023,,187431.435
2012,A,0,WESR / Global Material Flows Database,EN_MAT_DOMCMPT,72,MF21,T,2025-05-21T00:00:00,2023,,144891.165
2013,A,0,WESR / Global Material Flows Database,EN_MAT_DOMCMPT,72,MF21,T,2025-05-21T00:00:00,2023,,156230.717
2014,A,0,WESR / Global Material Flows Database,EN_MAT_DOMCMPT,72,MF21,T,2025-05-21T00:00:00,2023,,119344.24
2015,A,0,WESR / Global Material Flows Database,EN_MAT_DOMCMPT,72,MF21,T,2025-05-21T00:00:00,2023,,142246.699
2016,A,0,WESR / Global Material Flows Database,EN_MAT_DOMCMPT,72,MF21,T,2025-05-21T00:00:00,2023,,141333.04
2017,A,0,WESR / Global Material Flows Database,EN_MAT_DOMCMPT,72,MF21,T,2025-05-21T00:00:00,2023,,110473.679
2018,A,0,WESR / Global Material Flows Database,EN_MAT_DOMCMPT,72,MF21,T,2025-05-21T00:00:00,2023,,87624.38118
2019,A,0,WESR / Global Material Flows Database,EN_MAT_DOMCMPT,72,MF21,T,2025-05-21T00:00:00,2023,,150902.91536
2020,A,0,WESR / Global Material Flows Database,EN_MAT_DOMCMPT,72,MF21,T,2025-05-21T00:00:00,2023,,151343.68049
2021,A,0,WESR / Global Material Flows Database,EN_MAT_DOMCMPT,72,MF21,T,2025-05-21T00:00:00,2023,,158051.85544
2022,A,0,WESR / Global Material Flows Database,EN_MAT_DOMCMPT,72,MF21,T,2025-05-21T00:00:00,2023,,164894.69912
2023,A,0,WESR / Global Material Flows Database,EN_MAT_DOMCMPT,72,MF21,T,2025-05-21T00:00:00,2023,,168696.2698
2000,A,0,WESR / Global Material Flows Database,EN_MAT_DOMCMPT,72,MF22,T,2025-05-21T00:00:00,2023,,4677469.35688
2001,A,0,WESR / Global Material Flows Database,EN_MAT_DOMCMPT,72,MF22,T,2025-05-21T00:00:00,2023,,5059819.95221
2002,A,0,WESR / Global Material Flows Database,EN_MAT_DOMCMPT,72,MF22,T,2025-05-21T00:00:00,2023,,6129959.82665
2003,A,0,WESR / Global Material Flows Database,EN_MAT_DOMCMPT,72,MF22,T,2025-05-21T00:00:00,2023,,7308274.94504
2004,A,0,WESR / Global Material Flows Database,EN_MAT_DOMCMPT,72,MF22,T,2025-05-21T00:00:00,2023,,6465092.86353
2005,A,0,WESR / Global Material Flows Database,EN_MAT_DOMCMPT,72,MF22,T,2025-05-21T00:00:00,2023,,9085769.45823
2006,A,0,WESR / Global Material Flows Database,EN_MAT_DOMCMPT,72,MF22,T,2025-05-21T00:00:00,2023,,9278292.61984
2007,A,0,WESR / Global Material Flows Database,EN_MAT_DOMCMPT,72,MF22,T,2025-05-21T00:00:00,2023,,7896435.13302
2008,A,0,WESR / Global Material Flows Database,EN_MAT_DOMCMPT,72,MF22,T,2025-05-21T00:00:00,2023,,10026895.20026
2009,A,0,WESR / Global Material Flows Database,EN_MAT_DOMCMPT,72,MF22,T,2025-05-21T00:00:00,2023,,9452861.43687
2010,A,0,WESR / Global Material Flows Database,EN_MAT_DOMCMPT,72,MF22,T,2025-05-21T00:00:00,2023,,8907018.51165
2011,A,0,WESR / Global Material Flows Database,EN_MAT_DOMCMPT,72,MF22,T,2025-05-21T00:00:00,2023,,7184019.38554
2012,A,0,WESR / Global Material Flows Database,EN_MAT_DOMCMPT,72,MF22,T,2025-05-21T00:00:00,2023,,8143324.47627
2013,A,0,WESR / Global Material Flows Database,EN_MAT_DOMCMPT,72,MF22,T,2025-05-21T00:00:00,2023,,9842037.08612
2014,A,0,WESR / Global Material Flows Database,EN_MAT_DOMCMPT,72,MF22,T,2025-05-21T00:00:00,2023,,7610906.87799
2015,A,0,WESR / Global Material Flows Database,EN_MAT_DOMCMPT,72,MF22,T,2025-05-21T00:00:00,2023,,5595211.89214
2016,A,0,WESR / Global Material Flows Database,EN_MAT_DOMCMPT,72,MF22,T,2025-05-21T00:00:00,2023,,4889277.44225
2017,A,0,WESR / Global Material Flows Database,EN_MAT_DOMCMPT,72,MF22,T,2025-05-21T00:00:00,2023,,3774914.00522
2018,A,0,WESR / Global Material Flows Database,EN_MAT_DOMCMPT,72,MF22,T,2025-05-21T00:00:00,2023,,3798327.44325
2019,A,0,WESR / Global Material Flows Database,EN_MAT_DOMCMPT,72,MF22,T,2025-05-21T00:00:00,2023,,3568271.8979
2020,A,0,WESR / Global Material Flows Database,EN_MAT_DOMCMPT,72,MF22,T,2025-05-21T00:00:00,2023,,502480.47033
2021,A,0,WESR / Global Material Flows Database,EN_MAT_DOMCMPT,72,MF22,T,2025-05-21T00:00:00,2023,,524716.44602
2022,A,0,WESR / Global Material Flows Database,EN_MAT_DOMCMPT,72,MF22,T,2025-05-21T00:00:00,2023,,552859.57357
2023,A,0,WESR / Global Material Flows Database,EN_MAT_DOMCMPT,72,MF22,T,2025-05-21T00:00:00,2023,,575832.61329
2000,A,0,WESR / Global Material Flows Database,EN_MAT_DOMCMPT,72,MF3,T,2025-05-21T00:00:00,2023,,33309682.84949
2001,A,0,WESR / Global Material Flows Database,EN_MAT_DOMCMPT,72,MF3,T,2025-05-21T00:00:00,2023,,41903334.21787
2002,A,0,WESR / Global Material Flows Database,EN_MAT_DOMCMPT,72,MF3,T,2025-05-21T00:00:00,2023,,45632554.40073
2003,A,0,WESR / Global Material Flows Database,EN_MAT_DOMCMPT,72,MF3,T,2025-05-21T00:00:00,2023,,45980533.23614
2004,A,0,WESR / Global Material Flows Database,EN_MAT_DOMCMPT,72,MF3,T,2025-05-21T00:00:00,2023,,41128088.18689
2005,A,0,WESR / Global Material Flows Database,EN_MAT_DOMCMPT,72,MF3,T,2025-05-21T00:00:00,2023,,39756425.04362
2006,A,0,WESR / Global Material Flows Database,EN_MAT_DOMCMPT,72,MF3,T,2025-05-21T00:00:00,2023,,58290705.30755
2007,A,0,WESR / Global Material Flows Database,EN_MAT_DOMCMPT,72,MF3,T,2025-05-21T00:00:00,2023,,53932044.53586
2008,A,0,WESR / Global Material Flows Database,EN_MAT_DOMCMPT,72,MF3,T,2025-05-21T00:00:00,2023,,53206837.1542
2009,A,0,WESR / Global Material Flows Database,EN_MAT_DOMCMPT,72,MF3,T,2025-05-21T00:00:00,2023,,32055190.0744
2010,A,0,WESR / Global Material Flows Database,EN_MAT_DOMCMPT,72,MF3,T,2025-05-21T00:00:00,2023,,38180400.77961
2011,A,0,WESR / Global Material Flows Database,EN_MAT_DOMCMPT,72,MF3,T,2025-05-21T00:00:00,2023,,39341976.00484
2012,A,0,WESR / Global Material Flows Database,EN_MAT_DOMCMPT,72,MF3,T,2025-05-21T00:00:00,2023,,35125373.42293
2013,A,0,WESR / Global Material Flows Database,EN_MAT_DOMCMPT,72,MF3,T,2025-05-21T00:00:00,2023,,38182741.92863
2014,A,0,WESR / Global Material Flows Database,EN_MAT_DOMCMPT,72,MF3,T,2025-05-21T00:00:00,2023,,38925021.04843
2015,A,0,WESR / Global Material Flows Database,EN_MAT_DOMCMPT,72,MF3,T,2025-05-21T00:00:00,2023,,29769613.75436
2016,A,0,WESR / Global Material Flows Database,EN_MAT_DOMCMPT,72,MF3,T,2025-05-21T00:00:00,2023,,29967883.97537
2017,A,0,WESR / Global Material Flows Database,EN_MAT_DOMCMPT,72,MF3,T,2025-05-21T00:00:00,2023,,32619458.42609
2018,A,0,WESR / Global Material Flows Database,EN_MAT_DOMCMPT,72,MF3,T,2025-05-21T00:00:00,2023,,34688073.39081
2019,A,0,WESR / Global Material Flows Database,EN_MAT_DOMCMPT,72,MF3,T,2025-05-21T00:00:00,2023,,33765359.31724
2020,A,0,WESR / Global Material Flows Database,EN_MAT_DOMCMPT,72,MF3,T,2025-05-21T00:00:00,2023,,24200971.06435
2021,A,0,WESR / Global Material Flows Database,EN_MAT_DOMCMPT,72,MF3,T,2025-05-21T00:00:00,2023,,25623370.15879
2022,A,0,WESR / Global Material Flows Database,EN_MAT_DOMCMPT,72,MF3,T,2025-05-21T00:00:00,2023,,26522949.37428
2023,A,0,WESR / Global Material Flows Database,EN_MAT_DOMCMPT,72,MF3,T,2025-05-21T00:00:00,2023,,26770162.59969
2000,A,0,WESR / Global Material Flows Database,EN_MAT_DOMCMPT,72,MF4,T,2025-05-21T00:00:00,2023,,968000.0
2001,A,0,WESR / Global Material Flows Database,EN_MAT_DOMCMPT,72,MF4,T,2025-05-21T00:00:00,2023,,953000.0
2002,A,0,WESR / Global Material Flows Database,EN_MAT_DOMCMPT,72,MF4,T,2025-05-21T00:00:00,2023,,978000.0
2003,A,0,WESR / Global Material Flows Database,EN_MAT_DOMCMPT,72,MF4,T,2025-05-21T00:00:00,2023,,844000.0
2004,A,0,WESR / Global Material Flows Database,EN_MAT_DOMCMPT,72,MF4,T,2025-05-21T00:00:00,2023,,930000.0
2005,A,0,WESR / Global Material Flows Database,EN_MAT_DOMCMPT,72,MF4,T,2025-05-21T00:00:00,2023,,1002000.0
2006,A,0,WESR / Global Material Flows Database,EN_MAT_DOMCMPT,72,MF4,T,2025-05-21T00:00:00,2023,,979000.0
2007,A,0,WESR / Global Material Flows Database,EN_MAT_DOMCMPT,72,MF4,T,2025-05-21T00:00:00,2023,,843000.0
2008,A,0,WESR / Global Material Flows Database,EN_MAT_DOMCMPT,72,MF4,T,2025-05-21T00:00:00,2023,,913000.0
2009,A,0,WESR / Global Material Flows Database,EN_MAT_DOMCMPT,72,MF4,T,2025-05-21T00:00:00,2023,,738000.0
2010,A,0,WESR / Global Material Flows Database,EN_MAT_DOMCMPT,72,MF4,T,2025-05-21T00:00:00,2023,,932000.0
2011,A,0,WESR / Global Material Flows Database,EN_MAT_DOMCMPT,72,MF4,T,2025-05-21T00:00:00,2023,,669000.0
2012,A,0,WESR / Global Material Flows Database,EN_MAT_DOMCMPT,72,MF4,T,2025-05-21T00:00:00,2023,,1363000.0
2013,A,0,WESR / Global Material Flows Database,EN_MAT_DOMCMPT,72,MF4,T,2025-05-21T00:00:00,2023,,1429000.0
2014,A,0,WESR / Global Material Flows Database,EN_MAT_DOMCMPT,72,MF4,T,2025-05-21T00:00:00,2023,,1518000.0
2015,A,0,WESR / Global Material Flows Database,EN_MAT_DOMCMPT,72,MF4,T,2025-05-21T00:00:00,2023,,1844562.65268
2016,A,0,WESR / Global Material Flows Database,EN_MAT_DOMCMPT,72,MF4,T,2025-05-21T00:00:00,2023,,1668600.0
2017,A,0,WESR / Global Material Flows Database,EN_MAT_DOMCMPT,72,MF4,T,2025-05-21T00:00:00,2023,,1991000.0
2018,A,0,WESR / Global Material Flows Database,EN_MAT_DOMCMPT,72,MF4,T,2025-05-21T00:00:00,2023,,2165025.0
2019,A,0,WESR / Global Material Flows Database,EN_MAT_DOMCMPT,72,MF4,T,2025-05-21T00:00:00,2023,,1806646.0
2020,A,0,WESR / Global Material Flows Database,EN_MAT_DOMCMPT,72,MF4,T,2025-05-21T00:00:00,2023,,1370860.0
2021,A,0,WESR / Global Material Flows Database,EN_MAT_DOMCMPT,72,MF4,T,2025-05-21T00:00:00,2023,,1417155.79703
2022,A,0,WESR / Global Material Flows Database,EN_MAT_DOMCMPT,72,MF4,T,2025-05-21T00:00:00,2023,,1435525.42337
2023,A,0,WESR / Global Material Flows Database,EN_MAT_DOMCMPT,72,MF4,T,2025-05-21T00:00:00,2023,,1417736.37717
2000,A,0,WESR / Global Material Flows Database,EN_MAT_DOMCMPT,72,MF41,T,2025-05-21T00:00:00,2023,,968000.0
2001,A,0,WESR / Global Material Flows Database,EN_MAT_DOMCMPT,72,MF41,T,2025-05-21T00:00:00,2023,,953000.0
2002,A,0,WESR / Global Material Flows Database,EN_MAT_DOMCMPT,72,MF41,T,2025-05-21T00:00:00,2023,,978000.0
2003,A,0,WESR / Global Material Flows Database,EN_MAT_DOMCMPT,72,MF41,T,2025-05-21T00:00:00,2023,,844000.0
2004,A,0,WESR / Global Material Flows Database,EN_MAT_DOMCMPT,72,MF41,T,2025-05-21T00:00:00,2023,,930000.0
2005,A,0,WESR / Global Material Flows Database,EN_MAT_DOMCMPT,72,MF41,T,2025-05-21T00:00:00,2023,,1002000.0
2006,A,0,WESR / Global Material Flows Database,EN_MAT_DOMCMPT,72,MF41,T,2025-05-21T00:00:00,2023,,979000.0
2007,A,0,WESR / Global Material Flows Database,EN_MAT_DOMCMPT,72,MF41,T,2025-05-21T00:00:00,2023,,843000.0
2008,A,0,WESR / Global Material Flows Database,EN_MAT_DOMCMPT,72,MF41,T,2025-05-21T00:00:00,2023,,913000.0
2009,A,0,WESR / Global Material Flows Database,EN_MAT_DOMCMPT,72,MF41,T,2025-05-21T00:00:00,2023,,738000.0
2010,A,0,WESR / Global Material Flows Database,EN_MAT_DOMCMPT,72,MF41,T,2025-05-21T00:00:00,2023,,932000.0
2011,A,0,WESR / Global Material Flows Database,EN_MAT_DOMCMPT,72,MF41,T,2025-05-21T00:00:00,2023,,669000.0
2012,A,0,WESR / Global Material Flows Database,EN_MAT_DOMCMPT,72,MF41,T,2025-05-21T00:00:00,2023,,1363000.0
2013,A,0,WESR / Global Material Flows Database,EN_MAT_DOMCMPT,72,MF41,T,2025-05-21T00:00:00,2023,,1429000.0
2014,A,0,WESR / Global Material Flows Database,EN_MAT_DOMCMPT,72,MF41,T,2025-05-21T00:00:00,2023,,1518000.0
2015,A,0,WESR / Global Material Flows Database,EN_MAT_DOMCMPT,72,MF41,T,2025-05-21T00:00:00,2023,,1843000.0
2016,A,0,WESR / Global Material Flows Database,EN_MAT_DOMCMPT,72,MF41,T,2025-05-21T00:00:00,2023,,1668600.0
2017,A,0,WESR / Global Material Flows Database,EN_MAT_DOMCMPT,72,MF41,T,2025-05-21T00:00:00,2023,,1991000.0
2018,A,0,WESR / Global Material Flows Database,EN_MAT_DOMCMPT,72,MF41,T,2025-05-21T00:00:00,2023,,2165025.0
2019,A,0,WESR / Global Material Flows Database,EN_MAT_DOMCMPT,72,MF41,T,2025-05-21T00:00:00,2023,,1806646.0
2020,A,0,WESR / Global Material Flows Database,EN_MAT_DOMCMPT,72,MF41,T,2025-05-21T00:00:00,2023,,1370860.0
2021,A,0,WESR / Global Material Flows Database,EN_MAT_DOMCMPT,72,MF41,T,2025-05-21T00:00:00,2023,,1417155.79703
2022,A,0,WESR / Global Material Flows Database,EN_MAT_DOMCMPT,72,MF41,T,2025-05-21T00:00:00,2023,,1435525.42337
2023,A,0,WESR / Global Material Flows Database,EN_MAT_DOMCMPT,72,MF41,T,2025-05-21T00:00:00,2023,,1417736.37717
2000,A,0,WESR / Global Material Flows Database,EN_MAT_DOMCMPT,72,MF422,T,2025-05-21T00:00:00,2023,,0.0
2001,A,0,WESR / Global Material Flows Database,EN_MAT_DOMCMPT,72,MF422,T,2025-05-21T00:00:00,2023,,0.0
2002,A,0,WESR / Global Material Flows Database,EN_MAT_DOMCMPT,72,MF422,T,2025-05-21T00:00:00,2023,,0.0
2003,A,0,WESR / Global Material Flows Database,EN_MAT_DOMCMPT,72,MF422,T,2025-05-21T00:00:00,2023,,0.0
2004,A,0,WESR / Global Material Flows Database,EN_MAT_DOMCMPT,72,MF422,T,2025-05-21T00:00:00,2023,,0.0
2005,A,0,WESR / Global Material Flows Database,EN_MAT_DOMCMPT,72,MF422,T,2025-05-21T00:00:00,2023,,0.0
2006,A,0,WESR / Global Material Flows Database,EN_MAT_DOMCMPT,72,MF422,T,2025-05-21T00:00:00,2023,,0.0
2007,A,0,WESR / Global Material Flows Database,EN_MAT_DOMCMPT,72,MF422,T,2025-05-21T00:00:00,2023,,0.0
2008,A,0,WESR / Global Material Flows Database,EN_MAT_DOMCMPT,72,MF422,T,2025-05-21T00:00:00,2023,,0.0
2009,A,0,WESR / Global Material Flows Database,EN_MAT_DOMCMPT,72,MF422,T,2025-05-21T00:00:00,2023,,0.0
2010,A,0,WESR / Global Material Flows Database,EN_MAT_DOMCMPT,72,MF422,T,2025-05-21T00:00:00,2023,,0.0
2011,A,0,WESR / Global Material Flows Database,EN_MAT_DOMCMPT,72,MF422,T,2025-05-21T00:00:00,2023,,0.0
2012,A,0,WESR / Global Material Flows Database,EN_MAT_DOMCMPT,72,MF422,T,2025-05-21T00:00:00,2023,,0.0
2013,A,0,WESR / Global Material Flows Database,EN_MAT_DOMCMPT,72,MF422,T,2025-05-21T00:00:00,2023,,0.0
2014,A,0,WESR / Global Material Flows Database,EN_MAT_DOMCMPT,72,MF422,T,2025-05-21T00:00:00,2023,,0.0
2015,A,0,WESR / Global Material Flows Database,EN_MAT_DOMCMPT,72,MF422,T,2025-05-21T00:00:00,2023,,1562.65268
2016,A,0,WESR / Global Material Flows Database,EN_MAT_DOMCMPT,72,MF422,T,2025-05-21T00:00:00,2023,,0.0
2017,A,0,WESR / Global Material Flows Database,EN_MAT_DOMCMPT,72,MF422,T,2025-05-21T00:00:00,2023,,0.0
2018,A,0,WESR / Global Material Flows Database,EN_MAT_DOMCMPT,72,MF422,T,2025-05-21T00:00:00,2023,,0.0
2019,A,0,WESR / Global Material Flows Database,EN_MAT_DOMCMPT,72,MF422,T,2025-05-21T00:00:00,2023,,0.0
2020,A,0,WESR / Global Material Flows Database,EN_MAT_DOMCMPT,72,MF422,T,2025-05-21T00:00:00,2023,,0.0
2021,A,0,WESR / Global Material Flows Database,EN_MAT_DOMCMPT,72,MF422,T,2025-05-21T00:00:00,2023,,0.0
2022,A,0,WESR / Global Material Flows Database,EN_MAT_DOMCMPT,72,MF422,T,2025-05-21T00:00:00,2023,,0.0
2023,A,0,WESR / Global Material Flows Database,EN_MAT_DOMCMPT,72,MF422,T,2025-05-21T00:00:00,2023,,0.0
