Year,OBS_STATUS,UNIT_MULT,SOURCE_DETAIL,SERIES,REF_AREA,SEX,URBANISATION,INCOME_WEALTH_QUANTILE,EDUCATION_LEV,UNIT_MEASURE,DATA_LAST_UPDATE,TIME_DETAIL,COMMENT_OBS,Value
2001,A,0,Benin Enquête Harmonisée sur les Conditions de Vie des Ménages (EHCVM) 2021-22. The survey collected data on school attendance and educational attainment for age 3 and above. Data extracted on 25 February 2025.,SE_TOT_CPLR,204,None,None,None,ISCED11_1,PT,2025-03-05T00:00:00,2022,,32.89
2006,A,0,Benin Enquête Harmonisée sur les Conditions de Vie des Ménages (EHCVM) 2021-22. The survey collected data on school attendance and educational attainment for age 3 and above. Data extracted on 25 February 2025.,SE_TOT_CPLR,204,None,None,None,ISCED11_1,PT,2025-03-05T00:00:00,2022,,49.21066
2011,A,0,Benin Enquête Harmonisée sur les Conditions de Vie des Ménages (EHCVM) 2021-22. The survey collected data on school attendance and educational attainment for age 3 and above. Data extracted on 25 February 2025.,SE_TOT_CPLR,204,None,None,None,ISCED11_1,PT,2025-03-05T00:00:00,2022,,59.41194
2013,A,0,Benin Enquête Harmonisée sur les Conditions de Vie des Ménages (EHCVM) 2021-22. The survey collected data on school attendance and educational attainment for age 3 and above. Data extracted on 25 February 2025.,SE_TOT_CPLR,204,None,None,None,ISCED11_1,PT,2025-03-05T00:00:00,2022,,57.0
2014,A,0,Benin Enquête Harmonisée sur les Conditions de Vie des Ménages (EHCVM) 2021-22. The survey collected data on school attendance and educational attainment for age 3 and above. Data extracted on 25 February 2025.,SE_TOT_CPLR,204,None,None,None,ISCED11_1,PT,2025-03-05T00:00:00,2022,,54.11723
2017,A,0,Benin Enquête Harmonisée sur les Conditions de Vie des Ménages (EHCVM) 2021-22. The survey collected data on school attendance and educational attainment for age 3 and above. Data extracted on 25 February 2025.,SE_TOT_CPLR,204,None,None,None,ISCED11_1,PT,2025-03-05T00:00:00,2022,,51.82676
2019,A,0,Benin Enquête Harmonisée sur les Conditions de Vie des Ménages (EHCVM) 2021-22. The survey collected data on school attendance and educational attainment for age 3 and above. Data extracted on 25 February 2025.,SE_TOT_CPLR,204,None,None,None,ISCED11_1,PT,2025-03-05T00:00:00,2022,,53.44025
2021,A,0,Benin Enquête Harmonisée sur les Conditions de Vie des Ménages (EHCVM) 2021-22. The survey collected data on school attendance and educational attainment for age 3 and above. Data extracted on 25 February 2025.,SE_TOT_CPLR,204,None,None,None,ISCED11_1,PT,2025-03-05T00:00:00,2022,,51.97393
2022,A,0,Benin Enquête Harmonisée sur les Conditions de Vie des Ménages (EHCVM) 2021-22. The survey collected data on school attendance and educational attainment for age 3 and above. Data extracted on 25 February 2025.,SE_TOT_CPLR,204,None,None,None,ISCED11_1,PT,2025-03-05T00:00:00,2022,,50.40588
2001,A,0,Benin Enquête Harmonisée sur les Conditions de Vie des Ménages (EHCVM) 2021-22. The survey collected data on school attendance and educational attainment for age 3 and above. Data extracted on 25 February 2025.,SE_TOT_CPLR,204,None,None,None,ISCED11_2,PT,2025-03-05T00:00:00,2022,,11.1
2006,A,0,Benin Enquête Harmonisée sur les Conditions de Vie des Ménages (EHCVM) 2021-22. The survey collected data on school attendance and educational attainment for age 3 and above. Data extracted on 25 February 2025.,SE_TOT_CPLR,204,None,None,None,ISCED11_2,PT,2025-03-05T00:00:00,2022,,21.28594
2011,A,0,Benin Enquête Harmonisée sur les Conditions de Vie des Ménages (EHCVM) 2021-22. The survey collected data on school attendance and educational attainment for age 3 and above. Data extracted on 25 February 2025.,SE_TOT_CPLR,204,None,None,None,ISCED11_2,PT,2025-03-05T00:00:00,2022,,30.07267
2013,A,0,Benin Enquête Harmonisée sur les Conditions de Vie des Ménages (EHCVM) 2021-22. The survey collected data on school attendance and educational attainment for age 3 and above. Data extracted on 25 February 2025.,SE_TOT_CPLR,204,None,None,None,ISCED11_2,PT,2025-03-05T00:00:00,2022,,28.3
2014,A,0,Benin Enquête Harmonisée sur les Conditions de Vie des Ménages (EHCVM) 2021-22. The survey collected data on school attendance and educational attainment for age 3 and above. Data extracted on 25 February 2025.,SE_TOT_CPLR,204,None,None,None,ISCED11_2,PT,2025-03-05T00:00:00,2022,,27.6143
2017,A,0,Benin Enquête Harmonisée sur les Conditions de Vie des Ménages (EHCVM) 2021-22. The survey collected data on school attendance and educational attainment for age 3 and above. Data extracted on 25 February 2025.,SE_TOT_CPLR,204,None,None,None,ISCED11_2,PT,2025-03-05T00:00:00,2022,,21.41198
2019,A,0,Benin Enquête Harmonisée sur les Conditions de Vie des Ménages (EHCVM) 2021-22. The survey collected data on school attendance and educational attainment for age 3 and above. Data extracted on 25 February 2025.,SE_TOT_CPLR,204,None,None,None,ISCED11_2,PT,2025-03-05T00:00:00,2022,,25.58214
2021,A,0,Benin Enquête Harmonisée sur les Conditions de Vie des Ménages (EHCVM) 2021-22. The survey collected data on school attendance and educational attainment for age 3 and above. Data extracted on 25 February 2025.,SE_TOT_CPLR,204,None,None,None,ISCED11_2,PT,2025-03-05T00:00:00,2022,,25.38067
2022,A,0,Benin Enquête Harmonisée sur les Conditions de Vie des Ménages (EHCVM) 2021-22. The survey collected data on school attendance and educational attainment for age 3 and above. Data extracted on 25 February 2025.,SE_TOT_CPLR,204,None,None,None,ISCED11_2,PT,2025-03-05T00:00:00,2022,,28.6605
2001,A,0,Benin Enquête Harmonisée sur les Conditions de Vie des Ménages (EHCVM) 2021-22. The survey collected data on school attendance and educational attainment for age 3 and above. Data extracted on 25 February 2025.,SE_TOT_CPLR,204,None,None,None,ISCED11_3,PT,2025-03-05T00:00:00,2022,,4.05
2006,A,0,Benin Enquête Harmonisée sur les Conditions de Vie des Ménages (EHCVM) 2021-22. The survey collected data on school attendance and educational attainment for age 3 and above. Data extracted on 25 February 2025.,SE_TOT_CPLR,204,None,None,None,ISCED11_3,PT,2025-03-05T00:00:00,2022,,9.17388
2011,A,0,Benin Enquête Harmonisée sur les Conditions de Vie des Ménages (EHCVM) 2021-22. The survey collected data on school attendance and educational attainment for age 3 and above. Data extracted on 25 February 2025.,SE_TOT_CPLR,204,None,None,None,ISCED11_3,PT,2025-03-05T00:00:00,2022,,14.69865
2013,A,0,Benin Enquête Harmonisée sur les Conditions de Vie des Ménages (EHCVM) 2021-22. The survey collected data on school attendance and educational attainment for age 3 and above. Data extracted on 25 February 2025.,SE_TOT_CPLR,204,None,None,None,ISCED11_3,PT,2025-03-05T00:00:00,2022,,11.4
2014,A,0,Benin Enquête Harmonisée sur les Conditions de Vie des Ménages (EHCVM) 2021-22. The survey collected data on school attendance and educational attainment for age 3 and above. Data extracted on 25 February 2025.,SE_TOT_CPLR,204,None,None,None,ISCED11_3,PT,2025-03-05T00:00:00,2022,,10.24648
2017,A,0,Benin Enquête Harmonisée sur les Conditions de Vie des Ménages (EHCVM) 2021-22. The survey collected data on school attendance and educational attainment for age 3 and above. Data extracted on 25 February 2025.,SE_TOT_CPLR,204,None,None,None,ISCED11_3,PT,2025-03-05T00:00:00,2022,,9.66951
2019,A,0,Benin Enquête Harmonisée sur les Conditions de Vie des Ménages (EHCVM) 2021-22. The survey collected data on school attendance and educational attainment for age 3 and above. Data extracted on 25 February 2025.,SE_TOT_CPLR,204,None,None,None,ISCED11_3,PT,2025-03-05T00:00:00,2022,,11.92511
2021,A,0,Benin Enquête Harmonisée sur les Conditions de Vie des Ménages (EHCVM) 2021-22. The survey collected data on school attendance and educational attainment for age 3 and above. Data extracted on 25 February 2025.,SE_TOT_CPLR,204,None,None,None,ISCED11_3,PT,2025-03-05T00:00:00,2022,,12.5159
2022,A,0,Benin Enquête Harmonisée sur les Conditions de Vie des Ménages (EHCVM) 2021-22. The survey collected data on school attendance and educational attainment for age 3 and above. Data extracted on 25 February 2025.,SE_TOT_CPLR,204,None,None,None,ISCED11_3,PT,2025-03-05T00:00:00,2022,,11.77716
2006,A,0,Benin MICS 2021-22. The survey collected data on school attendance for age 3-24 and educational attainment for age 5 and above. Data extracted on 25 February 2025.,SE_TOT_CPLR,204,None,None,Q1,ISCED11_1,PT,2025-03-05T00:00:00,2021,,19.72232
2011,A,0,Benin MICS 2021-22. The survey collected data on school attendance for age 3-24 and educational attainment for age 5 and above. Data extracted on 25 February 2025.,SE_TOT_CPLR,204,None,None,Q1,ISCED11_1,PT,2025-03-05T00:00:00,2021,,32.94436
2014,A,0,Benin MICS 2021-22. The survey collected data on school attendance for age 3-24 and educational attainment for age 5 and above. Data extracted on 25 February 2025.,SE_TOT_CPLR,204,None,None,Q1,ISCED11_1,PT,2025-03-05T00:00:00,2021,,27.57055
2017,A,0,Benin MICS 2021-22. The survey collected data on school attendance for age 3-24 and educational attainment for age 5 and above. Data extracted on 25 February 2025.,SE_TOT_CPLR,204,None,None,Q1,ISCED11_1,PT,2025-03-05T00:00:00,2021,,21.72599
2021,A,0,Benin MICS 2021-22. The survey collected data on school attendance for age 3-24 and educational attainment for age 5 and above. Data extracted on 25 February 2025.,SE_TOT_CPLR,204,None,None,Q1,ISCED11_1,PT,2025-03-05T00:00:00,2021,,22.03426
2006,A,0,Benin MICS 2021-22. The survey collected data on school attendance for age 3-24 and educational attainment for age 5 and above. Data extracted on 25 February 2025.,SE_TOT_CPLR,204,None,None,Q1,ISCED11_2,PT,2025-03-05T00:00:00,2021,,3.64963
2011,A,0,Benin MICS 2021-22. The survey collected data on school attendance for age 3-24 and educational attainment for age 5 and above. Data extracted on 25 February 2025.,SE_TOT_CPLR,204,None,None,Q1,ISCED11_2,PT,2025-03-05T00:00:00,2021,,5.9307
2014,A,0,Benin MICS 2021-22. The survey collected data on school attendance for age 3-24 and educational attainment for age 5 and above. Data extracted on 25 February 2025.,SE_TOT_CPLR,204,None,None,Q1,ISCED11_2,PT,2025-03-05T00:00:00,2021,,7.73479
2017,A,0,Benin MICS 2021-22. The survey collected data on school attendance for age 3-24 and educational attainment for age 5 and above. Data extracted on 25 February 2025.,SE_TOT_CPLR,204,None,None,Q1,ISCED11_2,PT,2025-03-05T00:00:00,2021,,3.42503
2021,A,0,Benin MICS 2021-22. The survey collected data on school attendance for age 3-24 and educational attainment for age 5 and above. Data extracted on 25 February 2025.,SE_TOT_CPLR,204,None,None,Q1,ISCED11_2,PT,2025-03-05T00:00:00,2021,,4.48132
2006,A,0,Benin MICS 2021-22. The survey collected data on school attendance for age 3-24 and educational attainment for age 5 and above. Data extracted on 25 February 2025.,SE_TOT_CPLR,204,None,None,Q1,ISCED11_3,PT,2025-03-05T00:00:00,2021,,0.18042
2011,A,0,Benin MICS 2021-22. The survey collected data on school attendance for age 3-24 and educational attainment for age 5 and above. Data extracted on 25 February 2025.,SE_TOT_CPLR,204,None,None,Q1,ISCED11_3,PT,2025-03-05T00:00:00,2021,,0.52344
2014,A,0,Benin MICS 2021-22. The survey collected data on school attendance for age 3-24 and educational attainment for age 5 and above. Data extracted on 25 February 2025.,SE_TOT_CPLR,204,None,None,Q1,ISCED11_3,PT,2025-03-05T00:00:00,2021,,0.6535
2018,A,0,Benin MICS 2021-22. The survey collected data on school attendance for age 3-24 and educational attainment for age 5 and above. Data extracted on 25 February 2025.,SE_TOT_CPLR,204,None,None,Q1,ISCED11_3,PT,2025-03-05T00:00:00,2021,,0.57
2021,A,0,Benin MICS 2021-22. The survey collected data on school attendance for age 3-24 and educational attainment for age 5 and above. Data extracted on 25 February 2025.,SE_TOT_CPLR,204,None,None,Q1,ISCED11_3,PT,2025-03-05T00:00:00,2021,,2.78109
2006,A,0,Benin MICS 2021-22. The survey collected data on school attendance for age 3-24 and educational attainment for age 5 and above. Data extracted on 25 February 2025.,SE_TOT_CPLR,204,None,None,Q2,ISCED11_1,PT,2025-03-05T00:00:00,2021,,32.41127
2011,A,0,Benin MICS 2021-22. The survey collected data on school attendance for age 3-24 and educational attainment for age 5 and above. Data extracted on 25 February 2025.,SE_TOT_CPLR,204,None,None,Q2,ISCED11_1,PT,2025-03-05T00:00:00,2021,,47.69865
2014,A,0,Benin MICS 2021-22. The survey collected data on school attendance for age 3-24 and educational attainment for age 5 and above. Data extracted on 25 February 2025.,SE_TOT_CPLR,204,None,None,Q2,ISCED11_1,PT,2025-03-05T00:00:00,2021,,43.0439
2017,A,0,Benin MICS 2021-22. The survey collected data on school attendance for age 3-24 and educational attainment for age 5 and above. Data extracted on 25 February 2025.,SE_TOT_CPLR,204,None,None,Q2,ISCED11_1,PT,2025-03-05T00:00:00,2021,,38.05457
2021,A,0,Benin MICS 2021-22. The survey collected data on school attendance for age 3-24 and educational attainment for age 5 and above. Data extracted on 25 February 2025.,SE_TOT_CPLR,204,None,None,Q2,ISCED11_1,PT,2025-03-05T00:00:00,2021,,37.07853
2006,A,0,Benin MICS 2021-22. The survey collected data on school attendance for age 3-24 and educational attainment for age 5 and above. Data extracted on 25 February 2025.,SE_TOT_CPLR,204,None,None,Q2,ISCED11_2,PT,2025-03-05T00:00:00,2021,,9.49224
2011,A,0,Benin MICS 2021-22. The survey collected data on school attendance for age 3-24 and educational attainment for age 5 and above. Data extracted on 25 February 2025.,SE_TOT_CPLR,204,None,None,Q2,ISCED11_2,PT,2025-03-05T00:00:00,2021,,13.24553
2014,A,0,Benin MICS 2021-22. The survey collected data on school attendance for age 3-24 and educational attainment for age 5 and above. Data extracted on 25 February 2025.,SE_TOT_CPLR,204,None,None,Q2,ISCED11_2,PT,2025-03-05T00:00:00,2021,,14.42144
2017,A,0,Benin MICS 2021-22. The survey collected data on school attendance for age 3-24 and educational attainment for age 5 and above. Data extracted on 25 February 2025.,SE_TOT_CPLR,204,None,None,Q2,ISCED11_2,PT,2025-03-05T00:00:00,2021,,12.20591
2021,A,0,Benin MICS 2021-22. The survey collected data on school attendance for age 3-24 and educational attainment for age 5 and above. Data extracted on 25 February 2025.,SE_TOT_CPLR,204,None,None,Q2,ISCED11_2,PT,2025-03-05T00:00:00,2021,,9.99205
2006,A,0,Benin MICS 2021-22. The survey collected data on school attendance for age 3-24 and educational attainment for age 5 and above. Data extracted on 25 February 2025.,SE_TOT_CPLR,204,None,None,Q2,ISCED11_3,PT,2025-03-05T00:00:00,2021,,1.40899
2011,A,0,Benin MICS 2021-22. The survey collected data on school attendance for age 3-24 and educational attainment for age 5 and above. Data extracted on 25 February 2025.,SE_TOT_CPLR,204,None,None,Q2,ISCED11_3,PT,2025-03-05T00:00:00,2021,,2.72225
2014,A,0,Benin MICS 2021-22. The survey collected data on school attendance for age 3-24 and educational attainment for age 5 and above. Data extracted on 25 February 2025.,SE_TOT_CPLR,204,None,None,Q2,ISCED11_3,PT,2025-03-05T00:00:00,2021,,0.31996
2017,A,0,Benin MICS 2021-22. The survey collected data on school attendance for age 3-24 and educational attainment for age 5 and above. Data extracted on 25 February 2025.,SE_TOT_CPLR,204,None,None,Q2,ISCED11_3,PT,2025-03-05T00:00:00,2021,,1.30028
2021,A,0,Benin MICS 2021-22. The survey collected data on school attendance for age 3-24 and educational attainment for age 5 and above. Data extracted on 25 February 2025.,SE_TOT_CPLR,204,None,None,Q2,ISCED11_3,PT,2025-03-05T00:00:00,2021,,2.30885
2006,A,0,Benin MICS 2021-22. The survey collected data on school attendance for age 3-24 and educational attainment for age 5 and above. Data extracted on 25 February 2025.,SE_TOT_CPLR,204,None,None,Q3,ISCED11_1,PT,2025-03-05T00:00:00,2021,,43.10637
2011,A,0,Benin MICS 2021-22. The survey collected data on school attendance for age 3-24 and educational attainment for age 5 and above. Data extracted on 25 February 2025.,SE_TOT_CPLR,204,None,None,Q3,ISCED11_1,PT,2025-03-05T00:00:00,2021,,58.05881
2014,A,0,Benin MICS 2021-22. The survey collected data on school attendance for age 3-24 and educational attainment for age 5 and above. Data extracted on 25 February 2025.,SE_TOT_CPLR,204,None,None,Q3,ISCED11_1,PT,2025-03-05T00:00:00,2021,,53.14716
2017,A,0,Benin MICS 2021-22. The survey collected data on school attendance for age 3-24 and educational attainment for age 5 and above. Data extracted on 25 February 2025.,SE_TOT_CPLR,204,None,None,Q3,ISCED11_1,PT,2025-03-05T00:00:00,2021,,50.95526
2021,A,0,Benin MICS 2021-22. The survey collected data on school attendance for age 3-24 and educational attainment for age 5 and above. Data extracted on 25 February 2025.,SE_TOT_CPLR,204,None,None,Q3,ISCED11_1,PT,2025-03-05T00:00:00,2021,,48.99104
2006,A,0,Benin MICS 2021-22. The survey collected data on school attendance for age 3-24 and educational attainment for age 5 and above. Data extracted on 25 February 2025.,SE_TOT_CPLR,204,None,None,Q3,ISCED11_2,PT,2025-03-05T00:00:00,2021,,10.13029
2011,A,0,Benin MICS 2021-22. The survey collected data on school attendance for age 3-24 and educational attainment for age 5 and above. Data extracted on 25 February 2025.,SE_TOT_CPLR,204,None,None,Q3,ISCED11_2,PT,2025-03-05T00:00:00,2021,,21.12339
2014,A,0,Benin MICS 2021-22. The survey collected data on school attendance for age 3-24 and educational attainment for age 5 and above. Data extracted on 25 February 2025.,SE_TOT_CPLR,204,None,None,Q3,ISCED11_2,PT,2025-03-05T00:00:00,2021,,18.58142
2017,A,0,Benin MICS 2021-22. The survey collected data on school attendance for age 3-24 and educational attainment for age 5 and above. Data extracted on 25 February 2025.,SE_TOT_CPLR,204,None,None,Q3,ISCED11_2,PT,2025-03-05T00:00:00,2021,,14.64212
2021,A,0,Benin MICS 2021-22. The survey collected data on school attendance for age 3-24 and educational attainment for age 5 and above. Data extracted on 25 February 2025.,SE_TOT_CPLR,204,None,None,Q3,ISCED11_2,PT,2025-03-05T00:00:00,2021,,19.47374
2006,A,0,Benin MICS 2021-22. The survey collected data on school attendance for age 3-24 and educational attainment for age 5 and above. Data extracted on 25 February 2025.,SE_TOT_CPLR,204,None,None,Q3,ISCED11_3,PT,2025-03-05T00:00:00,2021,,1.5562
2011,A,0,Benin MICS 2021-22. The survey collected data on school attendance for age 3-24 and educational attainment for age 5 and above. Data extracted on 25 February 2025.,SE_TOT_CPLR,204,None,None,Q3,ISCED11_3,PT,2025-03-05T00:00:00,2021,,4.97923
2014,A,0,Benin MICS 2021-22. The survey collected data on school attendance for age 3-24 and educational attainment for age 5 and above. Data extracted on 25 February 2025.,SE_TOT_CPLR,204,None,None,Q3,ISCED11_3,PT,2025-03-05T00:00:00,2021,,3.84361
2017,A,0,Benin MICS 2021-22. The survey collected data on school attendance for age 3-24 and educational attainment for age 5 and above. Data extracted on 25 February 2025.,SE_TOT_CPLR,204,None,None,Q3,ISCED11_3,PT,2025-03-05T00:00:00,2021,,4.903
2021,A,0,Benin MICS 2021-22. The survey collected data on school attendance for age 3-24 and educational attainment for age 5 and above. Data extracted on 25 February 2025.,SE_TOT_CPLR,204,None,None,Q3,ISCED11_3,PT,2025-03-05T00:00:00,2021,,4.77997
2006,A,0,Benin MICS 2021-22. The survey collected data on school attendance for age 3-24 and educational attainment for age 5 and above. Data extracted on 25 February 2025.,SE_TOT_CPLR,204,None,None,Q4,ISCED11_1,PT,2025-03-05T00:00:00,2021,,59.11321
2011,A,0,Benin MICS 2021-22. The survey collected data on school attendance for age 3-24 and educational attainment for age 5 and above. Data extracted on 25 February 2025.,SE_TOT_CPLR,204,None,None,Q4,ISCED11_1,PT,2025-03-05T00:00:00,2021,,73.87517
2014,A,0,Benin MICS 2021-22. The survey collected data on school attendance for age 3-24 and educational attainment for age 5 and above. Data extracted on 25 February 2025.,SE_TOT_CPLR,204,None,None,Q4,ISCED11_1,PT,2025-03-05T00:00:00,2021,,65.47079
2017,A,0,Benin MICS 2021-22. The survey collected data on school attendance for age 3-24 and educational attainment for age 5 and above. Data extracted on 25 February 2025.,SE_TOT_CPLR,204,None,None,Q4,ISCED11_1,PT,2025-03-05T00:00:00,2021,,63.75497
2021,A,0,Benin MICS 2021-22. The survey collected data on school attendance for age 3-24 and educational attainment for age 5 and above. Data extracted on 25 February 2025.,SE_TOT_CPLR,204,None,None,Q4,ISCED11_1,PT,2025-03-05T00:00:00,2021,,64.84579
2006,A,0,Benin MICS 2021-22. The survey collected data on school attendance for age 3-24 and educational attainment for age 5 and above. Data extracted on 25 February 2025.,SE_TOT_CPLR,204,None,None,Q4,ISCED11_2,PT,2025-03-05T00:00:00,2021,,20.48206
2011,A,0,Benin MICS 2021-22. The survey collected data on school attendance for age 3-24 and educational attainment for age 5 and above. Data extracted on 25 February 2025.,SE_TOT_CPLR,204,None,None,Q4,ISCED11_2,PT,2025-03-05T00:00:00,2021,,33.87059
2014,A,0,Benin MICS 2021-22. The survey collected data on school attendance for age 3-24 and educational attainment for age 5 and above. Data extracted on 25 February 2025.,SE_TOT_CPLR,204,None,None,Q4,ISCED11_2,PT,2025-03-05T00:00:00,2021,,31.59846
2017,A,0,Benin MICS 2021-22. The survey collected data on school attendance for age 3-24 and educational attainment for age 5 and above. Data extracted on 25 February 2025.,SE_TOT_CPLR,204,None,None,Q4,ISCED11_2,PT,2025-03-05T00:00:00,2021,,24.30201
2021,A,0,Benin MICS 2021-22. The survey collected data on school attendance for age 3-24 and educational attainment for age 5 and above. Data extracted on 25 February 2025.,SE_TOT_CPLR,204,None,None,Q4,ISCED11_2,PT,2025-03-05T00:00:00,2021,,30.82291
2006,A,0,Benin MICS 2021-22. The survey collected data on school attendance for age 3-24 and educational attainment for age 5 and above. Data extracted on 25 February 2025.,SE_TOT_CPLR,204,None,None,Q4,ISCED11_3,PT,2025-03-05T00:00:00,2021,,5.27196
2011,A,0,Benin MICS 2021-22. The survey collected data on school attendance for age 3-24 and educational attainment for age 5 and above. Data extracted on 25 February 2025.,SE_TOT_CPLR,204,None,None,Q4,ISCED11_3,PT,2025-03-05T00:00:00,2021,,9.56501
2014,A,0,Benin MICS 2021-22. The survey collected data on school attendance for age 3-24 and educational attainment for age 5 and above. Data extracted on 25 February 2025.,SE_TOT_CPLR,204,None,None,Q4,ISCED11_3,PT,2025-03-05T00:00:00,2021,,6.82896
2017,A,0,Benin MICS 2021-22. The survey collected data on school attendance for age 3-24 and educational attainment for age 5 and above. Data extracted on 25 February 2025.,SE_TOT_CPLR,204,None,None,Q4,ISCED11_3,PT,2025-03-05T00:00:00,2021,,5.5956
2021,A,0,Benin MICS 2021-22. The survey collected data on school attendance for age 3-24 and educational attainment for age 5 and above. Data extracted on 25 February 2025.,SE_TOT_CPLR,204,None,None,Q4,ISCED11_3,PT,2025-03-05T00:00:00,2021,,11.79655
2006,A,0,Benin MICS 2021-22. The survey collected data on school attendance for age 3-24 and educational attainment for age 5 and above. Data extracted on 25 February 2025.,SE_TOT_CPLR,204,None,None,Q5,ISCED11_1,PT,2025-03-05T00:00:00,2021,,74.10689
2011,A,0,Benin MICS 2021-22. The survey collected data on school attendance for age 3-24 and educational attainment for age 5 and above. Data extracted on 25 February 2025.,SE_TOT_CPLR,204,None,None,Q5,ISCED11_1,PT,2025-03-05T00:00:00,2021,,80.25189
2014,A,0,Benin MICS 2021-22. The survey collected data on school attendance for age 3-24 and educational attainment for age 5 and above. Data extracted on 25 February 2025.,SE_TOT_CPLR,204,None,None,Q5,ISCED11_1,PT,2025-03-05T00:00:00,2021,,79.13946
2017,A,0,Benin MICS 2021-22. The survey collected data on school attendance for age 3-24 and educational attainment for age 5 and above. Data extracted on 25 February 2025.,SE_TOT_CPLR,204,None,None,Q5,ISCED11_1,PT,2025-03-05T00:00:00,2021,,77.61468
2021,A,0,Benin MICS 2021-22. The survey collected data on school attendance for age 3-24 and educational attainment for age 5 and above. Data extracted on 25 February 2025.,SE_TOT_CPLR,204,None,None,Q5,ISCED11_1,PT,2025-03-05T00:00:00,2021,,77.71859
2006,A,0,Benin MICS 2021-22. The survey collected data on school attendance for age 3-24 and educational attainment for age 5 and above. Data extracted on 25 February 2025.,SE_TOT_CPLR,204,None,None,Q5,ISCED11_2,PT,2025-03-05T00:00:00,2021,,48.05546
2011,A,0,Benin MICS 2021-22. The survey collected data on school attendance for age 3-24 and educational attainment for age 5 and above. Data extracted on 25 February 2025.,SE_TOT_CPLR,204,None,None,Q5,ISCED11_2,PT,2025-03-05T00:00:00,2021,,58.23543
2014,A,0,Benin MICS 2021-22. The survey collected data on school attendance for age 3-24 and educational attainment for age 5 and above. Data extracted on 25 February 2025.,SE_TOT_CPLR,204,None,None,Q5,ISCED11_2,PT,2025-03-05T00:00:00,2021,,52.85734
2017,A,0,Benin MICS 2021-22. The survey collected data on school attendance for age 3-24 and educational attainment for age 5 and above. Data extracted on 25 February 2025.,SE_TOT_CPLR,204,None,None,Q5,ISCED11_2,PT,2025-03-05T00:00:00,2021,,46.6
2021,A,0,Benin MICS 2021-22. The survey collected data on school attendance for age 3-24 and educational attainment for age 5 and above. Data extracted on 25 February 2025.,SE_TOT_CPLR,204,None,None,Q5,ISCED11_2,PT,2025-03-05T00:00:00,2021,,52.66747
2006,A,0,Benin MICS 2021-22. The survey collected data on school attendance for age 3-24 and educational attainment for age 5 and above. Data extracted on 25 February 2025.,SE_TOT_CPLR,204,None,None,Q5,ISCED11_3,PT,2025-03-05T00:00:00,2021,,25.17208
2011,A,0,Benin MICS 2021-22. The survey collected data on school attendance for age 3-24 and educational attainment for age 5 and above. Data extracted on 25 February 2025.,SE_TOT_CPLR,204,None,None,Q5,ISCED11_3,PT,2025-03-05T00:00:00,2021,,36.21287
2014,A,0,Benin MICS 2021-22. The survey collected data on school attendance for age 3-24 and educational attainment for age 5 and above. Data extracted on 25 February 2025.,SE_TOT_CPLR,204,None,None,Q5,ISCED11_3,PT,2025-03-05T00:00:00,2021,,30.19273
2017,A,0,Benin MICS 2021-22. The survey collected data on school attendance for age 3-24 and educational attainment for age 5 and above. Data extracted on 25 February 2025.,SE_TOT_CPLR,204,None,None,Q5,ISCED11_3,PT,2025-03-05T00:00:00,2021,,27.70649
2021,A,0,Benin MICS 2021-22. The survey collected data on school attendance for age 3-24 and educational attainment for age 5 and above. Data extracted on 25 February 2025.,SE_TOT_CPLR,204,None,None,Q5,ISCED11_3,PT,2025-03-05T00:00:00,2021,,34.89113
2001,A,0,Benin Enquête Harmonisée sur les Conditions de Vie des Ménages (EHCVM) 2021-22. The survey collected data on school attendance and educational attainment for age 3 and above. Data extracted on 25 February 2025.,SE_TOT_CPLR,204,None,R,None,ISCED11_1,PT,2025-03-05T00:00:00,2022,,21.26
2006,A,0,Benin Enquête Harmonisée sur les Conditions de Vie des Ménages (EHCVM) 2021-22. The survey collected data on school attendance and educational attainment for age 3 and above. Data extracted on 25 February 2025.,SE_TOT_CPLR,204,None,R,None,ISCED11_1,PT,2025-03-05T00:00:00,2022,,38.99918
2011,A,0,Benin Enquête Harmonisée sur les Conditions de Vie des Ménages (EHCVM) 2021-22. The survey collected data on school attendance and educational attainment for age 3 and above. Data extracted on 25 February 2025.,SE_TOT_CPLR,204,None,R,None,ISCED11_1,PT,2025-03-05T00:00:00,2022,,52.39817
2014,A,0,Benin Enquête Harmonisée sur les Conditions de Vie des Ménages (EHCVM) 2021-22. The survey collected data on school attendance and educational attainment for age 3 and above. Data extracted on 25 February 2025.,SE_TOT_CPLR,204,None,R,None,ISCED11_1,PT,2025-03-05T00:00:00,2022,,44.45525
2017,A,0,Benin Enquête Harmonisée sur les Conditions de Vie des Ménages (EHCVM) 2021-22. The survey collected data on school attendance and educational attainment for age 3 and above. Data extracted on 25 February 2025.,SE_TOT_CPLR,204,None,R,None,ISCED11_1,PT,2025-03-05T00:00:00,2022,,44.91179
2019,A,0,Benin Enquête Harmonisée sur les Conditions de Vie des Ménages (EHCVM) 2021-22. The survey collected data on school attendance and educational attainment for age 3 and above. Data extracted on 25 February 2025.,SE_TOT_CPLR,204,None,R,None,ISCED11_1,PT,2025-03-05T00:00:00,2022,,46.47122
2021,A,0,Benin Enquête Harmonisée sur les Conditions de Vie des Ménages (EHCVM) 2021-22. The survey collected data on school attendance and educational attainment for age 3 and above. Data extracted on 25 February 2025.,SE_TOT_CPLR,204,None,R,None,ISCED11_1,PT,2025-03-05T00:00:00,2022,,41.97988
2022,A,0,Benin Enquête Harmonisée sur les Conditions de Vie des Ménages (EHCVM) 2021-22. The survey collected data on school attendance and educational attainment for age 3 and above. Data extracted on 25 February 2025.,SE_TOT_CPLR,204,None,R,None,ISCED11_1,PT,2025-03-05T00:00:00,2022,,40.42323
2001,A,0,Benin Enquête Harmonisée sur les Conditions de Vie des Ménages (EHCVM) 2021-22. The survey collected data on school attendance and educational attainment for age 3 and above. Data extracted on 25 February 2025.,SE_TOT_CPLR,204,None,R,None,ISCED11_2,PT,2025-03-05T00:00:00,2022,,3.65
2006,A,0,Benin Enquête Harmonisée sur les Conditions de Vie des Ménages (EHCVM) 2021-22. The survey collected data on school attendance and educational attainment for age 3 and above. Data extracted on 25 February 2025.,SE_TOT_CPLR,204,None,R,None,ISCED11_2,PT,2025-03-05T00:00:00,2022,,11.487
2011,A,0,Benin Enquête Harmonisée sur les Conditions de Vie des Ménages (EHCVM) 2021-22. The survey collected data on school attendance and educational attainment for age 3 and above. Data extracted on 25 February 2025.,SE_TOT_CPLR,204,None,R,None,ISCED11_2,PT,2025-03-05T00:00:00,2022,,18.29624
2014,A,0,Benin Enquête Harmonisée sur les Conditions de Vie des Ménages (EHCVM) 2021-22. The survey collected data on school attendance and educational attainment for age 3 and above. Data extracted on 25 February 2025.,SE_TOT_CPLR,204,None,R,None,ISCED11_2,PT,2025-03-05T00:00:00,2022,,17.33343
2017,A,0,Benin Enquête Harmonisée sur les Conditions de Vie des Ménages (EHCVM) 2021-22. The survey collected data on school attendance and educational attainment for age 3 and above. Data extracted on 25 February 2025.,SE_TOT_CPLR,204,None,R,None,ISCED11_2,PT,2025-03-05T00:00:00,2022,,14.97444
2019,A,0,Benin Enquête Harmonisée sur les Conditions de Vie des Ménages (EHCVM) 2021-22. The survey collected data on school attendance and educational attainment for age 3 and above. Data extracted on 25 February 2025.,SE_TOT_CPLR,204,None,R,None,ISCED11_2,PT,2025-03-05T00:00:00,2022,,17.63703
2021,A,0,Benin Enquête Harmonisée sur les Conditions de Vie des Ménages (EHCVM) 2021-22. The survey collected data on school attendance and educational attainment for age 3 and above. Data extracted on 25 February 2025.,SE_TOT_CPLR,204,None,R,None,ISCED11_2,PT,2025-03-05T00:00:00,2022,,15.60927
2022,A,0,Benin Enquête Harmonisée sur les Conditions de Vie des Ménages (EHCVM) 2021-22. The survey collected data on school attendance and educational attainment for age 3 and above. Data extracted on 25 February 2025.,SE_TOT_CPLR,204,None,R,None,ISCED11_2,PT,2025-03-05T00:00:00,2022,,18.66097
2001,A,0,Benin Enquête Harmonisée sur les Conditions de Vie des Ménages (EHCVM) 2021-22. The survey collected data on school attendance and educational attainment for age 3 and above. Data extracted on 25 February 2025.,SE_TOT_CPLR,204,None,R,None,ISCED11_3,PT,2025-03-05T00:00:00,2022,,1.49
2006,A,0,Benin Enquête Harmonisée sur les Conditions de Vie des Ménages (EHCVM) 2021-22. The survey collected data on school attendance and educational attainment for age 3 and above. Data extracted on 25 February 2025.,SE_TOT_CPLR,204,None,R,None,ISCED11_3,PT,2025-03-05T00:00:00,2022,,2.28477
2011,A,0,Benin Enquête Harmonisée sur les Conditions de Vie des Ménages (EHCVM) 2021-22. The survey collected data on school attendance and educational attainment for age 3 and above. Data extracted on 25 February 2025.,SE_TOT_CPLR,204,None,R,None,ISCED11_3,PT,2025-03-05T00:00:00,2022,,5.57519
2014,A,0,Benin Enquête Harmonisée sur les Conditions de Vie des Ménages (EHCVM) 2021-22. The survey collected data on school attendance and educational attainment for age 3 and above. Data extracted on 25 February 2025.,SE_TOT_CPLR,204,None,R,None,ISCED11_3,PT,2025-03-05T00:00:00,2022,,2.09828
2017,A,0,Benin Enquête Harmonisée sur les Conditions de Vie des Ménages (EHCVM) 2021-22. The survey collected data on school attendance and educational attainment for age 3 and above. Data extracted on 25 February 2025.,SE_TOT_CPLR,204,None,R,None,ISCED11_3,PT,2025-03-05T00:00:00,2022,,3.66691
2019,A,0,Benin Enquête Harmonisée sur les Conditions de Vie des Ménages (EHCVM) 2021-22. The survey collected data on school attendance and educational attainment for age 3 and above. Data extracted on 25 February 2025.,SE_TOT_CPLR,204,None,R,None,ISCED11_3,PT,2025-03-05T00:00:00,2022,,5.22119
2021,A,0,Benin Enquête Harmonisée sur les Conditions de Vie des Ménages (EHCVM) 2021-22. The survey collected data on school attendance and educational attainment for age 3 and above. Data extracted on 25 February 2025.,SE_TOT_CPLR,204,None,R,None,ISCED11_3,PT,2025-03-05T00:00:00,2022,,5.92305
2022,A,0,Benin Enquête Harmonisée sur les Conditions de Vie des Ménages (EHCVM) 2021-22. The survey collected data on school attendance and educational attainment for age 3 and above. Data extracted on 25 February 2025.,SE_TOT_CPLR,204,None,R,None,ISCED11_3,PT,2025-03-05T00:00:00,2022,,5.76132
2006,A,0,Benin MICS 2021-22. The survey collected data on school attendance for age 3-24 and educational attainment for age 5 and above. Data extracted on 25 February 2025.,SE_TOT_CPLR,204,None,R,Q1,ISCED11_1,PT,2025-03-05T00:00:00,2021,,20.36102
2011,A,0,Benin MICS 2021-22. The survey collected data on school attendance for age 3-24 and educational attainment for age 5 and above. Data extracted on 25 February 2025.,SE_TOT_CPLR,204,None,R,Q1,ISCED11_1,PT,2025-03-05T00:00:00,2021,,32.28093
2014,A,0,Benin MICS 2021-22. The survey collected data on school attendance for age 3-24 and educational attainment for age 5 and above. Data extracted on 25 February 2025.,SE_TOT_CPLR,204,None,R,Q1,ISCED11_1,PT,2025-03-05T00:00:00,2021,,24.95417
2017,A,0,Benin MICS 2021-22. The survey collected data on school attendance for age 3-24 and educational attainment for age 5 and above. Data extracted on 25 February 2025.,SE_TOT_CPLR,204,None,R,Q1,ISCED11_1,PT,2025-03-05T00:00:00,2021,,19.7572
2021,A,0,Benin MICS 2021-22. The survey collected data on school attendance for age 3-24 and educational attainment for age 5 and above. Data extracted on 25 February 2025.,SE_TOT_CPLR,204,None,R,Q1,ISCED11_1,PT,2025-03-05T00:00:00,2021,,20.5476
2006,A,0,Benin MICS 2021-22. The survey collected data on school attendance for age 3-24 and educational attainment for age 5 and above. Data extracted on 25 February 2025.,SE_TOT_CPLR,204,None,R,Q1,ISCED11_2,PT,2025-03-05T00:00:00,2021,,3.25536
2011,A,0,Benin MICS 2021-22. The survey collected data on school attendance for age 3-24 and educational attainment for age 5 and above. Data extracted on 25 February 2025.,SE_TOT_CPLR,204,None,R,Q1,ISCED11_2,PT,2025-03-05T00:00:00,2021,,5.832
2014,A,0,Benin MICS 2021-22. The survey collected data on school attendance for age 3-24 and educational attainment for age 5 and above. Data extracted on 25 February 2025.,SE_TOT_CPLR,204,None,R,Q1,ISCED11_2,PT,2025-03-05T00:00:00,2021,,7.74698
2017,A,0,Benin MICS 2021-22. The survey collected data on school attendance for age 3-24 and educational attainment for age 5 and above. Data extracted on 25 February 2025.,SE_TOT_CPLR,204,None,R,Q1,ISCED11_2,PT,2025-03-05T00:00:00,2021,,2.39315
2021,A,0,Benin MICS 2021-22. The survey collected data on school attendance for age 3-24 and educational attainment for age 5 and above. Data extracted on 25 February 2025.,SE_TOT_CPLR,204,None,R,Q1,ISCED11_2,PT,2025-03-05T00:00:00,2021,,3.01121
2006,A,0,Benin MICS 2021-22. The survey collected data on school attendance for age 3-24 and educational attainment for age 5 and above. Data extracted on 25 February 2025.,SE_TOT_CPLR,204,None,R,Q1,ISCED11_3,PT,2025-03-05T00:00:00,2021,,0.21642
2011,A,0,Benin MICS 2021-22. The survey collected data on school attendance for age 3-24 and educational attainment for age 5 and above. Data extracted on 25 February 2025.,SE_TOT_CPLR,204,None,R,Q1,ISCED11_3,PT,2025-03-05T00:00:00,2021,,0.46194
2014,A,0,Benin MICS 2021-22. The survey collected data on school attendance for age 3-24 and educational attainment for age 5 and above. Data extracted on 25 February 2025.,SE_TOT_CPLR,204,None,R,Q1,ISCED11_3,PT,2025-03-05T00:00:00,2021,,0.45818
2018,A,0,Benin MICS 2021-22. The survey collected data on school attendance for age 3-24 and educational attainment for age 5 and above. Data extracted on 25 February 2025.,SE_TOT_CPLR,204,None,R,Q1,ISCED11_3,PT,2025-03-05T00:00:00,2021,,0.14
2021,A,0,Benin MICS 2021-22. The survey collected data on school attendance for age 3-24 and educational attainment for age 5 and above. Data extracted on 25 February 2025.,SE_TOT_CPLR,204,None,R,Q1,ISCED11_3,PT,2025-03-05T00:00:00,2021,,2.53683
2006,A,0,Benin MICS 2021-22. The survey collected data on school attendance for age 3-24 and educational attainment for age 5 and above. Data extracted on 25 February 2025.,SE_TOT_CPLR,204,None,R,Q2,ISCED11_1,PT,2025-03-05T00:00:00,2021,,32.15717
2011,A,0,Benin MICS 2021-22. The survey collected data on school attendance for age 3-24 and educational attainment for age 5 and above. Data extracted on 25 February 2025.,SE_TOT_CPLR,204,None,R,Q2,ISCED11_1,PT,2025-03-05T00:00:00,2021,,49.55089
2014,A,0,Benin MICS 2021-22. The survey collected data on school attendance for age 3-24 and educational attainment for age 5 and above. Data extracted on 25 February 2025.,SE_TOT_CPLR,204,None,R,Q2,ISCED11_1,PT,2025-03-05T00:00:00,2021,,41.91851
2017,A,0,Benin MICS 2021-22. The survey collected data on school attendance for age 3-24 and educational attainment for age 5 and above. Data extracted on 25 February 2025.,SE_TOT_CPLR,204,None,R,Q2,ISCED11_1,PT,2025-03-05T00:00:00,2021,,35.56038
2021,A,0,Benin MICS 2021-22. The survey collected data on school attendance for age 3-24 and educational attainment for age 5 and above. Data extracted on 25 February 2025.,SE_TOT_CPLR,204,None,R,Q2,ISCED11_1,PT,2025-03-05T00:00:00,2021,,35.51553
2006,A,0,Benin MICS 2021-22. The survey collected data on school attendance for age 3-24 and educational attainment for age 5 and above. Data extracted on 25 February 2025.,SE_TOT_CPLR,204,None,R,Q2,ISCED11_2,PT,2025-03-05T00:00:00,2021,,9.4196
2011,A,0,Benin MICS 2021-22. The survey collected data on school attendance for age 3-24 and educational attainment for age 5 and above. Data extracted on 25 February 2025.,SE_TOT_CPLR,204,None,R,Q2,ISCED11_2,PT,2025-03-05T00:00:00,2021,,12.91866
2014,A,0,Benin MICS 2021-22. The survey collected data on school attendance for age 3-24 and educational attainment for age 5 and above. Data extracted on 25 February 2025.,SE_TOT_CPLR,204,None,R,Q2,ISCED11_2,PT,2025-03-05T00:00:00,2021,,13.47884
2017,A,0,Benin MICS 2021-22. The survey collected data on school attendance for age 3-24 and educational attainment for age 5 and above. Data extracted on 25 February 2025.,SE_TOT_CPLR,204,None,R,Q2,ISCED11_2,PT,2025-03-05T00:00:00,2021,,12.08949
2021,A,0,Benin MICS 2021-22. The survey collected data on school attendance for age 3-24 and educational attainment for age 5 and above. Data extracted on 25 February 2025.,SE_TOT_CPLR,204,None,R,Q2,ISCED11_2,PT,2025-03-05T00:00:00,2021,,8.68861
2006,A,0,Benin MICS 2021-22. The survey collected data on school attendance for age 3-24 and educational attainment for age 5 and above. Data extracted on 25 February 2025.,SE_TOT_CPLR,204,None,R,Q2,ISCED11_3,PT,2025-03-05T00:00:00,2021,,1.49883
2011,A,0,Benin MICS 2021-22. The survey collected data on school attendance for age 3-24 and educational attainment for age 5 and above. Data extracted on 25 February 2025.,SE_TOT_CPLR,204,None,R,Q2,ISCED11_3,PT,2025-03-05T00:00:00,2021,,2.68719
2014,A,0,Benin MICS 2021-22. The survey collected data on school attendance for age 3-24 and educational attainment for age 5 and above. Data extracted on 25 February 2025.,SE_TOT_CPLR,204,None,R,Q2,ISCED11_3,PT,2025-03-05T00:00:00,2021,,0.40437
2017,A,0,Benin MICS 2021-22. The survey collected data on school attendance for age 3-24 and educational attainment for age 5 and above. Data extracted on 25 February 2025.,SE_TOT_CPLR,204,None,R,Q2,ISCED11_3,PT,2025-03-05T00:00:00,2021,,0.94538
2021,A,0,Benin MICS 2021-22. The survey collected data on school attendance for age 3-24 and educational attainment for age 5 and above. Data extracted on 25 February 2025.,SE_TOT_CPLR,204,None,R,Q2,ISCED11_3,PT,2025-03-05T00:00:00,2021,,2.57845
2006,A,0,Benin MICS 2021-22. The survey collected data on school attendance for age 3-24 and educational attainment for age 5 and above. Data extracted on 25 February 2025.,SE_TOT_CPLR,204,None,R,Q3,ISCED11_1,PT,2025-03-05T00:00:00,2021,,42.2614
2011,A,0,Benin MICS 2021-22. The survey collected data on school attendance for age 3-24 and educational attainment for age 5 and above. Data extracted on 25 February 2025.,SE_TOT_CPLR,204,None,R,Q3,ISCED11_1,PT,2025-03-05T00:00:00,2021,,59.77599
2014,A,0,Benin MICS 2021-22. The survey collected data on school attendance for age 3-24 and educational attainment for age 5 and above. Data extracted on 25 February 2025.,SE_TOT_CPLR,204,None,R,Q3,ISCED11_1,PT,2025-03-05T00:00:00,2021,,51.04731
2017,A,0,Benin MICS 2021-22. The survey collected data on school attendance for age 3-24 and educational attainment for age 5 and above. Data extracted on 25 February 2025.,SE_TOT_CPLR,204,None,R,Q3,ISCED11_1,PT,2025-03-05T00:00:00,2021,,50.88922
2021,A,0,Benin MICS 2021-22. The survey collected data on school attendance for age 3-24 and educational attainment for age 5 and above. Data extracted on 25 February 2025.,SE_TOT_CPLR,204,None,R,Q3,ISCED11_1,PT,2025-03-05T00:00:00,2021,,46.72565
2006,A,0,Benin MICS 2021-22. The survey collected data on school attendance for age 3-24 and educational attainment for age 5 and above. Data extracted on 25 February 2025.,SE_TOT_CPLR,204,None,R,Q3,ISCED11_2,PT,2025-03-05T00:00:00,2021,,8.77743
2011,A,0,Benin MICS 2021-22. The survey collected data on school attendance for age 3-24 and educational attainment for age 5 and above. Data extracted on 25 February 2025.,SE_TOT_CPLR,204,None,R,Q3,ISCED11_2,PT,2025-03-05T00:00:00,2021,,21.16565
2014,A,0,Benin MICS 2021-22. The survey collected data on school attendance for age 3-24 and educational attainment for age 5 and above. Data extracted on 25 February 2025.,SE_TOT_CPLR,204,None,R,Q3,ISCED11_2,PT,2025-03-05T00:00:00,2021,,16.94378
2017,A,0,Benin MICS 2021-22. The survey collected data on school attendance for age 3-24 and educational attainment for age 5 and above. Data extracted on 25 February 2025.,SE_TOT_CPLR,204,None,R,Q3,ISCED11_2,PT,2025-03-05T00:00:00,2021,,14.23153
2021,A,0,Benin MICS 2021-22. The survey collected data on school attendance for age 3-24 and educational attainment for age 5 and above. Data extracted on 25 February 2025.,SE_TOT_CPLR,204,None,R,Q3,ISCED11_2,PT,2025-03-05T00:00:00,2021,,18.48797
2006,A,0,Benin MICS 2021-22. The survey collected data on school attendance for age 3-24 and educational attainment for age 5 and above. Data extracted on 25 February 2025.,SE_TOT_CPLR,204,None,R,Q3,ISCED11_3,PT,2025-03-05T00:00:00,2021,,1.29329
2011,A,0,Benin MICS 2021-22. The survey collected data on school attendance for age 3-24 and educational attainment for age 5 and above. Data extracted on 25 February 2025.,SE_TOT_CPLR,204,None,R,Q3,ISCED11_3,PT,2025-03-05T00:00:00,2021,,5.32492
2014,A,0,Benin MICS 2021-22. The survey collected data on school attendance for age 3-24 and educational attainment for age 5 and above. Data extracted on 25 February 2025.,SE_TOT_CPLR,204,None,R,Q3,ISCED11_3,PT,2025-03-05T00:00:00,2021,,2.54378
2017,A,0,Benin MICS 2021-22. The survey collected data on school attendance for age 3-24 and educational attainment for age 5 and above. Data extracted on 25 February 2025.,SE_TOT_CPLR,204,None,R,Q3,ISCED11_3,PT,2025-03-05T00:00:00,2021,,4.93182
2021,A,0,Benin MICS 2021-22. The survey collected data on school attendance for age 3-24 and educational attainment for age 5 and above. Data extracted on 25 February 2025.,SE_TOT_CPLR,204,None,R,Q3,ISCED11_3,PT,2025-03-05T00:00:00,2021,,4.9382
2006,A,0,Benin MICS 2021-22. The survey collected data on school attendance for age 3-24 and educational attainment for age 5 and above. Data extracted on 25 February 2025.,SE_TOT_CPLR,204,None,R,Q4,ISCED11_1,PT,2025-03-05T00:00:00,2021,,54.40534
2011,A,0,Benin MICS 2021-22. The survey collected data on school attendance for age 3-24 and educational attainment for age 5 and above. Data extracted on 25 February 2025.,SE_TOT_CPLR,204,None,R,Q4,ISCED11_1,PT,2025-03-05T00:00:00,2021,,73.48
2014,A,0,Benin MICS 2021-22. The survey collected data on school attendance for age 3-24 and educational attainment for age 5 and above. Data extracted on 25 February 2025.,SE_TOT_CPLR,204,None,R,Q4,ISCED11_1,PT,2025-03-05T00:00:00,2021,,65.08498
2017,A,0,Benin MICS 2021-22. The survey collected data on school attendance for age 3-24 and educational attainment for age 5 and above. Data extracted on 25 February 2025.,SE_TOT_CPLR,204,None,R,Q4,ISCED11_1,PT,2025-03-05T00:00:00,2021,,63.93058
2021,A,0,Benin MICS 2021-22. The survey collected data on school attendance for age 3-24 and educational attainment for age 5 and above. Data extracted on 25 February 2025.,SE_TOT_CPLR,204,None,R,Q4,ISCED11_1,PT,2025-03-05T00:00:00,2021,,59.142
2006,A,0,Benin MICS 2021-22. The survey collected data on school attendance for age 3-24 and educational attainment for age 5 and above. Data extracted on 25 February 2025.,SE_TOT_CPLR,204,None,R,Q4,ISCED11_2,PT,2025-03-05T00:00:00,2021,,17.96822
2011,A,0,Benin MICS 2021-22. The survey collected data on school attendance for age 3-24 and educational attainment for age 5 and above. Data extracted on 25 February 2025.,SE_TOT_CPLR,204,None,R,Q4,ISCED11_2,PT,2025-03-05T00:00:00,2021,,30.01961
2014,A,0,Benin MICS 2021-22. The survey collected data on school attendance for age 3-24 and educational attainment for age 5 and above. Data extracted on 25 February 2025.,SE_TOT_CPLR,204,None,R,Q4,ISCED11_2,PT,2025-03-05T00:00:00,2021,,26.7895
2017,A,0,Benin MICS 2021-22. The survey collected data on school attendance for age 3-24 and educational attainment for age 5 and above. Data extracted on 25 February 2025.,SE_TOT_CPLR,204,None,R,Q4,ISCED11_2,PT,2025-03-05T00:00:00,2021,,24.7552
2021,A,0,Benin MICS 2021-22. The survey collected data on school attendance for age 3-24 and educational attainment for age 5 and above. Data extracted on 25 February 2025.,SE_TOT_CPLR,204,None,R,Q4,ISCED11_2,PT,2025-03-05T00:00:00,2021,,24.74711
2006,A,0,Benin MICS 2021-22. The survey collected data on school attendance for age 3-24 and educational attainment for age 5 and above. Data extracted on 25 February 2025.,SE_TOT_CPLR,204,None,R,Q4,ISCED11_3,PT,2025-03-05T00:00:00,2021,,3.96121
2011,A,0,Benin MICS 2021-22. The survey collected data on school attendance for age 3-24 and educational attainment for age 5 and above. Data extracted on 25 February 2025.,SE_TOT_CPLR,204,None,R,Q4,ISCED11_3,PT,2025-03-05T00:00:00,2021,,6.70402
2014,A,0,Benin MICS 2021-22. The survey collected data on school attendance for age 3-24 and educational attainment for age 5 and above. Data extracted on 25 February 2025.,SE_TOT_CPLR,204,None,R,Q4,ISCED11_3,PT,2025-03-05T00:00:00,2021,,3.61482
2017,A,0,Benin MICS 2021-22. The survey collected data on school attendance for age 3-24 and educational attainment for age 5 and above. Data extracted on 25 February 2025.,SE_TOT_CPLR,204,None,R,Q4,ISCED11_3,PT,2025-03-05T00:00:00,2021,,2.80912
2021,A,0,Benin MICS 2021-22. The survey collected data on school attendance for age 3-24 and educational attainment for age 5 and above. Data extracted on 25 February 2025.,SE_TOT_CPLR,204,None,R,Q4,ISCED11_3,PT,2025-03-05T00:00:00,2021,,7.84494
2006,A,0,Benin MICS 2021-22. The survey collected data on school attendance for age 3-24 and educational attainment for age 5 and above. Data extracted on 25 February 2025.,SE_TOT_CPLR,204,None,R,Q5,ISCED11_1,PT,2025-03-05T00:00:00,2021,,68.11195
2011,A,0,Benin MICS 2021-22. The survey collected data on school attendance for age 3-24 and educational attainment for age 5 and above. Data extracted on 25 February 2025.,SE_TOT_CPLR,204,None,R,Q5,ISCED11_1,PT,2025-03-05T00:00:00,2021,,80.5074
2014,A,0,Benin MICS 2021-22. The survey collected data on school attendance for age 3-24 and educational attainment for age 5 and above. Data extracted on 25 February 2025.,SE_TOT_CPLR,204,None,R,Q5,ISCED11_1,PT,2025-03-05T00:00:00,2021,,80.4071
2017,A,0,Benin MICS 2021-22. The survey collected data on school attendance for age 3-24 and educational attainment for age 5 and above. Data extracted on 25 February 2025.,SE_TOT_CPLR,204,None,R,Q5,ISCED11_1,PT,2025-03-05T00:00:00,2021,,79.4376
2021,A,0,Benin MICS 2021-22. The survey collected data on school attendance for age 3-24 and educational attainment for age 5 and above. Data extracted on 25 February 2025.,SE_TOT_CPLR,204,None,R,Q5,ISCED11_1,PT,2025-03-05T00:00:00,2021,,76.61249
2006,A,0,Benin MICS 2021-22. The survey collected data on school attendance for age 3-24 and educational attainment for age 5 and above. Data extracted on 25 February 2025.,SE_TOT_CPLR,204,None,R,Q5,ISCED11_2,PT,2025-03-05T00:00:00,2021,,41.39259
2011,A,0,Benin MICS 2021-22. The survey collected data on school attendance for age 3-24 and educational attainment for age 5 and above. Data extracted on 25 February 2025.,SE_TOT_CPLR,204,None,R,Q5,ISCED11_2,PT,2025-03-05T00:00:00,2021,,66.04307
2014,A,0,Benin MICS 2021-22. The survey collected data on school attendance for age 3-24 and educational attainment for age 5 and above. Data extracted on 25 February 2025.,SE_TOT_CPLR,204,None,R,Q5,ISCED11_2,PT,2025-03-05T00:00:00,2021,,59.11988
2017,A,0,Benin MICS 2021-22. The survey collected data on school attendance for age 3-24 and educational attainment for age 5 and above. Data extracted on 25 February 2025.,SE_TOT_CPLR,204,None,R,Q5,ISCED11_2,PT,2025-03-05T00:00:00,2021,,34.67188
2021,A,0,Benin MICS 2021-22. The survey collected data on school attendance for age 3-24 and educational attainment for age 5 and above. Data extracted on 25 February 2025.,SE_TOT_CPLR,204,None,R,Q5,ISCED11_2,PT,2025-03-05T00:00:00,2021,,44.95589
2006,A,0,Benin MICS 2021-22. The survey collected data on school attendance for age 3-24 and educational attainment for age 5 and above. Data extracted on 25 February 2025.,SE_TOT_CPLR,204,None,R,Q5,ISCED11_3,PT,2025-03-05T00:00:00,2021,,10.45246
2011,A,0,Benin MICS 2021-22. The survey collected data on school attendance for age 3-24 and educational attainment for age 5 and above. Data extracted on 25 February 2025.,SE_TOT_CPLR,204,None,R,Q5,ISCED11_3,PT,2025-03-05T00:00:00,2021,,48.16308
2014,A,0,Benin MICS 2021-22. The survey collected data on school attendance for age 3-24 and educational attainment for age 5 and above. Data extracted on 25 February 2025.,SE_TOT_CPLR,204,None,R,Q5,ISCED11_3,PT,2025-03-05T00:00:00,2021,,14.36875
2017,A,0,Benin MICS 2021-22. The survey collected data on school attendance for age 3-24 and educational attainment for age 5 and above. Data extracted on 25 February 2025.,SE_TOT_CPLR,204,None,R,Q5,ISCED11_3,PT,2025-03-05T00:00:00,2021,,17.76124
2021,A,0,Benin MICS 2021-22. The survey collected data on school attendance for age 3-24 and educational attainment for age 5 and above. Data extracted on 25 February 2025.,SE_TOT_CPLR,204,None,R,Q5,ISCED11_3,PT,2025-03-05T00:00:00,2021,,25.94378
2001,A,0,Benin Enquête Harmonisée sur les Conditions de Vie des Ménages (EHCVM) 2021-22. The survey collected data on school attendance and educational attainment for age 3 and above. Data extracted on 25 February 2025.,SE_TOT_CPLR,204,None,U,None,ISCED11_1,PT,2025-03-05T00:00:00,2022,,47.12
2006,A,0,Benin Enquête Harmonisée sur les Conditions de Vie des Ménages (EHCVM) 2021-22. The survey collected data on school attendance and educational attainment for age 3 and above. Data extracted on 25 February 2025.,SE_TOT_CPLR,204,None,U,None,ISCED11_1,PT,2025-03-05T00:00:00,2022,,62.72516
2011,A,0,Benin Enquête Harmonisée sur les Conditions de Vie des Ménages (EHCVM) 2021-22. The survey collected data on school attendance and educational attainment for age 3 and above. Data extracted on 25 February 2025.,SE_TOT_CPLR,204,None,U,None,ISCED11_1,PT,2025-03-05T00:00:00,2022,,69.06201
2014,A,0,Benin Enquête Harmonisée sur les Conditions de Vie des Ménages (EHCVM) 2021-22. The survey collected data on school attendance and educational attainment for age 3 and above. Data extracted on 25 February 2025.,SE_TOT_CPLR,204,None,U,None,ISCED11_1,PT,2025-03-05T00:00:00,2022,,65.49314
2017,A,0,Benin Enquête Harmonisée sur les Conditions de Vie des Ménages (EHCVM) 2021-22. The survey collected data on school attendance and educational attainment for age 3 and above. Data extracted on 25 February 2025.,SE_TOT_CPLR,204,None,U,None,ISCED11_1,PT,2025-03-05T00:00:00,2022,,62.05795
2019,A,0,Benin Enquête Harmonisée sur les Conditions de Vie des Ménages (EHCVM) 2021-22. The survey collected data on school attendance and educational attainment for age 3 and above. Data extracted on 25 February 2025.,SE_TOT_CPLR,204,None,U,None,ISCED11_1,PT,2025-03-05T00:00:00,2022,,61.50564
2021,A,0,Benin Enquête Harmonisée sur les Conditions de Vie des Ménages (EHCVM) 2021-22. The survey collected data on school attendance and educational attainment for age 3 and above. Data extracted on 25 February 2025.,SE_TOT_CPLR,204,None,U,None,ISCED11_1,PT,2025-03-05T00:00:00,2022,,64.82476
2022,A,0,Benin Enquête Harmonisée sur les Conditions de Vie des Ménages (EHCVM) 2021-22. The survey collected data on school attendance and educational attainment for age 3 and above. Data extracted on 25 February 2025.,SE_TOT_CPLR,204,None,U,None,ISCED11_1,PT,2025-03-05T00:00:00,2022,,62.39045
2001,A,0,Benin Enquête Harmonisée sur les Conditions de Vie des Ménages (EHCVM) 2021-22. The survey collected data on school attendance and educational attainment for age 3 and above. Data extracted on 25 February 2025.,SE_TOT_CPLR,204,None,U,None,ISCED11_2,PT,2025-03-05T00:00:00,2022,,19.54
2006,A,0,Benin Enquête Harmonisée sur les Conditions de Vie des Ménages (EHCVM) 2021-22. The survey collected data on school attendance and educational attainment for age 3 and above. Data extracted on 25 February 2025.,SE_TOT_CPLR,204,None,U,None,ISCED11_2,PT,2025-03-05T00:00:00,2022,,33.66241
2011,A,0,Benin Enquête Harmonisée sur les Conditions de Vie des Ménages (EHCVM) 2021-22. The survey collected data on school attendance and educational attainment for age 3 and above. Data extracted on 25 February 2025.,SE_TOT_CPLR,204,None,U,None,ISCED11_2,PT,2025-03-05T00:00:00,2022,,41.61374
2014,A,0,Benin Enquête Harmonisée sur les Conditions de Vie des Ménages (EHCVM) 2021-22. The survey collected data on school attendance and educational attainment for age 3 and above. Data extracted on 25 February 2025.,SE_TOT_CPLR,204,None,U,None,ISCED11_2,PT,2025-03-05T00:00:00,2022,,37.18136
2017,A,0,Benin Enquête Harmonisée sur les Conditions de Vie des Ménages (EHCVM) 2021-22. The survey collected data on school attendance and educational attainment for age 3 and above. Data extracted on 25 February 2025.,SE_TOT_CPLR,204,None,U,None,ISCED11_2,PT,2025-03-05T00:00:00,2022,,30.84442
2019,A,0,Benin Enquête Harmonisée sur les Conditions de Vie des Ménages (EHCVM) 2021-22. The survey collected data on school attendance and educational attainment for age 3 and above. Data extracted on 25 February 2025.,SE_TOT_CPLR,204,None,U,None,ISCED11_2,PT,2025-03-05T00:00:00,2022,,34.81038
2021,A,0,Benin Enquête Harmonisée sur les Conditions de Vie des Ménages (EHCVM) 2021-22. The survey collected data on school attendance and educational attainment for age 3 and above. Data extracted on 25 February 2025.,SE_TOT_CPLR,204,None,U,None,ISCED11_2,PT,2025-03-05T00:00:00,2022,,36.95506
2022,A,0,Benin Enquête Harmonisée sur les Conditions de Vie des Ménages (EHCVM) 2021-22. The survey collected data on school attendance and educational attainment for age 3 and above. Data extracted on 25 February 2025.,SE_TOT_CPLR,204,None,U,None,ISCED11_2,PT,2025-03-05T00:00:00,2022,,39.99746
2001,A,0,Benin Enquête Harmonisée sur les Conditions de Vie des Ménages (EHCVM) 2021-22. The survey collected data on school attendance and educational attainment for age 3 and above. Data extracted on 25 February 2025.,SE_TOT_CPLR,204,None,U,None,ISCED11_3,PT,2025-03-05T00:00:00,2022,,7.64
2006,A,0,Benin Enquête Harmonisée sur les Conditions de Vie des Ménages (EHCVM) 2021-22. The survey collected data on school attendance and educational attainment for age 3 and above. Data extracted on 25 February 2025.,SE_TOT_CPLR,204,None,U,None,ISCED11_3,PT,2025-03-05T00:00:00,2022,,16.49434
2011,A,0,Benin Enquête Harmonisée sur les Conditions de Vie des Ménages (EHCVM) 2021-22. The survey collected data on school attendance and educational attainment for age 3 and above. Data extracted on 25 February 2025.,SE_TOT_CPLR,204,None,U,None,ISCED11_3,PT,2025-03-05T00:00:00,2022,,22.88105
2014,A,0,Benin Enquête Harmonisée sur les Conditions de Vie des Ménages (EHCVM) 2021-22. The survey collected data on school attendance and educational attainment for age 3 and above. Data extracted on 25 February 2025.,SE_TOT_CPLR,204,None,U,None,ISCED11_3,PT,2025-03-05T00:00:00,2022,,17.18003
2017,A,0,Benin Enquête Harmonisée sur les Conditions de Vie des Ménages (EHCVM) 2021-22. The survey collected data on school attendance and educational attainment for age 3 and above. Data extracted on 25 February 2025.,SE_TOT_CPLR,204,None,U,None,ISCED11_3,PT,2025-03-05T00:00:00,2022,,17.43522
2019,A,0,Benin Enquête Harmonisée sur les Conditions de Vie des Ménages (EHCVM) 2021-22. The survey collected data on school attendance and educational attainment for age 3 and above. Data extracted on 25 February 2025.,SE_TOT_CPLR,204,None,U,None,ISCED11_3,PT,2025-03-05T00:00:00,2022,,19.31453
2021,A,0,Benin Enquête Harmonisée sur les Conditions de Vie des Ménages (EHCVM) 2021-22. The survey collected data on school attendance and educational attainment for age 3 and above. Data extracted on 25 February 2025.,SE_TOT_CPLR,204,None,U,None,ISCED11_3,PT,2025-03-05T00:00:00,2022,,20.52896
2022,A,0,Benin Enquête Harmonisée sur les Conditions de Vie des Ménages (EHCVM) 2021-22. The survey collected data on school attendance and educational attainment for age 3 and above. Data extracted on 25 February 2025.,SE_TOT_CPLR,204,None,U,None,ISCED11_3,PT,2025-03-05T00:00:00,2022,,19.13482
2006,A,0,Benin MICS 2021-22. The survey collected data on school attendance for age 3-24 and educational attainment for age 5 and above. Data extracted on 25 February 2025.,SE_TOT_CPLR,204,None,U,Q1,ISCED11_1,PT,2025-03-05T00:00:00,2021,,16.61961
2011,A,0,Benin MICS 2021-22. The survey collected data on school attendance for age 3-24 and educational attainment for age 5 and above. Data extracted on 25 February 2025.,SE_TOT_CPLR,204,None,U,Q1,ISCED11_1,PT,2025-03-05T00:00:00,2021,,36.85475
2014,A,0,Benin MICS 2021-22. The survey collected data on school attendance for age 3-24 and educational attainment for age 5 and above. Data extracted on 25 February 2025.,SE_TOT_CPLR,204,None,U,Q1,ISCED11_1,PT,2025-03-05T00:00:00,2021,,33.78794
2017,A,0,Benin MICS 2021-22. The survey collected data on school attendance for age 3-24 and educational attainment for age 5 and above. Data extracted on 25 February 2025.,SE_TOT_CPLR,204,None,U,Q1,ISCED11_1,PT,2025-03-05T00:00:00,2021,,25.93086
2021,A,0,Benin MICS 2021-22. The survey collected data on school attendance for age 3-24 and educational attainment for age 5 and above. Data extracted on 25 February 2025.,SE_TOT_CPLR,204,None,U,Q1,ISCED11_1,PT,2025-03-05T00:00:00,2021,,27.50578
2006,A,0,Benin MICS 2021-22. The survey collected data on school attendance for age 3-24 and educational attainment for age 5 and above. Data extracted on 25 February 2025.,SE_TOT_CPLR,204,None,U,Q1,ISCED11_2,PT,2025-03-05T00:00:00,2021,,5.72993
2011,A,0,Benin MICS 2021-22. The survey collected data on school attendance for age 3-24 and educational attainment for age 5 and above. Data extracted on 25 February 2025.,SE_TOT_CPLR,204,None,U,Q1,ISCED11_2,PT,2025-03-05T00:00:00,2021,,6.37867
2014,A,0,Benin MICS 2021-22. The survey collected data on school attendance for age 3-24 and educational attainment for age 5 and above. Data extracted on 25 February 2025.,SE_TOT_CPLR,204,None,U,Q1,ISCED11_2,PT,2025-03-05T00:00:00,2021,,7.70925
2017,A,0,Benin MICS 2021-22. The survey collected data on school attendance for age 3-24 and educational attainment for age 5 and above. Data extracted on 25 February 2025.,SE_TOT_CPLR,204,None,U,Q1,ISCED11_2,PT,2025-03-05T00:00:00,2021,,5.57046
2021,A,0,Benin MICS 2021-22. The survey collected data on school attendance for age 3-24 and educational attainment for age 5 and above. Data extracted on 25 February 2025.,SE_TOT_CPLR,204,None,U,Q1,ISCED11_2,PT,2025-03-05T00:00:00,2021,,9.68401
2006,A,0,Benin MICS 2021-22. The survey collected data on school attendance for age 3-24 and educational attainment for age 5 and above. Data extracted on 25 February 2025.,SE_TOT_CPLR,204,None,U,Q1,ISCED11_3,PT,2025-03-05T00:00:00,2021,This data point is NIL for the submitting nation.,0.0
2011,A,0,Benin MICS 2021-22. The survey collected data on school attendance for age 3-24 and educational attainment for age 5 and above. Data extracted on 25 February 2025.,SE_TOT_CPLR,204,None,U,Q1,ISCED11_3,PT,2025-03-05T00:00:00,2021,This data point is NIL for the submitting nation.,0.78286
2014,A,0,Benin MICS 2021-22. The survey collected data on school attendance for age 3-24 and educational attainment for age 5 and above. Data extracted on 25 February 2025.,SE_TOT_CPLR,204,None,U,Q1,ISCED11_3,PT,2025-03-05T00:00:00,2021,This data point is NIL for the submitting nation.,1.10497
2018,A,0,Benin MICS 2021-22. The survey collected data on school attendance for age 3-24 and educational attainment for age 5 and above. Data extracted on 25 February 2025.,SE_TOT_CPLR,204,None,U,Q1,ISCED11_3,PT,2025-03-05T00:00:00,2021,This data point is NIL for the submitting nation.,1.64
2021,A,0,Benin MICS 2021-22. The survey collected data on school attendance for age 3-24 and educational attainment for age 5 and above. Data extracted on 25 February 2025.,SE_TOT_CPLR,204,None,U,Q1,ISCED11_3,PT,2025-03-05T00:00:00,2021,This data point is NIL for the submitting nation.,3.74364
2006,A,0,Benin MICS 2021-22. The survey collected data on school attendance for age 3-24 and educational attainment for age 5 and above. Data extracted on 25 February 2025.,SE_TOT_CPLR,204,None,U,Q2,ISCED11_1,PT,2025-03-05T00:00:00,2021,,33.7532
2011,A,0,Benin MICS 2021-22. The survey collected data on school attendance for age 3-24 and educational attainment for age 5 and above. Data extracted on 25 February 2025.,SE_TOT_CPLR,204,None,U,Q2,ISCED11_1,PT,2025-03-05T00:00:00,2021,,38.48529
2014,A,0,Benin MICS 2021-22. The survey collected data on school attendance for age 3-24 and educational attainment for age 5 and above. Data extracted on 25 February 2025.,SE_TOT_CPLR,204,None,U,Q2,ISCED11_1,PT,2025-03-05T00:00:00,2021,,49.33646
2017,A,0,Benin MICS 2021-22. The survey collected data on school attendance for age 3-24 and educational attainment for age 5 and above. Data extracted on 25 February 2025.,SE_TOT_CPLR,204,None,U,Q2,ISCED11_1,PT,2025-03-05T00:00:00,2021,,52.45798
2021,A,0,Benin MICS 2021-22. The survey collected data on school attendance for age 3-24 and educational attainment for age 5 and above. Data extracted on 25 February 2025.,SE_TOT_CPLR,204,None,U,Q2,ISCED11_1,PT,2025-03-05T00:00:00,2021,,43.44454
2006,A,0,Benin MICS 2021-22. The survey collected data on school attendance for age 3-24 and educational attainment for age 5 and above. Data extracted on 25 February 2025.,SE_TOT_CPLR,204,None,U,Q2,ISCED11_2,PT,2025-03-05T00:00:00,2021,,9.90022
2011,A,0,Benin MICS 2021-22. The survey collected data on school attendance for age 3-24 and educational attainment for age 5 and above. Data extracted on 25 February 2025.,SE_TOT_CPLR,204,None,U,Q2,ISCED11_2,PT,2025-03-05T00:00:00,2021,,14.5654
2014,A,0,Benin MICS 2021-22. The survey collected data on school attendance for age 3-24 and educational attainment for age 5 and above. Data extracted on 25 February 2025.,SE_TOT_CPLR,204,None,U,Q2,ISCED11_2,PT,2025-03-05T00:00:00,2021,,18.18576
2017,A,0,Benin MICS 2021-22. The survey collected data on school attendance for age 3-24 and educational attainment for age 5 and above. Data extracted on 25 February 2025.,SE_TOT_CPLR,204,None,U,Q2,ISCED11_2,PT,2025-03-05T00:00:00,2021,,12.86783
2021,A,0,Benin MICS 2021-22. The survey collected data on school attendance for age 3-24 and educational attainment for age 5 and above. Data extracted on 25 February 2025.,SE_TOT_CPLR,204,None,U,Q2,ISCED11_2,PT,2025-03-05T00:00:00,2021,,14.55759
2006,A,0,Benin MICS 2021-22. The survey collected data on school attendance for age 3-24 and educational attainment for age 5 and above. Data extracted on 25 February 2025.,SE_TOT_CPLR,204,None,U,Q2,ISCED11_3,PT,2025-03-05T00:00:00,2021,This data point is NIL for the submitting nation.,0.93801
2011,A,0,Benin MICS 2021-22. The survey collected data on school attendance for age 3-24 and educational attainment for age 5 and above. Data extracted on 25 February 2025.,SE_TOT_CPLR,204,None,U,Q2,ISCED11_3,PT,2025-03-05T00:00:00,2021,This data point is NIL for the submitting nation.,2.89206
2014,A,0,Benin MICS 2021-22. The survey collected data on school attendance for age 3-24 and educational attainment for age 5 and above. Data extracted on 25 February 2025.,SE_TOT_CPLR,204,None,U,Q2,ISCED11_3,PT,2025-03-05T00:00:00,2021,This data point is NIL for the submitting nation.,0.0
2017,A,0,Benin MICS 2021-22. The survey collected data on school attendance for age 3-24 and educational attainment for age 5 and above. Data extracted on 25 February 2025.,SE_TOT_CPLR,204,None,U,Q2,ISCED11_3,PT,2025-03-05T00:00:00,2021,This data point is NIL for the submitting nation.,3.06503
2021,A,0,Benin MICS 2021-22. The survey collected data on school attendance for age 3-24 and educational attainment for age 5 and above. Data extracted on 25 February 2025.,SE_TOT_CPLR,204,None,U,Q2,ISCED11_3,PT,2025-03-05T00:00:00,2021,This data point is NIL for the submitting nation.,1.31545
2006,A,0,Benin MICS 2021-22. The survey collected data on school attendance for age 3-24 and educational attainment for age 5 and above. Data extracted on 25 February 2025.,SE_TOT_CPLR,204,None,U,Q3,ISCED11_1,PT,2025-03-05T00:00:00,2021,,45.67674
2011,A,0,Benin MICS 2021-22. The survey collected data on school attendance for age 3-24 and educational attainment for age 5 and above. Data extracted on 25 February 2025.,SE_TOT_CPLR,204,None,U,Q3,ISCED11_1,PT,2025-03-05T00:00:00,2021,,53.11279
2014,A,0,Benin MICS 2021-22. The survey collected data on school attendance for age 3-24 and educational attainment for age 5 and above. Data extracted on 25 February 2025.,SE_TOT_CPLR,204,None,U,Q3,ISCED11_1,PT,2025-03-05T00:00:00,2021,,58.87782
2017,A,0,Benin MICS 2021-22. The survey collected data on school attendance for age 3-24 and educational attainment for age 5 and above. Data extracted on 25 February 2025.,SE_TOT_CPLR,204,None,U,Q3,ISCED11_1,PT,2025-03-05T00:00:00,2021,,51.16173
2021,A,0,Benin MICS 2021-22. The survey collected data on school attendance for age 3-24 and educational attainment for age 5 and above. Data extracted on 25 February 2025.,SE_TOT_CPLR,204,None,U,Q3,ISCED11_1,PT,2025-03-05T00:00:00,2021,,53.72272
2006,A,0,Benin MICS 2021-22. The survey collected data on school attendance for age 3-24 and educational attainment for age 5 and above. Data extracted on 25 February 2025.,SE_TOT_CPLR,204,None,U,Q3,ISCED11_2,PT,2025-03-05T00:00:00,2021,,14.54263
2011,A,0,Benin MICS 2021-22. The survey collected data on school attendance for age 3-24 and educational attainment for age 5 and above. Data extracted on 25 February 2025.,SE_TOT_CPLR,204,None,U,Q3,ISCED11_2,PT,2025-03-05T00:00:00,2021,,21.01422
2014,A,0,Benin MICS 2021-22. The survey collected data on school attendance for age 3-24 and educational attainment for age 5 and above. Data extracted on 25 February 2025.,SE_TOT_CPLR,204,None,U,Q3,ISCED11_2,PT,2025-03-05T00:00:00,2021,,22.64595
2017,A,0,Benin MICS 2021-22. The survey collected data on school attendance for age 3-24 and educational attainment for age 5 and above. Data extracted on 25 February 2025.,SE_TOT_CPLR,204,None,U,Q3,ISCED11_2,PT,2025-03-05T00:00:00,2021,,15.97501
2021,A,0,Benin MICS 2021-22. The survey collected data on school attendance for age 3-24 and educational attainment for age 5 and above. Data extracted on 25 February 2025.,SE_TOT_CPLR,204,None,U,Q3,ISCED11_2,PT,2025-03-05T00:00:00,2021,,21.32681
2006,A,0,Benin MICS 2021-22. The survey collected data on school attendance for age 3-24 and educational attainment for age 5 and above. Data extracted on 25 February 2025.,SE_TOT_CPLR,204,None,U,Q3,ISCED11_3,PT,2025-03-05T00:00:00,2021,,2.37184
2011,A,0,Benin MICS 2021-22. The survey collected data on school attendance for age 3-24 and educational attainment for age 5 and above. Data extracted on 25 February 2025.,SE_TOT_CPLR,204,None,U,Q3,ISCED11_3,PT,2025-03-05T00:00:00,2021,,3.87169
2014,A,0,Benin MICS 2021-22. The survey collected data on school attendance for age 3-24 and educational attainment for age 5 and above. Data extracted on 25 February 2025.,SE_TOT_CPLR,204,None,U,Q3,ISCED11_3,PT,2025-03-05T00:00:00,2021,,6.84245
2017,A,0,Benin MICS 2021-22. The survey collected data on school attendance for age 3-24 and educational attainment for age 5 and above. Data extracted on 25 February 2025.,SE_TOT_CPLR,204,None,U,Q3,ISCED11_3,PT,2025-03-05T00:00:00,2021,,4.81178
2021,A,0,Benin MICS 2021-22. The survey collected data on school attendance for age 3-24 and educational attainment for age 5 and above. Data extracted on 25 February 2025.,SE_TOT_CPLR,204,None,U,Q3,ISCED11_3,PT,2025-03-05T00:00:00,2021,,4.46746
2006,A,0,Benin MICS 2021-22. The survey collected data on school attendance for age 3-24 and educational attainment for age 5 and above. Data extracted on 25 February 2025.,SE_TOT_CPLR,204,None,U,Q4,ISCED11_1,PT,2025-03-05T00:00:00,2021,,63.43665
2011,A,0,Benin MICS 2021-22. The survey collected data on school attendance for age 3-24 and educational attainment for age 5 and above. Data extracted on 25 February 2025.,SE_TOT_CPLR,204,None,U,Q4,ISCED11_1,PT,2025-03-05T00:00:00,2021,,74.16699
2014,A,0,Benin MICS 2021-22. The survey collected data on school attendance for age 3-24 and educational attainment for age 5 and above. Data extracted on 25 February 2025.,SE_TOT_CPLR,204,None,U,Q4,ISCED11_1,PT,2025-03-05T00:00:00,2021,,65.70419
2017,A,0,Benin MICS 2021-22. The survey collected data on school attendance for age 3-24 and educational attainment for age 5 and above. Data extracted on 25 February 2025.,SE_TOT_CPLR,204,None,U,Q4,ISCED11_1,PT,2025-03-05T00:00:00,2021,,63.54771
2021,A,0,Benin MICS 2021-22. The survey collected data on school attendance for age 3-24 and educational attainment for age 5 and above. Data extracted on 25 February 2025.,SE_TOT_CPLR,204,None,U,Q4,ISCED11_1,PT,2025-03-05T00:00:00,2021,,69.33289
2006,A,0,Benin MICS 2021-22. The survey collected data on school attendance for age 3-24 and educational attainment for age 5 and above. Data extracted on 25 February 2025.,SE_TOT_CPLR,204,None,U,Q4,ISCED11_2,PT,2025-03-05T00:00:00,2021,,22.58853
2011,A,0,Benin MICS 2021-22. The survey collected data on school attendance for age 3-24 and educational attainment for age 5 and above. Data extracted on 25 February 2025.,SE_TOT_CPLR,204,None,U,Q4,ISCED11_2,PT,2025-03-05T00:00:00,2021,,36.0692
2014,A,0,Benin MICS 2021-22. The survey collected data on school attendance for age 3-24 and educational attainment for age 5 and above. Data extracted on 25 February 2025.,SE_TOT_CPLR,204,None,U,Q4,ISCED11_2,PT,2025-03-05T00:00:00,2021,,34.26439
2017,A,0,Benin MICS 2021-22. The survey collected data on school attendance for age 3-24 and educational attainment for age 5 and above. Data extracted on 25 February 2025.,SE_TOT_CPLR,204,None,U,Q4,ISCED11_2,PT,2025-03-05T00:00:00,2021,,23.78348
2021,A,0,Benin MICS 2021-22. The survey collected data on school attendance for age 3-24 and educational attainment for age 5 and above. Data extracted on 25 February 2025.,SE_TOT_CPLR,204,None,U,Q4,ISCED11_2,PT,2025-03-05T00:00:00,2021,,35.0041
2006,A,0,Benin MICS 2021-22. The survey collected data on school attendance for age 3-24 and educational attainment for age 5 and above. Data extracted on 25 February 2025.,SE_TOT_CPLR,204,None,U,Q4,ISCED11_3,PT,2025-03-05T00:00:00,2021,,6.25727
2011,A,0,Benin MICS 2021-22. The survey collected data on school attendance for age 3-24 and educational attainment for age 5 and above. Data extracted on 25 February 2025.,SE_TOT_CPLR,204,None,U,Q4,ISCED11_3,PT,2025-03-05T00:00:00,2021,,11.22229
2014,A,0,Benin MICS 2021-22. The survey collected data on school attendance for age 3-24 and educational attainment for age 5 and above. Data extracted on 25 February 2025.,SE_TOT_CPLR,204,None,U,Q4,ISCED11_3,PT,2025-03-05T00:00:00,2021,,8.18046
2017,A,0,Benin MICS 2021-22. The survey collected data on school attendance for age 3-24 and educational attainment for age 5 and above. Data extracted on 25 February 2025.,SE_TOT_CPLR,204,None,U,Q4,ISCED11_3,PT,2025-03-05T00:00:00,2021,,8.50918
2021,A,0,Benin MICS 2021-22. The survey collected data on school attendance for age 3-24 and educational attainment for age 5 and above. Data extracted on 25 February 2025.,SE_TOT_CPLR,204,None,U,Q4,ISCED11_3,PT,2025-03-05T00:00:00,2021,,14.92057
2006,A,0,Benin MICS 2021-22. The survey collected data on school attendance for age 3-24 and educational attainment for age 5 and above. Data extracted on 25 February 2025.,SE_TOT_CPLR,204,None,U,Q5,ISCED11_1,PT,2025-03-05T00:00:00,2021,,75.41151
2011,A,0,Benin MICS 2021-22. The survey collected data on school attendance for age 3-24 and educational attainment for age 5 and above. Data extracted on 25 February 2025.,SE_TOT_CPLR,204,None,U,Q5,ISCED11_1,PT,2025-03-05T00:00:00,2021,,80.22766
2014,A,0,Benin MICS 2021-22. The survey collected data on school attendance for age 3-24 and educational attainment for age 5 and above. Data extracted on 25 February 2025.,SE_TOT_CPLR,204,None,U,Q5,ISCED11_1,PT,2025-03-05T00:00:00,2021,,79.04122
2017,A,0,Benin MICS 2021-22. The survey collected data on school attendance for age 3-24 and educational attainment for age 5 and above. Data extracted on 25 February 2025.,SE_TOT_CPLR,204,None,U,Q5,ISCED11_1,PT,2025-03-05T00:00:00,2021,,77.19494
2021,A,0,Benin MICS 2021-22. The survey collected data on school attendance for age 3-24 and educational attainment for age 5 and above. Data extracted on 25 February 2025.,SE_TOT_CPLR,204,None,U,Q5,ISCED11_1,PT,2025-03-05T00:00:00,2021,,78.00565
2006,A,0,Benin MICS 2021-22. The survey collected data on school attendance for age 3-24 and educational attainment for age 5 and above. Data extracted on 25 February 2025.,SE_TOT_CPLR,204,None,U,Q5,ISCED11_2,PT,2025-03-05T00:00:00,2021,,49.16573
2011,A,0,Benin MICS 2021-22. The survey collected data on school attendance for age 3-24 and educational attainment for age 5 and above. Data extracted on 25 February 2025.,SE_TOT_CPLR,204,None,U,Q5,ISCED11_2,PT,2025-03-05T00:00:00,2021,,57.72512
2014,A,0,Benin MICS 2021-22. The survey collected data on school attendance for age 3-24 and educational attainment for age 5 and above. Data extracted on 25 February 2025.,SE_TOT_CPLR,204,None,U,Q5,ISCED11_2,PT,2025-03-05T00:00:00,2021,,52.32589
2017,A,0,Benin MICS 2021-22. The survey collected data on school attendance for age 3-24 and educational attainment for age 5 and above. Data extracted on 25 February 2025.,SE_TOT_CPLR,204,None,U,Q5,ISCED11_2,PT,2025-03-05T00:00:00,2021,,49.43921
2021,A,0,Benin MICS 2021-22. The survey collected data on school attendance for age 3-24 and educational attainment for age 5 and above. Data extracted on 25 February 2025.,SE_TOT_CPLR,204,None,U,Q5,ISCED11_2,PT,2025-03-05T00:00:00,2021,,54.74029
2006,A,0,Benin MICS 2021-22. The survey collected data on school attendance for age 3-24 and educational attainment for age 5 and above. Data extracted on 25 February 2025.,SE_TOT_CPLR,204,None,U,Q5,ISCED11_3,PT,2025-03-05T00:00:00,2021,,27.26823
2011,A,0,Benin MICS 2021-22. The survey collected data on school attendance for age 3-24 and educational attainment for age 5 and above. Data extracted on 25 February 2025.,SE_TOT_CPLR,204,None,U,Q5,ISCED11_3,PT,2025-03-05T00:00:00,2021,,35.37139
2014,A,0,Benin MICS 2021-22. The survey collected data on school attendance for age 3-24 and educational attainment for age 5 and above. Data extracted on 25 February 2025.,SE_TOT_CPLR,204,None,U,Q5,ISCED11_3,PT,2025-03-05T00:00:00,2021,,31.31937
2017,A,0,Benin MICS 2021-22. The survey collected data on school attendance for age 3-24 and educational attainment for age 5 and above. Data extracted on 25 February 2025.,SE_TOT_CPLR,204,None,U,Q5,ISCED11_3,PT,2025-03-05T00:00:00,2021,,30.04566
2021,A,0,Benin MICS 2021-22. The survey collected data on school attendance for age 3-24 and educational attainment for age 5 and above. Data extracted on 25 February 2025.,SE_TOT_CPLR,204,None,U,Q5,ISCED11_3,PT,2025-03-05T00:00:00,2021,,36.93341
2001,A,0,Benin Enquête Harmonisée sur les Conditions de Vie des Ménages (EHCVM) 2021-22. The survey collected data on school attendance and educational attainment for age 3 and above. Data extracted on 25 February 2025.,SE_TOT_CPLR,204,F,None,None,ISCED11_1,PT,2025-03-05T00:00:00,2022,,26.36
2006,A,0,Benin Enquête Harmonisée sur les Conditions de Vie des Ménages (EHCVM) 2021-22. The survey collected data on school attendance and educational attainment for age 3 and above. Data extracted on 25 February 2025.,SE_TOT_CPLR,204,F,None,None,ISCED11_1,PT,2025-03-05T00:00:00,2022,,41.98247
2011,A,0,Benin Enquête Harmonisée sur les Conditions de Vie des Ménages (EHCVM) 2021-22. The survey collected data on school attendance and educational attainment for age 3 and above. Data extracted on 25 February 2025.,SE_TOT_CPLR,204,F,None,None,ISCED11_1,PT,2025-03-05T00:00:00,2022,,56.19088
2013,A,0,Benin Enquête Harmonisée sur les Conditions de Vie des Ménages (EHCVM) 2021-22. The survey collected data on school attendance and educational attainment for age 3 and above. Data extracted on 25 February 2025.,SE_TOT_CPLR,204,F,None,None,ISCED11_1,PT,2025-03-05T00:00:00,2022,,52.1
2014,A,0,Benin Enquête Harmonisée sur les Conditions de Vie des Ménages (EHCVM) 2021-22. The survey collected data on school attendance and educational attainment for age 3 and above. Data extracted on 25 February 2025.,SE_TOT_CPLR,204,F,None,None,ISCED11_1,PT,2025-03-05T00:00:00,2022,,48.67413
2017,A,0,Benin Enquête Harmonisée sur les Conditions de Vie des Ménages (EHCVM) 2021-22. The survey collected data on school attendance and educational attainment for age 3 and above. Data extracted on 25 February 2025.,SE_TOT_CPLR,204,F,None,None,ISCED11_1,PT,2025-03-05T00:00:00,2022,,47.64999
2019,A,0,Benin Enquête Harmonisée sur les Conditions de Vie des Ménages (EHCVM) 2021-22. The survey collected data on school attendance and educational attainment for age 3 and above. Data extracted on 25 February 2025.,SE_TOT_CPLR,204,F,None,None,ISCED11_1,PT,2025-03-05T00:00:00,2022,,48.1194
2021,A,0,Benin Enquête Harmonisée sur les Conditions de Vie des Ménages (EHCVM) 2021-22. The survey collected data on school attendance and educational attainment for age 3 and above. Data extracted on 25 February 2025.,SE_TOT_CPLR,204,F,None,None,ISCED11_1,PT,2025-03-05T00:00:00,2022,,49.73767
2022,A,0,Benin Enquête Harmonisée sur les Conditions de Vie des Ménages (EHCVM) 2021-22. The survey collected data on school attendance and educational attainment for age 3 and above. Data extracted on 25 February 2025.,SE_TOT_CPLR,204,F,None,None,ISCED11_1,PT,2025-03-05T00:00:00,2022,,49.36142
2001,A,0,Benin Enquête Harmonisée sur les Conditions de Vie des Ménages (EHCVM) 2021-22. The survey collected data on school attendance and educational attainment for age 3 and above. Data extracted on 25 February 2025.,SE_TOT_CPLR,204,F,None,None,ISCED11_2,PT,2025-03-05T00:00:00,2022,,6.31
2006,A,0,Benin Enquête Harmonisée sur les Conditions de Vie des Ménages (EHCVM) 2021-22. The survey collected data on school attendance and educational attainment for age 3 and above. Data extracted on 25 February 2025.,SE_TOT_CPLR,204,F,None,None,ISCED11_2,PT,2025-03-05T00:00:00,2022,,12.00752
2011,A,0,Benin Enquête Harmonisée sur les Conditions de Vie des Ménages (EHCVM) 2021-22. The survey collected data on school attendance and educational attainment for age 3 and above. Data extracted on 25 February 2025.,SE_TOT_CPLR,204,F,None,None,ISCED11_2,PT,2025-03-05T00:00:00,2022,,20.91064
2013,A,0,Benin Enquête Harmonisée sur les Conditions de Vie des Ménages (EHCVM) 2021-22. The survey collected data on school attendance and educational attainment for age 3 and above. Data extracted on 25 February 2025.,SE_TOT_CPLR,204,F,None,None,ISCED11_2,PT,2025-03-05T00:00:00,2022,,20.8
2014,A,0,Benin Enquête Harmonisée sur les Conditions de Vie des Ménages (EHCVM) 2021-22. The survey collected data on school attendance and educational attainment for age 3 and above. Data extracted on 25 February 2025.,SE_TOT_CPLR,204,F,None,None,ISCED11_2,PT,2025-03-05T00:00:00,2022,,18.84101
2017,A,0,Benin Enquête Harmonisée sur les Conditions de Vie des Ménages (EHCVM) 2021-22. The survey collected data on school attendance and educational attainment for age 3 and above. Data extracted on 25 February 2025.,SE_TOT_CPLR,204,F,None,None,ISCED11_2,PT,2025-03-05T00:00:00,2022,,15.37479
2019,A,0,Benin Enquête Harmonisée sur les Conditions de Vie des Ménages (EHCVM) 2021-22. The survey collected data on school attendance and educational attainment for age 3 and above. Data extracted on 25 February 2025.,SE_TOT_CPLR,204,F,None,None,ISCED11_2,PT,2025-03-05T00:00:00,2022,,17.27346
2021,A,0,Benin Enquête Harmonisée sur les Conditions de Vie des Ménages (EHCVM) 2021-22. The survey collected data on school attendance and educational attainment for age 3 and above. Data extracted on 25 February 2025.,SE_TOT_CPLR,204,F,None,None,ISCED11_2,PT,2025-03-05T00:00:00,2022,,19.65563
2022,A,0,Benin Enquête Harmonisée sur les Conditions de Vie des Ménages (EHCVM) 2021-22. The survey collected data on school attendance and educational attainment for age 3 and above. Data extracted on 25 February 2025.,SE_TOT_CPLR,204,F,None,None,ISCED11_2,PT,2025-03-05T00:00:00,2022,,24.17313
2001,A,0,Benin Enquête Harmonisée sur les Conditions de Vie des Ménages (EHCVM) 2021-22. The survey collected data on school attendance and educational attainment for age 3 and above. Data extracted on 25 February 2025.,SE_TOT_CPLR,204,F,None,None,ISCED11_3,PT,2025-03-05T00:00:00,2022,,2.03
2006,A,0,Benin Enquête Harmonisée sur les Conditions de Vie des Ménages (EHCVM) 2021-22. The survey collected data on school attendance and educational attainment for age 3 and above. Data extracted on 25 February 2025.,SE_TOT_CPLR,204,F,None,None,ISCED11_3,PT,2025-03-05T00:00:00,2022,,5.65772
2011,A,0,Benin Enquête Harmonisée sur les Conditions de Vie des Ménages (EHCVM) 2021-22. The survey collected data on school attendance and educational attainment for age 3 and above. Data extracted on 25 February 2025.,SE_TOT_CPLR,204,F,None,None,ISCED11_3,PT,2025-03-05T00:00:00,2022,,8.8594
2013,A,0,Benin Enquête Harmonisée sur les Conditions de Vie des Ménages (EHCVM) 2021-22. The survey collected data on school attendance and educational attainment for age 3 and above. Data extracted on 25 February 2025.,SE_TOT_CPLR,204,F,None,None,ISCED11_3,PT,2025-03-05T00:00:00,2022,,7.1
2014,A,0,Benin Enquête Harmonisée sur les Conditions de Vie des Ménages (EHCVM) 2021-22. The survey collected data on school attendance and educational attainment for age 3 and above. Data extracted on 25 February 2025.,SE_TOT_CPLR,204,F,None,None,ISCED11_3,PT,2025-03-05T00:00:00,2022,,6.63538
2017,A,0,Benin Enquête Harmonisée sur les Conditions de Vie des Ménages (EHCVM) 2021-22. The survey collected data on school attendance and educational attainment for age 3 and above. Data extracted on 25 February 2025.,SE_TOT_CPLR,204,F,None,None,ISCED11_3,PT,2025-03-05T00:00:00,2022,,6.03978
2019,A,0,Benin Enquête Harmonisée sur les Conditions de Vie des Ménages (EHCVM) 2021-22. The survey collected data on school attendance and educational attainment for age 3 and above. Data extracted on 25 February 2025.,SE_TOT_CPLR,204,F,None,None,ISCED11_3,PT,2025-03-05T00:00:00,2022,,7.33642
2021,A,0,Benin Enquête Harmonisée sur les Conditions de Vie des Ménages (EHCVM) 2021-22. The survey collected data on school attendance and educational attainment for age 3 and above. Data extracted on 25 February 2025.,SE_TOT_CPLR,204,F,None,None,ISCED11_3,PT,2025-03-05T00:00:00,2022,,7.80481
2022,A,0,Benin Enquête Harmonisée sur les Conditions de Vie des Ménages (EHCVM) 2021-22. The survey collected data on school attendance and educational attainment for age 3 and above. Data extracted on 25 February 2025.,SE_TOT_CPLR,204,F,None,None,ISCED11_3,PT,2025-03-05T00:00:00,2022,,9.12832
2006,A,0,Benin MICS 2021-22. The survey collected data on school attendance for age 3-24 and educational attainment for age 5 and above. Data extracted on 25 February 2025.,SE_TOT_CPLR,204,F,None,Q1,ISCED11_1,PT,2025-03-05T00:00:00,2021,,13.12648
2011,A,0,Benin MICS 2021-22. The survey collected data on school attendance for age 3-24 and educational attainment for age 5 and above. Data extracted on 25 February 2025.,SE_TOT_CPLR,204,F,None,Q1,ISCED11_1,PT,2025-03-05T00:00:00,2021,,28.02238
2014,A,0,Benin MICS 2021-22. The survey collected data on school attendance for age 3-24 and educational attainment for age 5 and above. Data extracted on 25 February 2025.,SE_TOT_CPLR,204,F,None,Q1,ISCED11_1,PT,2025-03-05T00:00:00,2021,,20.39421
2017,A,0,Benin MICS 2021-22. The survey collected data on school attendance for age 3-24 and educational attainment for age 5 and above. Data extracted on 25 February 2025.,SE_TOT_CPLR,204,F,None,Q1,ISCED11_1,PT,2025-03-05T00:00:00,2021,,19.10925
2021,A,0,Benin MICS 2021-22. The survey collected data on school attendance for age 3-24 and educational attainment for age 5 and above. Data extracted on 25 February 2025.,SE_TOT_CPLR,204,F,None,Q1,ISCED11_1,PT,2025-03-05T00:00:00,2021,,17.89782
2006,A,0,Benin MICS 2021-22. The survey collected data on school attendance for age 3-24 and educational attainment for age 5 and above. Data extracted on 25 February 2025.,SE_TOT_CPLR,204,F,None,Q1,ISCED11_2,PT,2025-03-05T00:00:00,2021,This data point is NIL for the submitting nation.,0.0
2011,A,0,Benin MICS 2021-22. The survey collected data on school attendance for age 3-24 and educational attainment for age 5 and above. Data extracted on 25 February 2025.,SE_TOT_CPLR,204,F,None,Q1,ISCED11_2,PT,2025-03-05T00:00:00,2021,This data point is NIL for the submitting nation.,2.56372
2014,A,0,Benin MICS 2021-22. The survey collected data on school attendance for age 3-24 and educational attainment for age 5 and above. Data extracted on 25 February 2025.,SE_TOT_CPLR,204,F,None,Q1,ISCED11_2,PT,2025-03-05T00:00:00,2021,This data point is NIL for the submitting nation.,1.18133
2017,A,0,Benin MICS 2021-22. The survey collected data on school attendance for age 3-24 and educational attainment for age 5 and above. Data extracted on 25 February 2025.,SE_TOT_CPLR,204,F,None,Q1,ISCED11_2,PT,2025-03-05T00:00:00,2021,This data point is NIL for the submitting nation.,1.87484
2021,A,0,Benin MICS 2021-22. The survey collected data on school attendance for age 3-24 and educational attainment for age 5 and above. Data extracted on 25 February 2025.,SE_TOT_CPLR,204,F,None,Q1,ISCED11_2,PT,2025-03-05T00:00:00,2021,This data point is NIL for the submitting nation.,2.11103
2006,A,0,Benin MICS 2021-22. The survey collected data on school attendance for age 3-24 and educational attainment for age 5 and above. Data extracted on 25 February 2025.,SE_TOT_CPLR,204,F,None,Q1,ISCED11_3,PT,2025-03-05T00:00:00,2021,This data point is NIL for the submitting nation.,0.0
2011,A,0,Benin MICS 2021-22. The survey collected data on school attendance for age 3-24 and educational attainment for age 5 and above. Data extracted on 25 February 2025.,SE_TOT_CPLR,204,F,None,Q1,ISCED11_3,PT,2025-03-05T00:00:00,2021,This data point is NIL for the submitting nation.,0.0
2014,A,0,Benin MICS 2021-22. The survey collected data on school attendance for age 3-24 and educational attainment for age 5 and above. Data extracted on 25 February 2025.,SE_TOT_CPLR,204,F,None,Q1,ISCED11_3,PT,2025-03-05T00:00:00,2021,This data point is NIL for the submitting nation.,0.0
2018,A,0,Benin MICS 2021-22. The survey collected data on school attendance for age 3-24 and educational attainment for age 5 and above. Data extracted on 25 February 2025.,SE_TOT_CPLR,204,F,None,Q1,ISCED11_3,PT,2025-03-05T00:00:00,2021,This data point is NIL for the submitting nation.,0.2
2021,A,0,Benin MICS 2021-22. The survey collected data on school attendance for age 3-24 and educational attainment for age 5 and above. Data extracted on 25 February 2025.,SE_TOT_CPLR,204,F,None,Q1,ISCED11_3,PT,2025-03-05T00:00:00,2021,This data point is NIL for the submitting nation.,0.27595
2006,A,0,Benin MICS 2021-22. The survey collected data on school attendance for age 3-24 and educational attainment for age 5 and above. Data extracted on 25 February 2025.,SE_TOT_CPLR,204,F,None,Q2,ISCED11_1,PT,2025-03-05T00:00:00,2021,,20.49149
2011,A,0,Benin MICS 2021-22. The survey collected data on school attendance for age 3-24 and educational attainment for age 5 and above. Data extracted on 25 February 2025.,SE_TOT_CPLR,204,F,None,Q2,ISCED11_1,PT,2025-03-05T00:00:00,2021,,38.61661
2014,A,0,Benin MICS 2021-22. The survey collected data on school attendance for age 3-24 and educational attainment for age 5 and above. Data extracted on 25 February 2025.,SE_TOT_CPLR,204,F,None,Q2,ISCED11_1,PT,2025-03-05T00:00:00,2021,,31.28807
2017,A,0,Benin MICS 2021-22. The survey collected data on school attendance for age 3-24 and educational attainment for age 5 and above. Data extracted on 25 February 2025.,SE_TOT_CPLR,204,F,None,Q2,ISCED11_1,PT,2025-03-05T00:00:00,2021,,30.73414
2021,A,0,Benin MICS 2021-22. The survey collected data on school attendance for age 3-24 and educational attainment for age 5 and above. Data extracted on 25 February 2025.,SE_TOT_CPLR,204,F,None,Q2,ISCED11_1,PT,2025-03-05T00:00:00,2021,,34.10343
2006,A,0,Benin MICS 2021-22. The survey collected data on school attendance for age 3-24 and educational attainment for age 5 and above. Data extracted on 25 February 2025.,SE_TOT_CPLR,204,F,None,Q2,ISCED11_2,PT,2025-03-05T00:00:00,2021,,1.96796
2011,A,0,Benin MICS 2021-22. The survey collected data on school attendance for age 3-24 and educational attainment for age 5 and above. Data extracted on 25 February 2025.,SE_TOT_CPLR,204,F,None,Q2,ISCED11_2,PT,2025-03-05T00:00:00,2021,,3.27808
2014,A,0,Benin MICS 2021-22. The survey collected data on school attendance for age 3-24 and educational attainment for age 5 and above. Data extracted on 25 February 2025.,SE_TOT_CPLR,204,F,None,Q2,ISCED11_2,PT,2025-03-05T00:00:00,2021,,6.16326
2017,A,0,Benin MICS 2021-22. The survey collected data on school attendance for age 3-24 and educational attainment for age 5 and above. Data extracted on 25 February 2025.,SE_TOT_CPLR,204,F,None,Q2,ISCED11_2,PT,2025-03-05T00:00:00,2021,,7.71369
2021,A,0,Benin MICS 2021-22. The survey collected data on school attendance for age 3-24 and educational attainment for age 5 and above. Data extracted on 25 February 2025.,SE_TOT_CPLR,204,F,None,Q2,ISCED11_2,PT,2025-03-05T00:00:00,2021,,7.07074
2006,A,0,Benin MICS 2021-22. The survey collected data on school attendance for age 3-24 and educational attainment for age 5 and above. Data extracted on 25 February 2025.,SE_TOT_CPLR,204,F,None,Q2,ISCED11_3,PT,2025-03-05T00:00:00,2021,This data point is NIL for the submitting nation.,0.0
2011,A,0,Benin MICS 2021-22. The survey collected data on school attendance for age 3-24 and educational attainment for age 5 and above. Data extracted on 25 February 2025.,SE_TOT_CPLR,204,F,None,Q2,ISCED11_3,PT,2025-03-05T00:00:00,2021,This data point is NIL for the submitting nation.,0.0
2014,A,0,Benin MICS 2021-22. The survey collected data on school attendance for age 3-24 and educational attainment for age 5 and above. Data extracted on 25 February 2025.,SE_TOT_CPLR,204,F,None,Q2,ISCED11_3,PT,2025-03-05T00:00:00,2021,This data point is NIL for the submitting nation.,0.0
2018,A,0,Benin MICS 2021-22. The survey collected data on school attendance for age 3-24 and educational attainment for age 5 and above. Data extracted on 25 February 2025.,SE_TOT_CPLR,204,F,None,Q2,ISCED11_3,PT,2025-03-05T00:00:00,2021,This data point is NIL for the submitting nation.,0.46
2021,A,0,Benin MICS 2021-22. The survey collected data on school attendance for age 3-24 and educational attainment for age 5 and above. Data extracted on 25 February 2025.,SE_TOT_CPLR,204,F,None,Q2,ISCED11_3,PT,2025-03-05T00:00:00,2021,This data point is NIL for the submitting nation.,0.46563
2006,A,0,Benin MICS 2021-22. The survey collected data on school attendance for age 3-24 and educational attainment for age 5 and above. Data extracted on 25 February 2025.,SE_TOT_CPLR,204,F,None,Q3,ISCED11_1,PT,2025-03-05T00:00:00,2021,,32.33991
2011,A,0,Benin MICS 2021-22. The survey collected data on school attendance for age 3-24 and educational attainment for age 5 and above. Data extracted on 25 February 2025.,SE_TOT_CPLR,204,F,None,Q3,ISCED11_1,PT,2025-03-05T00:00:00,2021,,55.91235
2014,A,0,Benin MICS 2021-22. The survey collected data on school attendance for age 3-24 and educational attainment for age 5 and above. Data extracted on 25 February 2025.,SE_TOT_CPLR,204,F,None,Q3,ISCED11_1,PT,2025-03-05T00:00:00,2021,,49.09575
2017,A,0,Benin MICS 2021-22. The survey collected data on school attendance for age 3-24 and educational attainment for age 5 and above. Data extracted on 25 February 2025.,SE_TOT_CPLR,204,F,None,Q3,ISCED11_1,PT,2025-03-05T00:00:00,2021,,46.3989
2021,A,0,Benin MICS 2021-22. The survey collected data on school attendance for age 3-24 and educational attainment for age 5 and above. Data extracted on 25 February 2025.,SE_TOT_CPLR,204,F,None,Q3,ISCED11_1,PT,2025-03-05T00:00:00,2021,,45.72345
2006,A,0,Benin MICS 2021-22. The survey collected data on school attendance for age 3-24 and educational attainment for age 5 and above. Data extracted on 25 February 2025.,SE_TOT_CPLR,204,F,None,Q3,ISCED11_2,PT,2025-03-05T00:00:00,2021,,3.18214
2011,A,0,Benin MICS 2021-22. The survey collected data on school attendance for age 3-24 and educational attainment for age 5 and above. Data extracted on 25 February 2025.,SE_TOT_CPLR,204,F,None,Q3,ISCED11_2,PT,2025-03-05T00:00:00,2021,,12.40187
2014,A,0,Benin MICS 2021-22. The survey collected data on school attendance for age 3-24 and educational attainment for age 5 and above. Data extracted on 25 February 2025.,SE_TOT_CPLR,204,F,None,Q3,ISCED11_2,PT,2025-03-05T00:00:00,2021,,8.80419
2017,A,0,Benin MICS 2021-22. The survey collected data on school attendance for age 3-24 and educational attainment for age 5 and above. Data extracted on 25 February 2025.,SE_TOT_CPLR,204,F,None,Q3,ISCED11_2,PT,2025-03-05T00:00:00,2021,,5.03553
2021,A,0,Benin MICS 2021-22. The survey collected data on school attendance for age 3-24 and educational attainment for age 5 and above. Data extracted on 25 February 2025.,SE_TOT_CPLR,204,F,None,Q3,ISCED11_2,PT,2025-03-05T00:00:00,2021,,12.19756
2006,A,0,Benin MICS 2021-22. The survey collected data on school attendance for age 3-24 and educational attainment for age 5 and above. Data extracted on 25 February 2025.,SE_TOT_CPLR,204,F,None,Q3,ISCED11_3,PT,2025-03-05T00:00:00,2021,,0.28173
2011,A,0,Benin MICS 2021-22. The survey collected data on school attendance for age 3-24 and educational attainment for age 5 and above. Data extracted on 25 February 2025.,SE_TOT_CPLR,204,F,None,Q3,ISCED11_3,PT,2025-03-05T00:00:00,2021,,1.12409
2014,A,0,Benin MICS 2021-22. The survey collected data on school attendance for age 3-24 and educational attainment for age 5 and above. Data extracted on 25 February 2025.,SE_TOT_CPLR,204,F,None,Q3,ISCED11_3,PT,2025-03-05T00:00:00,2021,,0.21513
2017,A,0,Benin MICS 2021-22. The survey collected data on school attendance for age 3-24 and educational attainment for age 5 and above. Data extracted on 25 February 2025.,SE_TOT_CPLR,204,F,None,Q3,ISCED11_3,PT,2025-03-05T00:00:00,2021,,1.71155
2021,A,0,Benin MICS 2021-22. The survey collected data on school attendance for age 3-24 and educational attainment for age 5 and above. Data extracted on 25 February 2025.,SE_TOT_CPLR,204,F,None,Q3,ISCED11_3,PT,2025-03-05T00:00:00,2021,,1.83886
2006,A,0,Benin MICS 2021-22. The survey collected data on school attendance for age 3-24 and educational attainment for age 5 and above. Data extracted on 25 February 2025.,SE_TOT_CPLR,204,F,None,Q4,ISCED11_1,PT,2025-03-05T00:00:00,2021,,51.64497
2011,A,0,Benin MICS 2021-22. The survey collected data on school attendance for age 3-24 and educational attainment for age 5 and above. Data extracted on 25 February 2025.,SE_TOT_CPLR,204,F,None,Q4,ISCED11_1,PT,2025-03-05T00:00:00,2021,,69.34354
2014,A,0,Benin MICS 2021-22. The survey collected data on school attendance for age 3-24 and educational attainment for age 5 and above. Data extracted on 25 February 2025.,SE_TOT_CPLR,204,F,None,Q4,ISCED11_1,PT,2025-03-05T00:00:00,2021,,58.09471
2017,A,0,Benin MICS 2021-22. The survey collected data on school attendance for age 3-24 and educational attainment for age 5 and above. Data extracted on 25 February 2025.,SE_TOT_CPLR,204,F,None,Q4,ISCED11_1,PT,2025-03-05T00:00:00,2021,,60.02561
2021,A,0,Benin MICS 2021-22. The survey collected data on school attendance for age 3-24 and educational attainment for age 5 and above. Data extracted on 25 February 2025.,SE_TOT_CPLR,204,F,None,Q4,ISCED11_1,PT,2025-03-05T00:00:00,2021,,61.11205
2006,A,0,Benin MICS 2021-22. The survey collected data on school attendance for age 3-24 and educational attainment for age 5 and above. Data extracted on 25 February 2025.,SE_TOT_CPLR,204,F,None,Q4,ISCED11_2,PT,2025-03-05T00:00:00,2021,,7.51959
2011,A,0,Benin MICS 2021-22. The survey collected data on school attendance for age 3-24 and educational attainment for age 5 and above. Data extracted on 25 February 2025.,SE_TOT_CPLR,204,F,None,Q4,ISCED11_2,PT,2025-03-05T00:00:00,2021,,21.55106
2014,A,0,Benin MICS 2021-22. The survey collected data on school attendance for age 3-24 and educational attainment for age 5 and above. Data extracted on 25 February 2025.,SE_TOT_CPLR,204,F,None,Q4,ISCED11_2,PT,2025-03-05T00:00:00,2021,,21.37549
2017,A,0,Benin MICS 2021-22. The survey collected data on school attendance for age 3-24 and educational attainment for age 5 and above. Data extracted on 25 February 2025.,SE_TOT_CPLR,204,F,None,Q4,ISCED11_2,PT,2025-03-05T00:00:00,2021,,18.36196
2021,A,0,Benin MICS 2021-22. The survey collected data on school attendance for age 3-24 and educational attainment for age 5 and above. Data extracted on 25 February 2025.,SE_TOT_CPLR,204,F,None,Q4,ISCED11_2,PT,2025-03-05T00:00:00,2021,,23.418
2006,A,0,Benin MICS 2021-22. The survey collected data on school attendance for age 3-24 and educational attainment for age 5 and above. Data extracted on 25 February 2025.,SE_TOT_CPLR,204,F,None,Q4,ISCED11_3,PT,2025-03-05T00:00:00,2021,,1.42314
2011,A,0,Benin MICS 2021-22. The survey collected data on school attendance for age 3-24 and educational attainment for age 5 and above. Data extracted on 25 February 2025.,SE_TOT_CPLR,204,F,None,Q4,ISCED11_3,PT,2025-03-05T00:00:00,2021,,6.51808
2014,A,0,Benin MICS 2021-22. The survey collected data on school attendance for age 3-24 and educational attainment for age 5 and above. Data extracted on 25 February 2025.,SE_TOT_CPLR,204,F,None,Q4,ISCED11_3,PT,2025-03-05T00:00:00,2021,,1.88351
2017,A,0,Benin MICS 2021-22. The survey collected data on school attendance for age 3-24 and educational attainment for age 5 and above. Data extracted on 25 February 2025.,SE_TOT_CPLR,204,F,None,Q4,ISCED11_3,PT,2025-03-05T00:00:00,2021,,3.43568
2021,A,0,Benin MICS 2021-22. The survey collected data on school attendance for age 3-24 and educational attainment for age 5 and above. Data extracted on 25 February 2025.,SE_TOT_CPLR,204,F,None,Q4,ISCED11_3,PT,2025-03-05T00:00:00,2021,,5.75622
2006,A,0,Benin MICS 2021-22. The survey collected data on school attendance for age 3-24 and educational attainment for age 5 and above. Data extracted on 25 February 2025.,SE_TOT_CPLR,204,F,None,Q5,ISCED11_1,PT,2025-03-05T00:00:00,2021,,66.76397
2011,A,0,Benin MICS 2021-22. The survey collected data on school attendance for age 3-24 and educational attainment for age 5 and above. Data extracted on 25 February 2025.,SE_TOT_CPLR,204,F,None,Q5,ISCED11_1,PT,2025-03-05T00:00:00,2021,,74.97009
2014,A,0,Benin MICS 2021-22. The survey collected data on school attendance for age 3-24 and educational attainment for age 5 and above. Data extracted on 25 February 2025.,SE_TOT_CPLR,204,F,None,Q5,ISCED11_1,PT,2025-03-05T00:00:00,2021,,72.02081
2017,A,0,Benin MICS 2021-22. The survey collected data on school attendance for age 3-24 and educational attainment for age 5 and above. Data extracted on 25 February 2025.,SE_TOT_CPLR,204,F,None,Q5,ISCED11_1,PT,2025-03-05T00:00:00,2021,,70.4891
2021,A,0,Benin MICS 2021-22. The survey collected data on school attendance for age 3-24 and educational attainment for age 5 and above. Data extracted on 25 February 2025.,SE_TOT_CPLR,204,F,None,Q5,ISCED11_1,PT,2025-03-05T00:00:00,2021,,72.71996
2006,A,0,Benin MICS 2021-22. The survey collected data on school attendance for age 3-24 and educational attainment for age 5 and above. Data extracted on 25 February 2025.,SE_TOT_CPLR,204,F,None,Q5,ISCED11_2,PT,2025-03-05T00:00:00,2021,,38.00706
2011,A,0,Benin MICS 2021-22. The survey collected data on school attendance for age 3-24 and educational attainment for age 5 and above. Data extracted on 25 February 2025.,SE_TOT_CPLR,204,F,None,Q5,ISCED11_2,PT,2025-03-05T00:00:00,2021,,47.79615
2014,A,0,Benin MICS 2021-22. The survey collected data on school attendance for age 3-24 and educational attainment for age 5 and above. Data extracted on 25 February 2025.,SE_TOT_CPLR,204,F,None,Q5,ISCED11_2,PT,2025-03-05T00:00:00,2021,,41.66272
2017,A,0,Benin MICS 2021-22. The survey collected data on school attendance for age 3-24 and educational attainment for age 5 and above. Data extracted on 25 February 2025.,SE_TOT_CPLR,204,F,None,Q5,ISCED11_2,PT,2025-03-05T00:00:00,2021,,38.30784
2021,A,0,Benin MICS 2021-22. The survey collected data on school attendance for age 3-24 and educational attainment for age 5 and above. Data extracted on 25 February 2025.,SE_TOT_CPLR,204,F,None,Q5,ISCED11_2,PT,2025-03-05T00:00:00,2021,,47.03597
2006,A,0,Benin MICS 2021-22. The survey collected data on school attendance for age 3-24 and educational attainment for age 5 and above. Data extracted on 25 February 2025.,SE_TOT_CPLR,204,F,None,Q5,ISCED11_3,PT,2025-03-05T00:00:00,2021,,18.91499
2011,A,0,Benin MICS 2021-22. The survey collected data on school attendance for age 3-24 and educational attainment for age 5 and above. Data extracted on 25 February 2025.,SE_TOT_CPLR,204,F,None,Q5,ISCED11_3,PT,2025-03-05T00:00:00,2021,,24.17854
2014,A,0,Benin MICS 2021-22. The survey collected data on school attendance for age 3-24 and educational attainment for age 5 and above. Data extracted on 25 February 2025.,SE_TOT_CPLR,204,F,None,Q5,ISCED11_3,PT,2025-03-05T00:00:00,2021,,23.55712
2017,A,0,Benin MICS 2021-22. The survey collected data on school attendance for age 3-24 and educational attainment for age 5 and above. Data extracted on 25 February 2025.,SE_TOT_CPLR,204,F,None,Q5,ISCED11_3,PT,2025-03-05T00:00:00,2021,,19.39265
2021,A,0,Benin MICS 2021-22. The survey collected data on school attendance for age 3-24 and educational attainment for age 5 and above. Data extracted on 25 February 2025.,SE_TOT_CPLR,204,F,None,Q5,ISCED11_3,PT,2025-03-05T00:00:00,2021,,26.56045
2001,A,0,Benin Enquête Harmonisée sur les Conditions de Vie des Ménages (EHCVM) 2021-22. The survey collected data on school attendance and educational attainment for age 3 and above. Data extracted on 25 February 2025.,SE_TOT_CPLR,204,F,R,None,ISCED11_1,PT,2025-03-05T00:00:00,2022,,14.13
2006,A,0,Benin Enquête Harmonisée sur les Conditions de Vie des Ménages (EHCVM) 2021-22. The survey collected data on school attendance and educational attainment for age 3 and above. Data extracted on 25 February 2025.,SE_TOT_CPLR,204,F,R,None,ISCED11_1,PT,2025-03-05T00:00:00,2022,,28.2332
2011,A,0,Benin Enquête Harmonisée sur les Conditions de Vie des Ménages (EHCVM) 2021-22. The survey collected data on school attendance and educational attainment for age 3 and above. Data extracted on 25 February 2025.,SE_TOT_CPLR,204,F,R,None,ISCED11_1,PT,2025-03-05T00:00:00,2022,,47.53496
2014,A,0,Benin Enquête Harmonisée sur les Conditions de Vie des Ménages (EHCVM) 2021-22. The survey collected data on school attendance and educational attainment for age 3 and above. Data extracted on 25 February 2025.,SE_TOT_CPLR,204,F,R,None,ISCED11_1,PT,2025-03-05T00:00:00,2022,,36.68787
2017,A,0,Benin Enquête Harmonisée sur les Conditions de Vie des Ménages (EHCVM) 2021-22. The survey collected data on school attendance and educational attainment for age 3 and above. Data extracted on 25 February 2025.,SE_TOT_CPLR,204,F,R,None,ISCED11_1,PT,2025-03-05T00:00:00,2022,,40.31367
2019,A,0,Benin Enquête Harmonisée sur les Conditions de Vie des Ménages (EHCVM) 2021-22. The survey collected data on school attendance and educational attainment for age 3 and above. Data extracted on 25 February 2025.,SE_TOT_CPLR,204,F,R,None,ISCED11_1,PT,2025-03-05T00:00:00,2022,,39.0234
2021,A,0,Benin Enquête Harmonisée sur les Conditions de Vie des Ménages (EHCVM) 2021-22. The survey collected data on school attendance and educational attainment for age 3 and above. Data extracted on 25 February 2025.,SE_TOT_CPLR,204,F,R,None,ISCED11_1,PT,2025-03-05T00:00:00,2022,,38.34486
2022,A,0,Benin Enquête Harmonisée sur les Conditions de Vie des Ménages (EHCVM) 2021-22. The survey collected data on school attendance and educational attainment for age 3 and above. Data extracted on 25 February 2025.,SE_TOT_CPLR,204,F,R,None,ISCED11_1,PT,2025-03-05T00:00:00,2022,,37.89326
2001,A,0,Benin Enquête Harmonisée sur les Conditions de Vie des Ménages (EHCVM) 2021-22. The survey collected data on school attendance and educational attainment for age 3 and above. Data extracted on 25 February 2025.,SE_TOT_CPLR,204,F,R,None,ISCED11_2,PT,2025-03-05T00:00:00,2022,,0.96
2006,A,0,Benin Enquête Harmonisée sur les Conditions de Vie des Ménages (EHCVM) 2021-22. The survey collected data on school attendance and educational attainment for age 3 and above. Data extracted on 25 February 2025.,SE_TOT_CPLR,204,F,R,None,ISCED11_2,PT,2025-03-05T00:00:00,2022,,4.0156
2011,A,0,Benin Enquête Harmonisée sur les Conditions de Vie des Ménages (EHCVM) 2021-22. The survey collected data on school attendance and educational attainment for age 3 and above. Data extracted on 25 February 2025.,SE_TOT_CPLR,204,F,R,None,ISCED11_2,PT,2025-03-05T00:00:00,2022,,8.44781
2014,A,0,Benin Enquête Harmonisée sur les Conditions de Vie des Ménages (EHCVM) 2021-22. The survey collected data on school attendance and educational attainment for age 3 and above. Data extracted on 25 February 2025.,SE_TOT_CPLR,204,F,R,None,ISCED11_2,PT,2025-03-05T00:00:00,2022,,7.33171
2017,A,0,Benin Enquête Harmonisée sur les Conditions de Vie des Ménages (EHCVM) 2021-22. The survey collected data on school attendance and educational attainment for age 3 and above. Data extracted on 25 February 2025.,SE_TOT_CPLR,204,F,R,None,ISCED11_2,PT,2025-03-05T00:00:00,2022,,9.44593
2019,A,0,Benin Enquête Harmonisée sur les Conditions de Vie des Ménages (EHCVM) 2021-22. The survey collected data on school attendance and educational attainment for age 3 and above. Data extracted on 25 February 2025.,SE_TOT_CPLR,204,F,R,None,ISCED11_2,PT,2025-03-05T00:00:00,2022,,9.00721
2021,A,0,Benin Enquête Harmonisée sur les Conditions de Vie des Ménages (EHCVM) 2021-22. The survey collected data on school attendance and educational attainment for age 3 and above. Data extracted on 25 February 2025.,SE_TOT_CPLR,204,F,R,None,ISCED11_2,PT,2025-03-05T00:00:00,2022,,10.40487
2022,A,0,Benin Enquête Harmonisée sur les Conditions de Vie des Ménages (EHCVM) 2021-22. The survey collected data on school attendance and educational attainment for age 3 and above. Data extracted on 25 February 2025.,SE_TOT_CPLR,204,F,R,None,ISCED11_2,PT,2025-03-05T00:00:00,2022,,14.13915
2001,A,0,Benin Enquête Harmonisée sur les Conditions de Vie des Ménages (EHCVM) 2021-22. The survey collected data on school attendance and educational attainment for age 3 and above. Data extracted on 25 February 2025.,SE_TOT_CPLR,204,F,R,None,ISCED11_3,PT,2025-03-05T00:00:00,2022,,0.18
2006,A,0,Benin Enquête Harmonisée sur les Conditions de Vie des Ménages (EHCVM) 2021-22. The survey collected data on school attendance and educational attainment for age 3 and above. Data extracted on 25 February 2025.,SE_TOT_CPLR,204,F,R,None,ISCED11_3,PT,2025-03-05T00:00:00,2022,,0.72699
2011,A,0,Benin Enquête Harmonisée sur les Conditions de Vie des Ménages (EHCVM) 2021-22. The survey collected data on school attendance and educational attainment for age 3 and above. Data extracted on 25 February 2025.,SE_TOT_CPLR,204,F,R,None,ISCED11_3,PT,2025-03-05T00:00:00,2022,,2.37824
2014,A,0,Benin Enquête Harmonisée sur les Conditions de Vie des Ménages (EHCVM) 2021-22. The survey collected data on school attendance and educational attainment for age 3 and above. Data extracted on 25 February 2025.,SE_TOT_CPLR,204,F,R,None,ISCED11_3,PT,2025-03-05T00:00:00,2022,,0.40719
2017,A,0,Benin Enquête Harmonisée sur les Conditions de Vie des Ménages (EHCVM) 2021-22. The survey collected data on school attendance and educational attainment for age 3 and above. Data extracted on 25 February 2025.,SE_TOT_CPLR,204,F,R,None,ISCED11_3,PT,2025-03-05T00:00:00,2022,,1.58163
2019,A,0,Benin Enquête Harmonisée sur les Conditions de Vie des Ménages (EHCVM) 2021-22. The survey collected data on school attendance and educational attainment for age 3 and above. Data extracted on 25 February 2025.,SE_TOT_CPLR,204,F,R,None,ISCED11_3,PT,2025-03-05T00:00:00,2022,,2.4725
2021,A,0,Benin Enquête Harmonisée sur les Conditions de Vie des Ménages (EHCVM) 2021-22. The survey collected data on school attendance and educational attainment for age 3 and above. Data extracted on 25 February 2025.,SE_TOT_CPLR,204,F,R,None,ISCED11_3,PT,2025-03-05T00:00:00,2022,,2.86931
2022,A,0,Benin Enquête Harmonisée sur les Conditions de Vie des Ménages (EHCVM) 2021-22. The survey collected data on school attendance and educational attainment for age 3 and above. Data extracted on 25 February 2025.,SE_TOT_CPLR,204,F,R,None,ISCED11_3,PT,2025-03-05T00:00:00,2022,,3.66415
2006,A,0,Benin MICS 2021-22. The survey collected data on school attendance for age 3-24 and educational attainment for age 5 and above. Data extracted on 25 February 2025.,SE_TOT_CPLR,204,F,R,Q1,ISCED11_1,PT,2025-03-05T00:00:00,2021,,13.63896
2011,A,0,Benin MICS 2021-22. The survey collected data on school attendance for age 3-24 and educational attainment for age 5 and above. Data extracted on 25 February 2025.,SE_TOT_CPLR,204,F,R,Q1,ISCED11_1,PT,2025-03-05T00:00:00,2021,,26.14911
2014,A,0,Benin MICS 2021-22. The survey collected data on school attendance for age 3-24 and educational attainment for age 5 and above. Data extracted on 25 February 2025.,SE_TOT_CPLR,204,F,R,Q1,ISCED11_1,PT,2025-03-05T00:00:00,2021,,15.44925
2017,A,0,Benin MICS 2021-22. The survey collected data on school attendance for age 3-24 and educational attainment for age 5 and above. Data extracted on 25 February 2025.,SE_TOT_CPLR,204,F,R,Q1,ISCED11_1,PT,2025-03-05T00:00:00,2021,,19.85278
2021,A,0,Benin MICS 2021-22. The survey collected data on school attendance for age 3-24 and educational attainment for age 5 and above. Data extracted on 25 February 2025.,SE_TOT_CPLR,204,F,R,Q1,ISCED11_1,PT,2025-03-05T00:00:00,2021,,14.03186
2006,A,0,Benin MICS 2021-22. The survey collected data on school attendance for age 3-24 and educational attainment for age 5 and above. Data extracted on 25 February 2025.,SE_TOT_CPLR,204,F,R,Q1,ISCED11_2,PT,2025-03-05T00:00:00,2021,This data point is NIL for the submitting nation.,0.0
2011,A,0,Benin MICS 2021-22. The survey collected data on school attendance for age 3-24 and educational attainment for age 5 and above. Data extracted on 25 February 2025.,SE_TOT_CPLR,204,F,R,Q1,ISCED11_2,PT,2025-03-05T00:00:00,2021,This data point is NIL for the submitting nation.,2.09453
2014,A,0,Benin MICS 2021-22. The survey collected data on school attendance for age 3-24 and educational attainment for age 5 and above. Data extracted on 25 February 2025.,SE_TOT_CPLR,204,F,R,Q1,ISCED11_2,PT,2025-03-05T00:00:00,2021,This data point is NIL for the submitting nation.,1.25269
2017,A,0,Benin MICS 2021-22. The survey collected data on school attendance for age 3-24 and educational attainment for age 5 and above. Data extracted on 25 February 2025.,SE_TOT_CPLR,204,F,R,Q1,ISCED11_2,PT,2025-03-05T00:00:00,2021,This data point is NIL for the submitting nation.,0.78736
2021,A,0,Benin MICS 2021-22. The survey collected data on school attendance for age 3-24 and educational attainment for age 5 and above. Data extracted on 25 February 2025.,SE_TOT_CPLR,204,F,R,Q1,ISCED11_2,PT,2025-03-05T00:00:00,2021,This data point is NIL for the submitting nation.,0.82372
2006,A,0,Benin MICS 2021-22. The survey collected data on school attendance for age 3-24 and educational attainment for age 5 and above. Data extracted on 25 February 2025.,SE_TOT_CPLR,204,F,R,Q1,ISCED11_3,PT,2025-03-05T00:00:00,2021,This data point is NIL for the submitting nation.,0.0
2011,A,0,Benin MICS 2021-22. The survey collected data on school attendance for age 3-24 and educational attainment for age 5 and above. Data extracted on 25 February 2025.,SE_TOT_CPLR,204,F,R,Q1,ISCED11_3,PT,2025-03-05T00:00:00,2021,This data point is NIL for the submitting nation.,0.0
2014,A,0,Benin MICS 2021-22. The survey collected data on school attendance for age 3-24 and educational attainment for age 5 and above. Data extracted on 25 February 2025.,SE_TOT_CPLR,204,F,R,Q1,ISCED11_3,PT,2025-03-05T00:00:00,2021,This data point is NIL for the submitting nation.,0.0
2018,A,0,Benin MICS 2021-22. The survey collected data on school attendance for age 3-24 and educational attainment for age 5 and above. Data extracted on 25 February 2025.,SE_TOT_CPLR,204,F,R,Q1,ISCED11_3,PT,2025-03-05T00:00:00,2021,This data point is NIL for the submitting nation.,0.27
2021,A,0,Benin MICS 2021-22. The survey collected data on school attendance for age 3-24 and educational attainment for age 5 and above. Data extracted on 25 February 2025.,SE_TOT_CPLR,204,F,R,Q1,ISCED11_3,PT,2025-03-05T00:00:00,2021,This data point is NIL for the submitting nation.,0.34685
2006,A,0,Benin MICS 2021-22. The survey collected data on school attendance for age 3-24 and educational attainment for age 5 and above. Data extracted on 25 February 2025.,SE_TOT_CPLR,204,F,R,Q2,ISCED11_1,PT,2025-03-05T00:00:00,2021,,18.95578
2011,A,0,Benin MICS 2021-22. The survey collected data on school attendance for age 3-24 and educational attainment for age 5 and above. Data extracted on 25 February 2025.,SE_TOT_CPLR,204,F,R,Q2,ISCED11_1,PT,2025-03-05T00:00:00,2021,,40.34277
2014,A,0,Benin MICS 2021-22. The survey collected data on school attendance for age 3-24 and educational attainment for age 5 and above. Data extracted on 25 February 2025.,SE_TOT_CPLR,204,F,R,Q2,ISCED11_1,PT,2025-03-05T00:00:00,2021,,31.31891
2017,A,0,Benin MICS 2021-22. The survey collected data on school attendance for age 3-24 and educational attainment for age 5 and above. Data extracted on 25 February 2025.,SE_TOT_CPLR,204,F,R,Q2,ISCED11_1,PT,2025-03-05T00:00:00,2021,,28.35273
2021,A,0,Benin MICS 2021-22. The survey collected data on school attendance for age 3-24 and educational attainment for age 5 and above. Data extracted on 25 February 2025.,SE_TOT_CPLR,204,F,R,Q2,ISCED11_1,PT,2025-03-05T00:00:00,2021,,32.3529
2006,A,0,Benin MICS 2021-22. The survey collected data on school attendance for age 3-24 and educational attainment for age 5 and above. Data extracted on 25 February 2025.,SE_TOT_CPLR,204,F,R,Q2,ISCED11_2,PT,2025-03-05T00:00:00,2021,,1.64242
2011,A,0,Benin MICS 2021-22. The survey collected data on school attendance for age 3-24 and educational attainment for age 5 and above. Data extracted on 25 February 2025.,SE_TOT_CPLR,204,F,R,Q2,ISCED11_2,PT,2025-03-05T00:00:00,2021,,2.9907
2014,A,0,Benin MICS 2021-22. The survey collected data on school attendance for age 3-24 and educational attainment for age 5 and above. Data extracted on 25 February 2025.,SE_TOT_CPLR,204,F,R,Q2,ISCED11_2,PT,2025-03-05T00:00:00,2021,,5.71262
2017,A,0,Benin MICS 2021-22. The survey collected data on school attendance for age 3-24 and educational attainment for age 5 and above. Data extracted on 25 February 2025.,SE_TOT_CPLR,204,F,R,Q2,ISCED11_2,PT,2025-03-05T00:00:00,2021,,8.16558
2021,A,0,Benin MICS 2021-22. The survey collected data on school attendance for age 3-24 and educational attainment for age 5 and above. Data extracted on 25 February 2025.,SE_TOT_CPLR,204,F,R,Q2,ISCED11_2,PT,2025-03-05T00:00:00,2021,,6.41452
2006,A,0,Benin MICS 2021-22. The survey collected data on school attendance for age 3-24 and educational attainment for age 5 and above. Data extracted on 25 February 2025.,SE_TOT_CPLR,204,F,R,Q2,ISCED11_3,PT,2025-03-05T00:00:00,2021,This data point is NIL for the submitting nation.,0.0
2011,A,0,Benin MICS 2021-22. The survey collected data on school attendance for age 3-24 and educational attainment for age 5 and above. Data extracted on 25 February 2025.,SE_TOT_CPLR,204,F,R,Q2,ISCED11_3,PT,2025-03-05T00:00:00,2021,This data point is NIL for the submitting nation.,0.0
2014,A,0,Benin MICS 2021-22. The survey collected data on school attendance for age 3-24 and educational attainment for age 5 and above. Data extracted on 25 February 2025.,SE_TOT_CPLR,204,F,R,Q2,ISCED11_3,PT,2025-03-05T00:00:00,2021,This data point is NIL for the submitting nation.,0.0
2018,A,0,Benin MICS 2021-22. The survey collected data on school attendance for age 3-24 and educational attainment for age 5 and above. Data extracted on 25 February 2025.,SE_TOT_CPLR,204,F,R,Q2,ISCED11_3,PT,2025-03-05T00:00:00,2021,This data point is NIL for the submitting nation.,0.54
2021,A,0,Benin MICS 2021-22. The survey collected data on school attendance for age 3-24 and educational attainment for age 5 and above. Data extracted on 25 February 2025.,SE_TOT_CPLR,204,F,R,Q2,ISCED11_3,PT,2025-03-05T00:00:00,2021,This data point is NIL for the submitting nation.,0.57866
2006,A,0,Benin MICS 2021-22. The survey collected data on school attendance for age 3-24 and educational attainment for age 5 and above. Data extracted on 25 February 2025.,SE_TOT_CPLR,204,F,R,Q3,ISCED11_1,PT,2025-03-05T00:00:00,2021,,28.44451
2011,A,0,Benin MICS 2021-22. The survey collected data on school attendance for age 3-24 and educational attainment for age 5 and above. Data extracted on 25 February 2025.,SE_TOT_CPLR,204,F,R,Q3,ISCED11_1,PT,2025-03-05T00:00:00,2021,,57.62915
2014,A,0,Benin MICS 2021-22. The survey collected data on school attendance for age 3-24 and educational attainment for age 5 and above. Data extracted on 25 February 2025.,SE_TOT_CPLR,204,F,R,Q3,ISCED11_1,PT,2025-03-05T00:00:00,2021,,46.34451
2017,A,0,Benin MICS 2021-22. The survey collected data on school attendance for age 3-24 and educational attainment for age 5 and above. Data extracted on 25 February 2025.,SE_TOT_CPLR,204,F,R,Q3,ISCED11_1,PT,2025-03-05T00:00:00,2021,,45.99757
2021,A,0,Benin MICS 2021-22. The survey collected data on school attendance for age 3-24 and educational attainment for age 5 and above. Data extracted on 25 February 2025.,SE_TOT_CPLR,204,F,R,Q3,ISCED11_1,PT,2025-03-05T00:00:00,2021,,41.17189
2006,A,0,Benin MICS 2021-22. The survey collected data on school attendance for age 3-24 and educational attainment for age 5 and above. Data extracted on 25 February 2025.,SE_TOT_CPLR,204,F,R,Q3,ISCED11_2,PT,2025-03-05T00:00:00,2021,,2.70059
2011,A,0,Benin MICS 2021-22. The survey collected data on school attendance for age 3-24 and educational attainment for age 5 and above. Data extracted on 25 February 2025.,SE_TOT_CPLR,204,F,R,Q3,ISCED11_2,PT,2025-03-05T00:00:00,2021,,10.94945
2014,A,0,Benin MICS 2021-22. The survey collected data on school attendance for age 3-24 and educational attainment for age 5 and above. Data extracted on 25 February 2025.,SE_TOT_CPLR,204,F,R,Q3,ISCED11_2,PT,2025-03-05T00:00:00,2021,,6.12699
2017,A,0,Benin MICS 2021-22. The survey collected data on school attendance for age 3-24 and educational attainment for age 5 and above. Data extracted on 25 February 2025.,SE_TOT_CPLR,204,F,R,Q3,ISCED11_2,PT,2025-03-05T00:00:00,2021,,4.49506
2021,A,0,Benin MICS 2021-22. The survey collected data on school attendance for age 3-24 and educational attainment for age 5 and above. Data extracted on 25 February 2025.,SE_TOT_CPLR,204,F,R,Q3,ISCED11_2,PT,2025-03-05T00:00:00,2021,,10.21775
2006,A,0,Benin MICS 2021-22. The survey collected data on school attendance for age 3-24 and educational attainment for age 5 and above. Data extracted on 25 February 2025.,SE_TOT_CPLR,204,F,R,Q3,ISCED11_3,PT,2025-03-05T00:00:00,2021,,0.35364
2011,A,0,Benin MICS 2021-22. The survey collected data on school attendance for age 3-24 and educational attainment for age 5 and above. Data extracted on 25 February 2025.,SE_TOT_CPLR,204,F,R,Q3,ISCED11_3,PT,2025-03-05T00:00:00,2021,,1.41641
2014,A,0,Benin MICS 2021-22. The survey collected data on school attendance for age 3-24 and educational attainment for age 5 and above. Data extracted on 25 February 2025.,SE_TOT_CPLR,204,F,R,Q3,ISCED11_3,PT,2025-03-05T00:00:00,2021,,0.29597
2017,A,0,Benin MICS 2021-22. The survey collected data on school attendance for age 3-24 and educational attainment for age 5 and above. Data extracted on 25 February 2025.,SE_TOT_CPLR,204,F,R,Q3,ISCED11_3,PT,2025-03-05T00:00:00,2021,,1.57048
2021,A,0,Benin MICS 2021-22. The survey collected data on school attendance for age 3-24 and educational attainment for age 5 and above. Data extracted on 25 February 2025.,SE_TOT_CPLR,204,F,R,Q3,ISCED11_3,PT,2025-03-05T00:00:00,2021,,2.77196
2006,A,0,Benin MICS 2021-22. The survey collected data on school attendance for age 3-24 and educational attainment for age 5 and above. Data extracted on 25 February 2025.,SE_TOT_CPLR,204,F,R,Q4,ISCED11_1,PT,2025-03-05T00:00:00,2021,,42.64505
2011,A,0,Benin MICS 2021-22. The survey collected data on school attendance for age 3-24 and educational attainment for age 5 and above. Data extracted on 25 February 2025.,SE_TOT_CPLR,204,F,R,Q4,ISCED11_1,PT,2025-03-05T00:00:00,2021,,69.87396
2014,A,0,Benin MICS 2021-22. The survey collected data on school attendance for age 3-24 and educational attainment for age 5 and above. Data extracted on 25 February 2025.,SE_TOT_CPLR,204,F,R,Q4,ISCED11_1,PT,2025-03-05T00:00:00,2021,,53.45978
2017,A,0,Benin MICS 2021-22. The survey collected data on school attendance for age 3-24 and educational attainment for age 5 and above. Data extracted on 25 February 2025.,SE_TOT_CPLR,204,F,R,Q4,ISCED11_1,PT,2025-03-05T00:00:00,2021,,56.17451
2021,A,0,Benin MICS 2021-22. The survey collected data on school attendance for age 3-24 and educational attainment for age 5 and above. Data extracted on 25 February 2025.,SE_TOT_CPLR,204,F,R,Q4,ISCED11_1,PT,2025-03-05T00:00:00,2021,,51.33713
2006,A,0,Benin MICS 2021-22. The survey collected data on school attendance for age 3-24 and educational attainment for age 5 and above. Data extracted on 25 February 2025.,SE_TOT_CPLR,204,F,R,Q4,ISCED11_2,PT,2025-03-05T00:00:00,2021,,3.99352
2011,A,0,Benin MICS 2021-22. The survey collected data on school attendance for age 3-24 and educational attainment for age 5 and above. Data extracted on 25 February 2025.,SE_TOT_CPLR,204,F,R,Q4,ISCED11_2,PT,2025-03-05T00:00:00,2021,,13.60325
2014,A,0,Benin MICS 2021-22. The survey collected data on school attendance for age 3-24 and educational attainment for age 5 and above. Data extracted on 25 February 2025.,SE_TOT_CPLR,204,F,R,Q4,ISCED11_2,PT,2025-03-05T00:00:00,2021,,12.91057
2017,A,0,Benin MICS 2021-22. The survey collected data on school attendance for age 3-24 and educational attainment for age 5 and above. Data extracted on 25 February 2025.,SE_TOT_CPLR,204,F,R,Q4,ISCED11_2,PT,2025-03-05T00:00:00,2021,,18.96213
2021,A,0,Benin MICS 2021-22. The survey collected data on school attendance for age 3-24 and educational attainment for age 5 and above. Data extracted on 25 February 2025.,SE_TOT_CPLR,204,F,R,Q4,ISCED11_2,PT,2025-03-05T00:00:00,2021,,13.85332
2006,A,0,Benin MICS 2021-22. The survey collected data on school attendance for age 3-24 and educational attainment for age 5 and above. Data extracted on 25 February 2025.,SE_TOT_CPLR,204,F,R,Q4,ISCED11_3,PT,2025-03-05T00:00:00,2021,,0.86304
2011,A,0,Benin MICS 2021-22. The survey collected data on school attendance for age 3-24 and educational attainment for age 5 and above. Data extracted on 25 February 2025.,SE_TOT_CPLR,204,F,R,Q4,ISCED11_3,PT,2025-03-05T00:00:00,2021,,4.40337
2014,A,0,Benin MICS 2021-22. The survey collected data on school attendance for age 3-24 and educational attainment for age 5 and above. Data extracted on 25 February 2025.,SE_TOT_CPLR,204,F,R,Q4,ISCED11_3,PT,2025-03-05T00:00:00,2021,,0.89905
2017,A,0,Benin MICS 2021-22. The survey collected data on school attendance for age 3-24 and educational attainment for age 5 and above. Data extracted on 25 February 2025.,SE_TOT_CPLR,204,F,R,Q4,ISCED11_3,PT,2025-03-05T00:00:00,2021,,1.01274
2021,A,0,Benin MICS 2021-22. The survey collected data on school attendance for age 3-24 and educational attainment for age 5 and above. Data extracted on 25 February 2025.,SE_TOT_CPLR,204,F,R,Q4,ISCED11_3,PT,2025-03-05T00:00:00,2021,,2.70757
2006,A,0,Benin MICS 2021-22. The survey collected data on school attendance for age 3-24 and educational attainment for age 5 and above. Data extracted on 25 February 2025.,SE_TOT_CPLR,204,F,R,Q5,ISCED11_1,PT,2025-03-05T00:00:00,2021,,60.78561
2011,A,0,Benin MICS 2021-22. The survey collected data on school attendance for age 3-24 and educational attainment for age 5 and above. Data extracted on 25 February 2025.,SE_TOT_CPLR,204,F,R,Q5,ISCED11_1,PT,2025-03-05T00:00:00,2021,,73.0989
2014,A,0,Benin MICS 2021-22. The survey collected data on school attendance for age 3-24 and educational attainment for age 5 and above. Data extracted on 25 February 2025.,SE_TOT_CPLR,204,F,R,Q5,ISCED11_1,PT,2025-03-05T00:00:00,2021,,69.69783
2017,A,0,Benin MICS 2021-22. The survey collected data on school attendance for age 3-24 and educational attainment for age 5 and above. Data extracted on 25 February 2025.,SE_TOT_CPLR,204,F,R,Q5,ISCED11_1,PT,2025-03-05T00:00:00,2021,,75.77724
2021,A,0,Benin MICS 2021-22. The survey collected data on school attendance for age 3-24 and educational attainment for age 5 and above. Data extracted on 25 February 2025.,SE_TOT_CPLR,204,F,R,Q5,ISCED11_1,PT,2025-03-05T00:00:00,2021,,73.07683
2006,A,0,Benin MICS 2021-22. The survey collected data on school attendance for age 3-24 and educational attainment for age 5 and above. Data extracted on 25 February 2025.,SE_TOT_CPLR,204,F,R,Q5,ISCED11_2,PT,2025-03-05T00:00:00,2021,This data point is NOT APPLICABLE for the submitting nation.,32.74169
2011,A,0,Benin MICS 2021-22. The survey collected data on school attendance for age 3-24 and educational attainment for age 5 and above. Data extracted on 25 February 2025.,SE_TOT_CPLR,204,F,R,Q5,ISCED11_2,PT,2025-03-05T00:00:00,2021,This data point is NOT APPLICABLE for the submitting nation.,56.66936
2014,A,0,Benin MICS 2021-22. The survey collected data on school attendance for age 3-24 and educational attainment for age 5 and above. Data extracted on 25 February 2025.,SE_TOT_CPLR,204,F,R,Q5,ISCED11_2,PT,2025-03-05T00:00:00,2021,This data point is NOT APPLICABLE for the submitting nation.,0.0
2017,A,0,Benin MICS 2021-22. The survey collected data on school attendance for age 3-24 and educational attainment for age 5 and above. Data extracted on 25 February 2025.,SE_TOT_CPLR,204,F,R,Q5,ISCED11_2,PT,2025-03-05T00:00:00,2021,This data point is NOT APPLICABLE for the submitting nation.,29.11595
2021,A,0,Benin MICS 2021-22. The survey collected data on school attendance for age 3-24 and educational attainment for age 5 and above. Data extracted on 25 February 2025.,SE_TOT_CPLR,204,F,R,Q5,ISCED11_2,PT,2025-03-05T00:00:00,2021,This data point is NOT APPLICABLE for the submitting nation.,43.49036
2006,A,0,Benin MICS 2021-22. The survey collected data on school attendance for age 3-24 and educational attainment for age 5 and above. Data extracted on 25 February 2025.,SE_TOT_CPLR,204,F,R,Q5,ISCED11_3,PT,2025-03-05T00:00:00,2021,,6.34721
2011,A,0,Benin MICS 2021-22. The survey collected data on school attendance for age 3-24 and educational attainment for age 5 and above. Data extracted on 25 February 2025.,SE_TOT_CPLR,204,F,R,Q5,ISCED11_3,PT,2025-03-05T00:00:00,2021,,30.33091
2014,A,0,Benin MICS 2021-22. The survey collected data on school attendance for age 3-24 and educational attainment for age 5 and above. Data extracted on 25 February 2025.,SE_TOT_CPLR,204,F,R,Q5,ISCED11_3,PT,2025-03-05T00:00:00,2021,,4.56567
2017,A,0,Benin MICS 2021-22. The survey collected data on school attendance for age 3-24 and educational attainment for age 5 and above. Data extracted on 25 February 2025.,SE_TOT_CPLR,204,F,R,Q5,ISCED11_3,PT,2025-03-05T00:00:00,2021,,11.24925
2021,A,0,Benin MICS 2021-22. The survey collected data on school attendance for age 3-24 and educational attainment for age 5 and above. Data extracted on 25 February 2025.,SE_TOT_CPLR,204,F,R,Q5,ISCED11_3,PT,2025-03-05T00:00:00,2021,,16.71837
2001,A,0,Benin Enquête Harmonisée sur les Conditions de Vie des Ménages (EHCVM) 2021-22. The survey collected data on school attendance and educational attainment for age 3 and above. Data extracted on 25 February 2025.,SE_TOT_CPLR,204,F,U,None,ISCED11_1,PT,2025-03-05T00:00:00,2022,,40.74
2006,A,0,Benin Enquête Harmonisée sur les Conditions de Vie des Ménages (EHCVM) 2021-22. The survey collected data on school attendance and educational attainment for age 3 and above. Data extracted on 25 February 2025.,SE_TOT_CPLR,204,F,U,None,ISCED11_1,PT,2025-03-05T00:00:00,2022,,58.26837
2011,A,0,Benin Enquête Harmonisée sur les Conditions de Vie des Ménages (EHCVM) 2021-22. The survey collected data on school attendance and educational attainment for age 3 and above. Data extracted on 25 February 2025.,SE_TOT_CPLR,204,F,U,None,ISCED11_1,PT,2025-03-05T00:00:00,2022,,65.76113
2014,A,0,Benin Enquête Harmonisée sur les Conditions de Vie des Ménages (EHCVM) 2021-22. The survey collected data on school attendance and educational attainment for age 3 and above. Data extracted on 25 February 2025.,SE_TOT_CPLR,204,F,U,None,ISCED11_1,PT,2025-03-05T00:00:00,2022,,61.20087
2017,A,0,Benin Enquête Harmonisée sur les Conditions de Vie des Ménages (EHCVM) 2021-22. The survey collected data on school attendance and educational attainment for age 3 and above. Data extracted on 25 February 2025.,SE_TOT_CPLR,204,F,U,None,ISCED11_1,PT,2025-03-05T00:00:00,2022,,57.97711
2019,A,0,Benin Enquête Harmonisée sur les Conditions de Vie des Ménages (EHCVM) 2021-22. The survey collected data on school attendance and educational attainment for age 3 and above. Data extracted on 25 February 2025.,SE_TOT_CPLR,204,F,U,None,ISCED11_1,PT,2025-03-05T00:00:00,2022,,58.32581
2021,A,0,Benin Enquête Harmonisée sur les Conditions de Vie des Ménages (EHCVM) 2021-22. The survey collected data on school attendance and educational attainment for age 3 and above. Data extracted on 25 February 2025.,SE_TOT_CPLR,204,F,U,None,ISCED11_1,PT,2025-03-05T00:00:00,2022,,63.17398
2022,A,0,Benin Enquête Harmonisée sur les Conditions de Vie des Ménages (EHCVM) 2021-22. The survey collected data on school attendance and educational attainment for age 3 and above. Data extracted on 25 February 2025.,SE_TOT_CPLR,204,F,U,None,ISCED11_1,PT,2025-03-05T00:00:00,2022,,61.39901
2001,A,0,Benin Enquête Harmonisée sur les Conditions de Vie des Ménages (EHCVM) 2021-22. The survey collected data on school attendance and educational attainment for age 3 and above. Data extracted on 25 February 2025.,SE_TOT_CPLR,204,F,U,None,ISCED11_2,PT,2025-03-05T00:00:00,2022,,12.52
2006,A,0,Benin Enquête Harmonisée sur les Conditions de Vie des Ménages (EHCVM) 2021-22. The survey collected data on school attendance and educational attainment for age 3 and above. Data extracted on 25 February 2025.,SE_TOT_CPLR,204,F,U,None,ISCED11_2,PT,2025-03-05T00:00:00,2022,,22.88249
2011,A,0,Benin Enquête Harmonisée sur les Conditions de Vie des Ménages (EHCVM) 2021-22. The survey collected data on school attendance and educational attainment for age 3 and above. Data extracted on 25 February 2025.,SE_TOT_CPLR,204,F,U,None,ISCED11_2,PT,2025-03-05T00:00:00,2022,,32.79949
2014,A,0,Benin Enquête Harmonisée sur les Conditions de Vie des Ménages (EHCVM) 2021-22. The survey collected data on school attendance and educational attainment for age 3 and above. Data extracted on 25 February 2025.,SE_TOT_CPLR,204,F,U,None,ISCED11_2,PT,2025-03-05T00:00:00,2022,,29.07168
2017,A,0,Benin Enquête Harmonisée sur les Conditions de Vie des Ménages (EHCVM) 2021-22. The survey collected data on school attendance and educational attainment for age 3 and above. Data extracted on 25 February 2025.,SE_TOT_CPLR,204,F,U,None,ISCED11_2,PT,2025-03-05T00:00:00,2022,,24.16513
2019,A,0,Benin Enquête Harmonisée sur les Conditions de Vie des Ménages (EHCVM) 2021-22. The survey collected data on school attendance and educational attainment for age 3 and above. Data extracted on 25 February 2025.,SE_TOT_CPLR,204,F,U,None,ISCED11_2,PT,2025-03-05T00:00:00,2022,,27.57261
2021,A,0,Benin Enquête Harmonisée sur les Conditions de Vie des Ménages (EHCVM) 2021-22. The survey collected data on school attendance and educational attainment for age 3 and above. Data extracted on 25 February 2025.,SE_TOT_CPLR,204,F,U,None,ISCED11_2,PT,2025-03-05T00:00:00,2022,,31.30513
2022,A,0,Benin Enquête Harmonisée sur les Conditions de Vie des Ménages (EHCVM) 2021-22. The survey collected data on school attendance and educational attainment for age 3 and above. Data extracted on 25 February 2025.,SE_TOT_CPLR,204,F,U,None,ISCED11_2,PT,2025-03-05T00:00:00,2022,,36.25731
2001,A,0,Benin Enquête Harmonisée sur les Conditions de Vie des Ménages (EHCVM) 2021-22. The survey collected data on school attendance and educational attainment for age 3 and above. Data extracted on 25 February 2025.,SE_TOT_CPLR,204,F,U,None,ISCED11_3,PT,2025-03-05T00:00:00,2022,,4.77
2006,A,0,Benin Enquête Harmonisée sur les Conditions de Vie des Ménages (EHCVM) 2021-22. The survey collected data on school attendance and educational attainment for age 3 and above. Data extracted on 25 February 2025.,SE_TOT_CPLR,204,F,U,None,ISCED11_3,PT,2025-03-05T00:00:00,2022,,11.38523
2011,A,0,Benin Enquête Harmonisée sur les Conditions de Vie des Ménages (EHCVM) 2021-22. The survey collected data on school attendance and educational attainment for age 3 and above. Data extracted on 25 February 2025.,SE_TOT_CPLR,204,F,U,None,ISCED11_3,PT,2025-03-05T00:00:00,2022,,15.12605
2014,A,0,Benin Enquête Harmonisée sur les Conditions de Vie des Ménages (EHCVM) 2021-22. The survey collected data on school attendance and educational attainment for age 3 and above. Data extracted on 25 February 2025.,SE_TOT_CPLR,204,F,U,None,ISCED11_3,PT,2025-03-05T00:00:00,2022,,12.26265
2017,A,0,Benin Enquête Harmonisée sur les Conditions de Vie des Ménages (EHCVM) 2021-22. The survey collected data on school attendance and educational attainment for age 3 and above. Data extracted on 25 February 2025.,SE_TOT_CPLR,204,F,U,None,ISCED11_3,PT,2025-03-05T00:00:00,2022,,11.91887
2019,A,0,Benin Enquête Harmonisée sur les Conditions de Vie des Ménages (EHCVM) 2021-22. The survey collected data on school attendance and educational attainment for age 3 and above. Data extracted on 25 February 2025.,SE_TOT_CPLR,204,F,U,None,ISCED11_3,PT,2025-03-05T00:00:00,2022,,12.78627
2021,A,0,Benin Enquête Harmonisée sur les Conditions de Vie des Ménages (EHCVM) 2021-22. The survey collected data on school attendance and educational attainment for age 3 and above. Data extracted on 25 February 2025.,SE_TOT_CPLR,204,F,U,None,ISCED11_3,PT,2025-03-05T00:00:00,2022,,14.2293
2022,A,0,Benin Enquête Harmonisée sur les Conditions de Vie des Ménages (EHCVM) 2021-22. The survey collected data on school attendance and educational attainment for age 3 and above. Data extracted on 25 February 2025.,SE_TOT_CPLR,204,F,U,None,ISCED11_3,PT,2025-03-05T00:00:00,2022,,15.56049
2006,A,0,Benin MICS 2021-22. The survey collected data on school attendance for age 3-24 and educational attainment for age 5 and above. Data extracted on 25 February 2025.,SE_TOT_CPLR,204,F,U,Q1,ISCED11_1,PT,2025-03-05T00:00:00,2021,,10.73837
2011,A,0,Benin MICS 2021-22. The survey collected data on school attendance for age 3-24 and educational attainment for age 5 and above. Data extracted on 25 February 2025.,SE_TOT_CPLR,204,F,U,Q1,ISCED11_1,PT,2025-03-05T00:00:00,2021,,38.27923
2014,A,0,Benin MICS 2021-22. The survey collected data on school attendance for age 3-24 and educational attainment for age 5 and above. Data extracted on 25 February 2025.,SE_TOT_CPLR,204,F,U,Q1,ISCED11_1,PT,2025-03-05T00:00:00,2021,,30.42984
2017,A,0,Benin MICS 2021-22. The survey collected data on school attendance for age 3-24 and educational attainment for age 5 and above. Data extracted on 25 February 2025.,SE_TOT_CPLR,204,F,U,Q1,ISCED11_1,PT,2025-03-05T00:00:00,2021,,17.4705
2021,A,0,Benin MICS 2021-22. The survey collected data on school attendance for age 3-24 and educational attainment for age 5 and above. Data extracted on 25 February 2025.,SE_TOT_CPLR,204,F,U,Q1,ISCED11_1,PT,2025-03-05T00:00:00,2021,,30.4531
2006,A,0,Benin MICS 2021-22. The survey collected data on school attendance for age 3-24 and educational attainment for age 5 and above. Data extracted on 25 February 2025.,SE_TOT_CPLR,204,F,U,Q1,ISCED11_2,PT,2025-03-05T00:00:00,2021,This data point is NIL for the submitting nation.,0.0
2011,A,0,Benin MICS 2021-22. The survey collected data on school attendance for age 3-24 and educational attainment for age 5 and above. Data extracted on 25 February 2025.,SE_TOT_CPLR,204,F,U,Q1,ISCED11_2,PT,2025-03-05T00:00:00,2021,This data point is NIL for the submitting nation.,4.6851
2014,A,0,Benin MICS 2021-22. The survey collected data on school attendance for age 3-24 and educational attainment for age 5 and above. Data extracted on 25 February 2025.,SE_TOT_CPLR,204,F,U,Q1,ISCED11_2,PT,2025-03-05T00:00:00,2021,This data point is NIL for the submitting nation.,1.01901
2017,A,0,Benin MICS 2021-22. The survey collected data on school attendance for age 3-24 and educational attainment for age 5 and above. Data extracted on 25 February 2025.,SE_TOT_CPLR,204,F,U,Q1,ISCED11_2,PT,2025-03-05T00:00:00,2021,This data point is NIL for the submitting nation.,4.36345
2021,A,0,Benin MICS 2021-22. The survey collected data on school attendance for age 3-24 and educational attainment for age 5 and above. Data extracted on 25 February 2025.,SE_TOT_CPLR,204,F,U,Q1,ISCED11_2,PT,2025-03-05T00:00:00,2021,This data point is NIL for the submitting nation.,6.3838
2006,A,0,Benin MICS 2021 (GEMR). Data extracted on 25 February 2025.,SE_TOT_CPLR,204,F,U,Q1,ISCED11_3,PT,2025-03-05T00:00:00,2021,This data point is NIL for the submitting nation.,0.0
2011,A,0,Benin MICS 2021 (GEMR). Data extracted on 25 February 2025.,SE_TOT_CPLR,204,F,U,Q1,ISCED11_3,PT,2025-03-05T00:00:00,2021,This data point is NIL for the submitting nation.,0.0
2014,A,0,Benin MICS 2021 (GEMR). Data extracted on 25 February 2025.,SE_TOT_CPLR,204,F,U,Q1,ISCED11_3,PT,2025-03-05T00:00:00,2021,This data point is NIL for the submitting nation.,0.0
2018,A,0,Benin MICS 2021 (GEMR). Data extracted on 25 February 2025.,SE_TOT_CPLR,204,F,U,Q1,ISCED11_3,PT,2025-03-05T00:00:00,2021,This data point is NIL for the submitting nation.,0.0
2021,A,0,Benin MICS 2021 (GEMR). Data extracted on 25 February 2025.,SE_TOT_CPLR,204,F,U,Q1,ISCED11_3,PT,2025-03-05T00:00:00,2021,This data point is NIL for the submitting nation.,5.22
2006,A,0,Benin MICS 2021-22. The survey collected data on school attendance for age 3-24 and educational attainment for age 5 and above. Data extracted on 25 February 2025.,SE_TOT_CPLR,204,F,U,Q2,ISCED11_1,PT,2025-03-05T00:00:00,2021,,28.31592
2011,A,0,Benin MICS 2021-22. The survey collected data on school attendance for age 3-24 and educational attainment for age 5 and above. Data extracted on 25 February 2025.,SE_TOT_CPLR,204,F,U,Q2,ISCED11_1,PT,2025-03-05T00:00:00,2021,,30.38312
2014,A,0,Benin MICS 2021-22. The survey collected data on school attendance for age 3-24 and educational attainment for age 5 and above. Data extracted on 25 February 2025.,SE_TOT_CPLR,204,F,U,Q2,ISCED11_1,PT,2025-03-05T00:00:00,2021,,31.07003
2017,A,0,Benin MICS 2021-22. The survey collected data on school attendance for age 3-24 and educational attainment for age 5 and above. Data extracted on 25 February 2025.,SE_TOT_CPLR,204,F,U,Q2,ISCED11_1,PT,2025-03-05T00:00:00,2021,,43.91114
2021,A,0,Benin MICS 2021-22. The survey collected data on school attendance for age 3-24 and educational attainment for age 5 and above. Data extracted on 25 February 2025.,SE_TOT_CPLR,204,F,U,Q2,ISCED11_1,PT,2025-03-05T00:00:00,2021,,40.5175
2006,A,0,Benin MICS 2021-22. The survey collected data on school attendance for age 3-24 and educational attainment for age 5 and above. Data extracted on 25 February 2025.,SE_TOT_CPLR,204,F,U,Q2,ISCED11_2,PT,2025-03-05T00:00:00,2021,,3.85616
2011,A,0,Benin MICS 2021-22. The survey collected data on school attendance for age 3-24 and educational attainment for age 5 and above. Data extracted on 25 February 2025.,SE_TOT_CPLR,204,F,U,Q2,ISCED11_2,PT,2025-03-05T00:00:00,2021,,4.66517
2014,A,0,Benin MICS 2021-22. The survey collected data on school attendance for age 3-24 and educational attainment for age 5 and above. Data extracted on 25 February 2025.,SE_TOT_CPLR,204,F,U,Q2,ISCED11_2,PT,2025-03-05T00:00:00,2021,,8.04193
2017,A,0,Benin MICS 2021-22. The survey collected data on school attendance for age 3-24 and educational attainment for age 5 and above. Data extracted on 25 February 2025.,SE_TOT_CPLR,204,F,U,Q2,ISCED11_2,PT,2025-03-05T00:00:00,2021,,5.13282
2021,A,0,Benin MICS 2021-22. The survey collected data on school attendance for age 3-24 and educational attainment for age 5 and above. Data extracted on 25 February 2025.,SE_TOT_CPLR,204,F,U,Q2,ISCED11_2,PT,2025-03-05T00:00:00,2021,,9.42356
2006,A,0,Benin MICS 2021 (GEMR). Data extracted on 25 February 2025.,SE_TOT_CPLR,204,F,U,Q2,ISCED11_3,PT,2025-03-05T00:00:00,2021,This data point is NIL for the submitting nation.,0.0
2011,A,0,Benin MICS 2021 (GEMR). Data extracted on 25 February 2025.,SE_TOT_CPLR,204,F,U,Q2,ISCED11_3,PT,2025-03-05T00:00:00,2021,This data point is NIL for the submitting nation.,0.0
2014,A,0,Benin MICS 2021 (GEMR). Data extracted on 25 February 2025.,SE_TOT_CPLR,204,F,U,Q2,ISCED11_3,PT,2025-03-05T00:00:00,2021,This data point is NIL for the submitting nation.,0.0
2018,A,0,Benin MICS 2021 (GEMR). Data extracted on 25 February 2025.,SE_TOT_CPLR,204,F,U,Q2,ISCED11_3,PT,2025-03-05T00:00:00,2021,This data point is NIL for the submitting nation.,0.0
2021,A,0,Benin MICS 2021 (GEMR). Data extracted on 25 February 2025.,SE_TOT_CPLR,204,F,U,Q2,ISCED11_3,PT,2025-03-05T00:00:00,2021,This data point is NIL for the submitting nation.,5.92
2006,A,0,Benin MICS 2021-22. The survey collected data on school attendance for age 3-24 and educational attainment for age 5 and above. Data extracted on 25 February 2025.,SE_TOT_CPLR,204,F,U,Q3,ISCED11_1,PT,2025-03-05T00:00:00,2021,,45.44604
2011,A,0,Benin MICS 2021-22. The survey collected data on school attendance for age 3-24 and educational attainment for age 5 and above. Data extracted on 25 February 2025.,SE_TOT_CPLR,204,F,U,Q3,ISCED11_1,PT,2025-03-05T00:00:00,2021,,52.06407
2014,A,0,Benin MICS 2021-22. The survey collected data on school attendance for age 3-24 and educational attainment for age 5 and above. Data extracted on 25 February 2025.,SE_TOT_CPLR,204,F,U,Q3,ISCED11_1,PT,2025-03-05T00:00:00,2021,,58.11775
2017,A,0,Benin MICS 2021-22. The survey collected data on school attendance for age 3-24 and educational attainment for age 5 and above. Data extracted on 25 February 2025.,SE_TOT_CPLR,204,F,U,Q3,ISCED11_1,PT,2025-03-05T00:00:00,2021,,47.72769
2021,A,0,Benin MICS 2021-22. The survey collected data on school attendance for age 3-24 and educational attainment for age 5 and above. Data extracted on 25 February 2025.,SE_TOT_CPLR,204,F,U,Q3,ISCED11_1,PT,2025-03-05T00:00:00,2021,,55.03082
2006,A,0,Benin MICS 2021-22. The survey collected data on school attendance for age 3-24 and educational attainment for age 5 and above. Data extracted on 25 February 2025.,SE_TOT_CPLR,204,F,U,Q3,ISCED11_2,PT,2025-03-05T00:00:00,2021,,4.84542
2011,A,0,Benin MICS 2021-22. The survey collected data on school attendance for age 3-24 and educational attainment for age 5 and above. Data extracted on 25 February 2025.,SE_TOT_CPLR,204,F,U,Q3,ISCED11_2,PT,2025-03-05T00:00:00,2021,,15.92431
2014,A,0,Benin MICS 2021-22. The survey collected data on school attendance for age 3-24 and educational attainment for age 5 and above. Data extracted on 25 February 2025.,SE_TOT_CPLR,204,F,U,Q3,ISCED11_2,PT,2025-03-05T00:00:00,2021,,15.35421
2017,A,0,Benin MICS 2021-22. The survey collected data on school attendance for age 3-24 and educational attainment for age 5 and above. Data extracted on 25 February 2025.,SE_TOT_CPLR,204,F,U,Q3,ISCED11_2,PT,2025-03-05T00:00:00,2021,,7.05839
2021,A,0,Benin MICS 2021-22. The survey collected data on school attendance for age 3-24 and educational attainment for age 5 and above. Data extracted on 25 February 2025.,SE_TOT_CPLR,204,F,U,Q3,ISCED11_2,PT,2025-03-05T00:00:00,2021,,16.289
2006,A,0,Benin MICS 2021 (GEMR). Data extracted on 25 February 2025.,SE_TOT_CPLR,204,F,U,Q3,ISCED11_3,PT,2025-03-05T00:00:00,2021,This data point is NIL for the submitting nation.,0.0
2011,A,0,Benin MICS 2021 (GEMR). Data extracted on 25 February 2025.,SE_TOT_CPLR,204,F,U,Q3,ISCED11_3,PT,2025-03-05T00:00:00,2021,This data point is NIL for the submitting nation.,0.0
2014,A,0,Benin MICS 2021 (GEMR). Data extracted on 25 February 2025.,SE_TOT_CPLR,204,F,U,Q3,ISCED11_3,PT,2025-03-05T00:00:00,2021,This data point is NIL for the submitting nation.,0.0
2017,A,0,Benin MICS 2021 (GEMR). Data extracted on 25 February 2025.,SE_TOT_CPLR,204,F,U,Q3,ISCED11_3,PT,2025-03-05T00:00:00,2021,This data point is NIL for the submitting nation.,2.15527
2021,A,0,Benin MICS 2021 (GEMR). Data extracted on 25 February 2025.,SE_TOT_CPLR,204,F,U,Q3,ISCED11_3,PT,2025-03-05T00:00:00,2021,This data point is NIL for the submitting nation.,9.84
2006,A,0,Benin MICS 2021-22. The survey collected data on school attendance for age 3-24 and educational attainment for age 5 and above. Data extracted on 25 February 2025.,SE_TOT_CPLR,204,F,U,Q4,ISCED11_1,PT,2025-03-05T00:00:00,2021,,59.60573
2011,A,0,Benin MICS 2021-22. The survey collected data on school attendance for age 3-24 and educational attainment for age 5 and above. Data extracted on 25 February 2025.,SE_TOT_CPLR,204,F,U,Q4,ISCED11_1,PT,2025-03-05T00:00:00,2021,,68.96546
2014,A,0,Benin MICS 2021-22. The survey collected data on school attendance for age 3-24 and educational attainment for age 5 and above. Data extracted on 25 February 2025.,SE_TOT_CPLR,204,F,U,Q4,ISCED11_1,PT,2025-03-05T00:00:00,2021,,60.81646
2017,A,0,Benin MICS 2021-22. The survey collected data on school attendance for age 3-24 and educational attainment for age 5 and above. Data extracted on 25 February 2025.,SE_TOT_CPLR,204,F,U,Q4,ISCED11_1,PT,2025-03-05T00:00:00,2021,,64.37221
2021,A,0,Benin MICS 2021-22. The survey collected data on school attendance for age 3-24 and educational attainment for age 5 and above. Data extracted on 25 February 2025.,SE_TOT_CPLR,204,F,U,Q4,ISCED11_1,PT,2025-03-05T00:00:00,2021,,68.75658
2006,A,0,Benin MICS 2021-22. The survey collected data on school attendance for age 3-24 and educational attainment for age 5 and above. Data extracted on 25 February 2025.,SE_TOT_CPLR,204,F,U,Q4,ISCED11_2,PT,2025-03-05T00:00:00,2021,,10.51907
2011,A,0,Benin MICS 2021-22. The survey collected data on school attendance for age 3-24 and educational attainment for age 5 and above. Data extracted on 25 February 2025.,SE_TOT_CPLR,204,F,U,Q4,ISCED11_2,PT,2025-03-05T00:00:00,2021,,25.99586
2014,A,0,Benin MICS 2021-22. The survey collected data on school attendance for age 3-24 and educational attainment for age 5 and above. Data extracted on 25 February 2025.,SE_TOT_CPLR,204,F,U,Q4,ISCED11_2,PT,2025-03-05T00:00:00,2021,,26.32101
2017,A,0,Benin MICS 2021-22. The survey collected data on school attendance for age 3-24 and educational attainment for age 5 and above. Data extracted on 25 February 2025.,SE_TOT_CPLR,204,F,U,Q4,ISCED11_2,PT,2025-03-05T00:00:00,2021,,17.69058
2021,A,0,Benin MICS 2021-22. The survey collected data on school attendance for age 3-24 and educational attainment for age 5 and above. Data extracted on 25 February 2025.,SE_TOT_CPLR,204,F,U,Q4,ISCED11_2,PT,2025-03-05T00:00:00,2021,,30.63203
2006,A,0,Benin MICS 2021-22. The survey collected data on school attendance for age 3-24 and educational attainment for age 5 and above. Data extracted on 25 February 2025.,SE_TOT_CPLR,204,F,U,Q4,ISCED11_3,PT,2025-03-05T00:00:00,2021,,1.86248
2011,A,0,Benin MICS 2021-22. The survey collected data on school attendance for age 3-24 and educational attainment for age 5 and above. Data extracted on 25 February 2025.,SE_TOT_CPLR,204,F,U,Q4,ISCED11_3,PT,2025-03-05T00:00:00,2021,,7.80105
2014,A,0,Benin MICS 2021-22. The survey collected data on school attendance for age 3-24 and educational attainment for age 5 and above. Data extracted on 25 February 2025.,SE_TOT_CPLR,204,F,U,Q4,ISCED11_3,PT,2025-03-05T00:00:00,2021,,2.36355
2017,A,0,Benin MICS 2021-22. The survey collected data on school attendance for age 3-24 and educational attainment for age 5 and above. Data extracted on 25 February 2025.,SE_TOT_CPLR,204,F,U,Q4,ISCED11_3,PT,2025-03-05T00:00:00,2021,,6.16382
2021,A,0,Benin MICS 2021-22. The survey collected data on school attendance for age 3-24 and educational attainment for age 5 and above. Data extracted on 25 February 2025.,SE_TOT_CPLR,204,F,U,Q4,ISCED11_3,PT,2025-03-05T00:00:00,2021,,8.27895
2006,A,0,Benin MICS 2021-22. The survey collected data on school attendance for age 3-24 and educational attainment for age 5 and above. Data extracted on 25 February 2025.,SE_TOT_CPLR,204,F,U,Q5,ISCED11_1,PT,2025-03-05T00:00:00,2021,,67.93759
2011,A,0,Benin MICS 2021-22. The survey collected data on school attendance for age 3-24 and educational attainment for age 5 and above. Data extracted on 25 February 2025.,SE_TOT_CPLR,204,F,U,Q5,ISCED11_1,PT,2025-03-05T00:00:00,2021,,75.13786
2014,A,0,Benin MICS 2021-22. The survey collected data on school attendance for age 3-24 and educational attainment for age 5 and above. Data extracted on 25 February 2025.,SE_TOT_CPLR,204,F,U,Q5,ISCED11_1,PT,2025-03-05T00:00:00,2021,,72.16897
2017,A,0,Benin MICS 2021-22. The survey collected data on school attendance for age 3-24 and educational attainment for age 5 and above. Data extracted on 25 February 2025.,SE_TOT_CPLR,204,F,U,Q5,ISCED11_1,PT,2025-03-05T00:00:00,2021,,69.29233
2021,A,0,Benin MICS 2021-22. The survey collected data on school attendance for age 3-24 and educational attainment for age 5 and above. Data extracted on 25 February 2025.,SE_TOT_CPLR,204,F,U,Q5,ISCED11_1,PT,2025-03-05T00:00:00,2021,,72.61449
2006,A,0,Benin MICS 2021-22. The survey collected data on school attendance for age 3-24 and educational attainment for age 5 and above. Data extracted on 25 February 2025.,SE_TOT_CPLR,204,F,U,Q5,ISCED11_2,PT,2025-03-05T00:00:00,2021,,38.97902
2011,A,0,Benin MICS 2021-22. The survey collected data on school attendance for age 3-24 and educational attainment for age 5 and above. Data extracted on 25 February 2025.,SE_TOT_CPLR,204,F,U,Q5,ISCED11_2,PT,2025-03-05T00:00:00,2021,,47.2738
2014,A,0,Benin MICS 2021-22. The survey collected data on school attendance for age 3-24 and educational attainment for age 5 and above. Data extracted on 25 February 2025.,SE_TOT_CPLR,204,F,U,Q5,ISCED11_2,PT,2025-03-05T00:00:00,2021,,41.50419
2017,A,0,Benin MICS 2021-22. The survey collected data on school attendance for age 3-24 and educational attainment for age 5 and above. Data extracted on 25 February 2025.,SE_TOT_CPLR,204,F,U,Q5,ISCED11_2,PT,2025-03-05T00:00:00,2021,,40.40812
2021,A,0,Benin MICS 2021-22. The survey collected data on school attendance for age 3-24 and educational attainment for age 5 and above. Data extracted on 25 February 2025.,SE_TOT_CPLR,204,F,U,Q5,ISCED11_2,PT,2025-03-05T00:00:00,2021,,48.00349
2006,A,0,Benin MICS 2021-22. The survey collected data on school attendance for age 3-24 and educational attainment for age 5 and above. Data extracted on 25 February 2025.,SE_TOT_CPLR,204,F,U,Q5,ISCED11_3,PT,2025-03-05T00:00:00,2021,,20.96279
2011,A,0,Benin MICS 2021-22. The survey collected data on school attendance for age 3-24 and educational attainment for age 5 and above. Data extracted on 25 February 2025.,SE_TOT_CPLR,204,F,U,Q5,ISCED11_3,PT,2025-03-05T00:00:00,2021,,23.73969
2014,A,0,Benin MICS 2021-22. The survey collected data on school attendance for age 3-24 and educational attainment for age 5 and above. Data extracted on 25 February 2025.,SE_TOT_CPLR,204,F,U,Q5,ISCED11_3,PT,2025-03-05T00:00:00,2021,,24.9633
2017,A,0,Benin MICS 2021-22. The survey collected data on school attendance for age 3-24 and educational attainment for age 5 and above. Data extracted on 25 February 2025.,SE_TOT_CPLR,204,F,U,Q5,ISCED11_3,PT,2025-03-05T00:00:00,2021,,21.30269
2021,A,0,Benin MICS 2021-22. The survey collected data on school attendance for age 3-24 and educational attainment for age 5 and above. Data extracted on 25 February 2025.,SE_TOT_CPLR,204,F,U,Q5,ISCED11_3,PT,2025-03-05T00:00:00,2021,,29.31758
2001,A,0,Benin Enquête Harmonisée sur les Conditions de Vie des Ménages (EHCVM) 2021-22. The survey collected data on school attendance and educational attainment for age 3 and above. Data extracted on 25 February 2025.,SE_TOT_CPLR,204,M,None,None,ISCED11_1,PT,2025-03-05T00:00:00,2022,,39.94
2006,A,0,Benin Enquête Harmonisée sur les Conditions de Vie des Ménages (EHCVM) 2021-22. The survey collected data on school attendance and educational attainment for age 3 and above. Data extracted on 25 February 2025.,SE_TOT_CPLR,204,M,None,None,ISCED11_1,PT,2025-03-05T00:00:00,2022,,55.12615
2011,A,0,Benin Enquête Harmonisée sur les Conditions de Vie des Ménages (EHCVM) 2021-22. The survey collected data on school attendance and educational attainment for age 3 and above. Data extracted on 25 February 2025.,SE_TOT_CPLR,204,M,None,None,ISCED11_1,PT,2025-03-05T00:00:00,2022,,61.89381
2013,A,0,Benin Enquête Harmonisée sur les Conditions de Vie des Ménages (EHCVM) 2021-22. The survey collected data on school attendance and educational attainment for age 3 and above. Data extracted on 25 February 2025.,SE_TOT_CPLR,204,M,None,None,ISCED11_1,PT,2025-03-05T00:00:00,2022,,61.1
2014,A,0,Benin Enquête Harmonisée sur les Conditions de Vie des Ménages (EHCVM) 2021-22. The survey collected data on school attendance and educational attainment for age 3 and above. Data extracted on 25 February 2025.,SE_TOT_CPLR,204,M,None,None,ISCED11_1,PT,2025-03-05T00:00:00,2022,,58.73172
2017,A,0,Benin Enquête Harmonisée sur les Conditions de Vie des Ménages (EHCVM) 2021-22. The survey collected data on school attendance and educational attainment for age 3 and above. Data extracted on 25 February 2025.,SE_TOT_CPLR,204,M,None,None,ISCED11_1,PT,2025-03-05T00:00:00,2022,,56.12968
2019,A,0,Benin Enquête Harmonisée sur les Conditions de Vie des Ménages (EHCVM) 2021-22. The survey collected data on school attendance and educational attainment for age 3 and above. Data extracted on 25 February 2025.,SE_TOT_CPLR,204,M,None,None,ISCED11_1,PT,2025-03-05T00:00:00,2022,,58.63273
2021,A,0,Benin Enquête Harmonisée sur les Conditions de Vie des Ménages (EHCVM) 2021-22. The survey collected data on school attendance and educational attainment for age 3 and above. Data extracted on 25 February 2025.,SE_TOT_CPLR,204,M,None,None,ISCED11_1,PT,2025-03-05T00:00:00,2022,,54.11597
2022,A,0,Benin Enquête Harmonisée sur les Conditions de Vie des Ménages (EHCVM) 2021-22. The survey collected data on school attendance and educational attainment for age 3 and above. Data extracted on 25 February 2025.,SE_TOT_CPLR,204,M,None,None,ISCED11_1,PT,2025-03-05T00:00:00,2022,,51.37455
2001,A,0,Benin Enquête Harmonisée sur les Conditions de Vie des Ménages (EHCVM) 2021-22. The survey collected data on school attendance and educational attainment for age 3 and above. Data extracted on 25 February 2025.,SE_TOT_CPLR,204,M,None,None,ISCED11_2,PT,2025-03-05T00:00:00,2022,,17.33
2006,A,0,Benin Enquête Harmonisée sur les Conditions de Vie des Ménages (EHCVM) 2021-22. The survey collected data on school attendance and educational attainment for age 3 and above. Data extracted on 25 February 2025.,SE_TOT_CPLR,204,M,None,None,ISCED11_2,PT,2025-03-05T00:00:00,2022,,32.275
2011,A,0,Benin Enquête Harmonisée sur les Conditions de Vie des Ménages (EHCVM) 2021-22. The survey collected data on school attendance and educational attainment for age 3 and above. Data extracted on 25 February 2025.,SE_TOT_CPLR,204,M,None,None,ISCED11_2,PT,2025-03-05T00:00:00,2022,,40.58343
2013,A,0,Benin Enquête Harmonisée sur les Conditions de Vie des Ménages (EHCVM) 2021-22. The survey collected data on school attendance and educational attainment for age 3 and above. Data extracted on 25 February 2025.,SE_TOT_CPLR,204,M,None,None,ISCED11_2,PT,2025-03-05T00:00:00,2022,,36.9
2014,A,0,Benin Enquête Harmonisée sur les Conditions de Vie des Ménages (EHCVM) 2021-22. The survey collected data on school attendance and educational attainment for age 3 and above. Data extracted on 25 February 2025.,SE_TOT_CPLR,204,M,None,None,ISCED11_2,PT,2025-03-05T00:00:00,2022,,37.22481
2017,A,0,Benin Enquête Harmonisée sur les Conditions de Vie des Ménages (EHCVM) 2021-22. The survey collected data on school attendance and educational attainment for age 3 and above. Data extracted on 25 February 2025.,SE_TOT_CPLR,204,M,None,None,ISCED11_2,PT,2025-03-05T00:00:00,2022,,29.12883
2019,A,0,Benin Enquête Harmonisée sur les Conditions de Vie des Ménages (EHCVM) 2021-22. The survey collected data on school attendance and educational attainment for age 3 and above. Data extracted on 25 February 2025.,SE_TOT_CPLR,204,M,None,None,ISCED11_2,PT,2025-03-05T00:00:00,2022,,35.22274
2021,A,0,Benin Enquête Harmonisée sur les Conditions de Vie des Ménages (EHCVM) 2021-22. The survey collected data on school attendance and educational attainment for age 3 and above. Data extracted on 25 February 2025.,SE_TOT_CPLR,204,M,None,None,ISCED11_2,PT,2025-03-05T00:00:00,2022,,31.80165
2022,A,0,Benin Enquête Harmonisée sur les Conditions de Vie des Ménages (EHCVM) 2021-22. The survey collected data on school attendance and educational attainment for age 3 and above. Data extracted on 25 February 2025.,SE_TOT_CPLR,204,M,None,None,ISCED11_2,PT,2025-03-05T00:00:00,2022,,33.40285
2001,A,0,Benin Enquête Harmonisée sur les Conditions de Vie des Ménages (EHCVM) 2021-22. The survey collected data on school attendance and educational attainment for age 3 and above. Data extracted on 25 February 2025.,SE_TOT_CPLR,204,M,None,None,ISCED11_3,PT,2025-03-05T00:00:00,2022,,6.85
2006,A,0,Benin Enquête Harmonisée sur les Conditions de Vie des Ménages (EHCVM) 2021-22. The survey collected data on school attendance and educational attainment for age 3 and above. Data extracted on 25 February 2025.,SE_TOT_CPLR,204,M,None,None,ISCED11_3,PT,2025-03-05T00:00:00,2022,,14.42723
2011,A,0,Benin Enquête Harmonisée sur les Conditions de Vie des Ménages (EHCVM) 2021-22. The survey collected data on school attendance and educational attainment for age 3 and above. Data extracted on 25 February 2025.,SE_TOT_CPLR,204,M,None,None,ISCED11_3,PT,2025-03-05T00:00:00,2022,,22.5569
2013,A,0,Benin Enquête Harmonisée sur les Conditions de Vie des Ménages (EHCVM) 2021-22. The survey collected data on school attendance and educational attainment for age 3 and above. Data extracted on 25 February 2025.,SE_TOT_CPLR,204,M,None,None,ISCED11_3,PT,2025-03-05T00:00:00,2022,,17.2
2014,A,0,Benin Enquête Harmonisée sur les Conditions de Vie des Ménages (EHCVM) 2021-22. The survey collected data on school attendance and educational attainment for age 3 and above. Data extracted on 25 February 2025.,SE_TOT_CPLR,204,M,None,None,ISCED11_3,PT,2025-03-05T00:00:00,2022,,14.54475
2017,A,0,Benin Enquête Harmonisée sur les Conditions de Vie des Ménages (EHCVM) 2021-22. The survey collected data on school attendance and educational attainment for age 3 and above. Data extracted on 25 February 2025.,SE_TOT_CPLR,204,M,None,None,ISCED11_3,PT,2025-03-05T00:00:00,2022,,14.35735
2019,A,0,Benin Enquête Harmonisée sur les Conditions de Vie des Ménages (EHCVM) 2021-22. The survey collected data on school attendance and educational attainment for age 3 and above. Data extracted on 25 February 2025.,SE_TOT_CPLR,204,M,None,None,ISCED11_3,PT,2025-03-05T00:00:00,2022,,17.20856
2021,A,0,Benin Enquête Harmonisée sur les Conditions de Vie des Ménages (EHCVM) 2021-22. The survey collected data on school attendance and educational attainment for age 3 and above. Data extracted on 25 February 2025.,SE_TOT_CPLR,204,M,None,None,ISCED11_3,PT,2025-03-05T00:00:00,2022,,18.07883
2022,A,0,Benin Enquête Harmonisée sur les Conditions de Vie des Ménages (EHCVM) 2021-22. The survey collected data on school attendance and educational attainment for age 3 and above. Data extracted on 25 February 2025.,SE_TOT_CPLR,204,M,None,None,ISCED11_3,PT,2025-03-05T00:00:00,2022,,15.08548
2006,A,0,Benin MICS 2021-22. The survey collected data on school attendance for age 3-24 and educational attainment for age 5 and above. Data extracted on 25 February 2025.,SE_TOT_CPLR,204,M,None,Q1,ISCED11_1,PT,2025-03-05T00:00:00,2021,,25.05514
2011,A,0,Benin MICS 2021-22. The survey collected data on school attendance for age 3-24 and educational attainment for age 5 and above. Data extracted on 25 February 2025.,SE_TOT_CPLR,204,M,None,Q1,ISCED11_1,PT,2025-03-05T00:00:00,2021,,35.83753
2014,A,0,Benin MICS 2021-22. The survey collected data on school attendance for age 3-24 and educational attainment for age 5 and above. Data extracted on 25 February 2025.,SE_TOT_CPLR,204,M,None,Q1,ISCED11_1,PT,2025-03-05T00:00:00,2021,,32.56879
2017,A,0,Benin MICS 2021-22. The survey collected data on school attendance for age 3-24 and educational attainment for age 5 and above. Data extracted on 25 February 2025.,SE_TOT_CPLR,204,M,None,Q1,ISCED11_1,PT,2025-03-05T00:00:00,2021,,23.89579
2021,A,0,Benin MICS 2021-22. The survey collected data on school attendance for age 3-24 and educational attainment for age 5 and above. Data extracted on 25 February 2025.,SE_TOT_CPLR,204,M,None,Q1,ISCED11_1,PT,2025-03-05T00:00:00,2021,,25.20879
2006,A,0,Benin MICS 2021-22. The survey collected data on school attendance for age 3-24 and educational attainment for age 5 and above. Data extracted on 25 February 2025.,SE_TOT_CPLR,204,M,None,Q1,ISCED11_2,PT,2025-03-05T00:00:00,2021,,8.41165
2011,A,0,Benin MICS 2021-22. The survey collected data on school attendance for age 3-24 and educational attainment for age 5 and above. Data extracted on 25 February 2025.,SE_TOT_CPLR,204,M,None,Q1,ISCED11_2,PT,2025-03-05T00:00:00,2021,,9.29514
2014,A,0,Benin MICS 2021-22. The survey collected data on school attendance for age 3-24 and educational attainment for age 5 and above. Data extracted on 25 February 2025.,SE_TOT_CPLR,204,M,None,Q1,ISCED11_2,PT,2025-03-05T00:00:00,2021,,14.26061
2017,A,0,Benin MICS 2021-22. The survey collected data on school attendance for age 3-24 and educational attainment for age 5 and above. Data extracted on 25 February 2025.,SE_TOT_CPLR,204,M,None,Q1,ISCED11_2,PT,2025-03-05T00:00:00,2021,,5.18456
2021,A,0,Benin MICS 2021-22. The survey collected data on school attendance for age 3-24 and educational attainment for age 5 and above. Data extracted on 25 February 2025.,SE_TOT_CPLR,204,M,None,Q1,ISCED11_2,PT,2025-03-05T00:00:00,2021,,7.48044
2006,A,0,Benin MICS 2021-22. The survey collected data on school attendance for age 3-24 and educational attainment for age 5 and above. Data extracted on 25 February 2025.,SE_TOT_CPLR,204,M,None,Q1,ISCED11_3,PT,2025-03-05T00:00:00,2021,,0.4693
2011,A,0,Benin MICS 2021-22. The survey collected data on school attendance for age 3-24 and educational attainment for age 5 and above. Data extracted on 25 February 2025.,SE_TOT_CPLR,204,M,None,Q1,ISCED11_3,PT,2025-03-05T00:00:00,2021,,1.3193
2014,A,0,Benin MICS 2021-22. The survey collected data on school attendance for age 3-24 and educational attainment for age 5 and above. Data extracted on 25 February 2025.,SE_TOT_CPLR,204,M,None,Q1,ISCED11_3,PT,2025-03-05T00:00:00,2021,,1.60642
2018,A,0,Benin MICS 2021-22. The survey collected data on school attendance for age 3-24 and educational attainment for age 5 and above. Data extracted on 25 February 2025.,SE_TOT_CPLR,204,M,None,Q1,ISCED11_3,PT,2025-03-05T00:00:00,2021,,0.99
2021,A,0,Benin MICS 2021-22. The survey collected data on school attendance for age 3-24 and educational attainment for age 5 and above. Data extracted on 25 February 2025.,SE_TOT_CPLR,204,M,None,Q1,ISCED11_3,PT,2025-03-05T00:00:00,2021,,5.83683
2006,A,0,Benin MICS 2021-22. The survey collected data on school attendance for age 3-24 and educational attainment for age 5 and above. Data extracted on 25 February 2025.,SE_TOT_CPLR,204,M,None,Q2,ISCED11_1,PT,2025-03-05T00:00:00,2021,,40.5257
2011,A,0,Benin MICS 2021-22. The survey collected data on school attendance for age 3-24 and educational attainment for age 5 and above. Data extracted on 25 February 2025.,SE_TOT_CPLR,204,M,None,Q2,ISCED11_1,PT,2025-03-05T00:00:00,2021,,54.06108
2014,A,0,Benin MICS 2021-22. The survey collected data on school attendance for age 3-24 and educational attainment for age 5 and above. Data extracted on 25 February 2025.,SE_TOT_CPLR,204,M,None,Q2,ISCED11_1,PT,2025-03-05T00:00:00,2021,,50.92178
2017,A,0,Benin MICS 2021-22. The survey collected data on school attendance for age 3-24 and educational attainment for age 5 and above. Data extracted on 25 February 2025.,SE_TOT_CPLR,204,M,None,Q2,ISCED11_1,PT,2025-03-05T00:00:00,2021,,45.79154
2021,A,0,Benin MICS 2021-22. The survey collected data on school attendance for age 3-24 and educational attainment for age 5 and above. Data extracted on 25 February 2025.,SE_TOT_CPLR,204,M,None,Q2,ISCED11_1,PT,2025-03-05T00:00:00,2021,,39.51496
2006,A,0,Benin MICS 2021-22. The survey collected data on school attendance for age 3-24 and educational attainment for age 5 and above. Data extracted on 25 February 2025.,SE_TOT_CPLR,204,M,None,Q2,ISCED11_2,PT,2025-03-05T00:00:00,2021,,18.81237
2011,A,0,Benin MICS 2021-22. The survey collected data on school attendance for age 3-24 and educational attainment for age 5 and above. Data extracted on 25 February 2025.,SE_TOT_CPLR,204,M,None,Q2,ISCED11_2,PT,2025-03-05T00:00:00,2021,,25.52122
2014,A,0,Benin MICS 2021-22. The survey collected data on school attendance for age 3-24 and educational attainment for age 5 and above. Data extracted on 25 February 2025.,SE_TOT_CPLR,204,M,None,Q2,ISCED11_2,PT,2025-03-05T00:00:00,2021,,23.64564
2017,A,0,Benin MICS 2021-22. The survey collected data on school attendance for age 3-24 and educational attainment for age 5 and above. Data extracted on 25 February 2025.,SE_TOT_CPLR,204,M,None,Q2,ISCED11_2,PT,2025-03-05T00:00:00,2021,,17.88924
2021,A,0,Benin MICS 2021-22. The survey collected data on school attendance for age 3-24 and educational attainment for age 5 and above. Data extracted on 25 February 2025.,SE_TOT_CPLR,204,M,None,Q2,ISCED11_2,PT,2025-03-05T00:00:00,2021,,13.61979
2006,A,0,Benin MICS 2021-22. The survey collected data on school attendance for age 3-24 and educational attainment for age 5 and above. Data extracted on 25 February 2025.,SE_TOT_CPLR,204,M,None,Q2,ISCED11_3,PT,2025-03-05T00:00:00,2021,,3.55529
2011,A,0,Benin MICS 2021-22. The survey collected data on school attendance for age 3-24 and educational attainment for age 5 and above. Data extracted on 25 February 2025.,SE_TOT_CPLR,204,M,None,Q2,ISCED11_3,PT,2025-03-05T00:00:00,2021,,6.92641
2014,A,0,Benin MICS 2021-22. The survey collected data on school attendance for age 3-24 and educational attainment for age 5 and above. Data extracted on 25 February 2025.,SE_TOT_CPLR,204,M,None,Q2,ISCED11_3,PT,2025-03-05T00:00:00,2021,,0.6645
2017,A,0,Benin MICS 2021-22. The survey collected data on school attendance for age 3-24 and educational attainment for age 5 and above. Data extracted on 25 February 2025.,SE_TOT_CPLR,204,M,None,Q2,ISCED11_3,PT,2025-03-05T00:00:00,2021,,2.93952
2021,A,0,Benin MICS 2021-22. The survey collected data on school attendance for age 3-24 and educational attainment for age 5 and above. Data extracted on 25 February 2025.,SE_TOT_CPLR,204,M,None,Q2,ISCED11_3,PT,2025-03-05T00:00:00,2021,,4.5673
2006,A,0,Benin MICS 2021-22. The survey collected data on school attendance for age 3-24 and educational attainment for age 5 and above. Data extracted on 25 February 2025.,SE_TOT_CPLR,204,M,None,Q3,ISCED11_1,PT,2025-03-05T00:00:00,2021,,50.47936
2011,A,0,Benin MICS 2021-22. The survey collected data on school attendance for age 3-24 and educational attainment for age 5 and above. Data extracted on 25 February 2025.,SE_TOT_CPLR,204,M,None,Q3,ISCED11_1,PT,2025-03-05T00:00:00,2021,,59.5008
2014,A,0,Benin MICS 2021-22. The survey collected data on school attendance for age 3-24 and educational attainment for age 5 and above. Data extracted on 25 February 2025.,SE_TOT_CPLR,204,M,None,Q3,ISCED11_1,PT,2025-03-05T00:00:00,2021,,56.5569
2017,A,0,Benin MICS 2021-22. The survey collected data on school attendance for age 3-24 and educational attainment for age 5 and above. Data extracted on 25 February 2025.,SE_TOT_CPLR,204,M,None,Q3,ISCED11_1,PT,2025-03-05T00:00:00,2021,,55.32316
2021,A,0,Benin MICS 2021-22. The survey collected data on school attendance for age 3-24 and educational attainment for age 5 and above. Data extracted on 25 February 2025.,SE_TOT_CPLR,204,M,None,Q3,ISCED11_1,PT,2025-03-05T00:00:00,2021,,51.99861
2006,A,0,Benin MICS 2021-22. The survey collected data on school attendance for age 3-24 and educational attainment for age 5 and above. Data extracted on 25 February 2025.,SE_TOT_CPLR,204,M,None,Q3,ISCED11_2,PT,2025-03-05T00:00:00,2021,,18.71866
2011,A,0,Benin MICS 2021-22. The survey collected data on school attendance for age 3-24 and educational attainment for age 5 and above. Data extracted on 25 February 2025.,SE_TOT_CPLR,204,M,None,Q3,ISCED11_2,PT,2025-03-05T00:00:00,2021,,30.44051
2014,A,0,Benin MICS 2021-22. The survey collected data on school attendance for age 3-24 and educational attainment for age 5 and above. Data extracted on 25 February 2025.,SE_TOT_CPLR,204,M,None,Q3,ISCED11_2,PT,2025-03-05T00:00:00,2021,,28.15167
2017,A,0,Benin MICS 2021-22. The survey collected data on school attendance for age 3-24 and educational attainment for age 5 and above. Data extracted on 25 February 2025.,SE_TOT_CPLR,204,M,None,Q3,ISCED11_2,PT,2025-03-05T00:00:00,2021,,26.43981
2021,A,0,Benin MICS 2021-22. The survey collected data on school attendance for age 3-24 and educational attainment for age 5 and above. Data extracted on 25 February 2025.,SE_TOT_CPLR,204,M,None,Q3,ISCED11_2,PT,2025-03-05T00:00:00,2021,,27.42446
2006,A,0,Benin MICS 2021-22. The survey collected data on school attendance for age 3-24 and educational attainment for age 5 and above. Data extracted on 25 February 2025.,SE_TOT_CPLR,204,M,None,Q3,ISCED11_3,PT,2025-03-05T00:00:00,2021,,3.7152
2011,A,0,Benin MICS 2021-22. The survey collected data on school attendance for age 3-24 and educational attainment for age 5 and above. Data extracted on 25 February 2025.,SE_TOT_CPLR,204,M,None,Q3,ISCED11_3,PT,2025-03-05T00:00:00,2021,,10.12428
2014,A,0,Benin MICS 2021-22. The survey collected data on school attendance for age 3-24 and educational attainment for age 5 and above. Data extracted on 25 February 2025.,SE_TOT_CPLR,204,M,None,Q3,ISCED11_3,PT,2025-03-05T00:00:00,2021,,7.92909
2017,A,0,Benin MICS 2021-22. The survey collected data on school attendance for age 3-24 and educational attainment for age 5 and above. Data extracted on 25 February 2025.,SE_TOT_CPLR,204,M,None,Q3,ISCED11_3,PT,2025-03-05T00:00:00,2021,,9.06861
2021,A,0,Benin MICS 2021-22. The survey collected data on school attendance for age 3-24 and educational attainment for age 5 and above. Data extracted on 25 February 2025.,SE_TOT_CPLR,204,M,None,Q3,ISCED11_3,PT,2025-03-05T00:00:00,2021,,8.47009
2006,A,0,Benin MICS 2021-22. The survey collected data on school attendance for age 3-24 and educational attainment for age 5 and above. Data extracted on 25 February 2025.,SE_TOT_CPLR,204,M,None,Q4,ISCED11_1,PT,2025-03-05T00:00:00,2021,,65.30621
2011,A,0,Benin MICS 2021-22. The survey collected data on school attendance for age 3-24 and educational attainment for age 5 and above. Data extracted on 25 February 2025.,SE_TOT_CPLR,204,M,None,Q4,ISCED11_1,PT,2025-03-05T00:00:00,2021,,77.39478
2014,A,0,Benin MICS 2021-22. The survey collected data on school attendance for age 3-24 and educational attainment for age 5 and above. Data extracted on 25 February 2025.,SE_TOT_CPLR,204,M,None,Q4,ISCED11_1,PT,2025-03-05T00:00:00,2021,,71.94093
2017,A,0,Benin MICS 2021-22. The survey collected data on school attendance for age 3-24 and educational attainment for age 5 and above. Data extracted on 25 February 2025.,SE_TOT_CPLR,204,M,None,Q4,ISCED11_1,PT,2025-03-05T00:00:00,2021,,67.626
2021,A,0,Benin MICS 2021-22. The survey collected data on school attendance for age 3-24 and educational attainment for age 5 and above. Data extracted on 25 February 2025.,SE_TOT_CPLR,204,M,None,Q4,ISCED11_1,PT,2025-03-05T00:00:00,2021,,68.81175
2006,A,0,Benin MICS 2021-22. The survey collected data on school attendance for age 3-24 and educational attainment for age 5 and above. Data extracted on 25 February 2025.,SE_TOT_CPLR,204,M,None,Q4,ISCED11_2,PT,2025-03-05T00:00:00,2021,,36.26811
2011,A,0,Benin MICS 2021-22. The survey collected data on school attendance for age 3-24 and educational attainment for age 5 and above. Data extracted on 25 February 2025.,SE_TOT_CPLR,204,M,None,Q4,ISCED11_2,PT,2025-03-05T00:00:00,2021,,48.32901
2014,A,0,Benin MICS 2021-22. The survey collected data on school attendance for age 3-24 and educational attainment for age 5 and above. Data extracted on 25 February 2025.,SE_TOT_CPLR,204,M,None,Q4,ISCED11_2,PT,2025-03-05T00:00:00,2021,,42.28749
2017,A,0,Benin MICS 2021-22. The survey collected data on school attendance for age 3-24 and educational attainment for age 5 and above. Data extracted on 25 February 2025.,SE_TOT_CPLR,204,M,None,Q4,ISCED11_2,PT,2025-03-05T00:00:00,2021,,32.87097
2021,A,0,Benin MICS 2021-22. The survey collected data on school attendance for age 3-24 and educational attainment for age 5 and above. Data extracted on 25 February 2025.,SE_TOT_CPLR,204,M,None,Q4,ISCED11_2,PT,2025-03-05T00:00:00,2021,,38.24776
2006,A,0,Benin MICS 2021-22. The survey collected data on school attendance for age 3-24 and educational attainment for age 5 and above. Data extracted on 25 February 2025.,SE_TOT_CPLR,204,M,None,Q4,ISCED11_3,PT,2025-03-05T00:00:00,2021,,11.14359
2011,A,0,Benin MICS 2021-22. The survey collected data on school attendance for age 3-24 and educational attainment for age 5 and above. Data extracted on 25 February 2025.,SE_TOT_CPLR,204,M,None,Q4,ISCED11_3,PT,2025-03-05T00:00:00,2021,,13.45486
2014,A,0,Benin MICS 2021-22. The survey collected data on school attendance for age 3-24 and educational attainment for age 5 and above. Data extracted on 25 February 2025.,SE_TOT_CPLR,204,M,None,Q4,ISCED11_3,PT,2025-03-05T00:00:00,2021,,12.42376
2017,A,0,Benin MICS 2021-22. The survey collected data on school attendance for age 3-24 and educational attainment for age 5 and above. Data extracted on 25 February 2025.,SE_TOT_CPLR,204,M,None,Q4,ISCED11_3,PT,2025-03-05T00:00:00,2021,,8.83974
2021,A,0,Benin MICS 2021-22. The survey collected data on school attendance for age 3-24 and educational attainment for age 5 and above. Data extracted on 25 February 2025.,SE_TOT_CPLR,204,M,None,Q4,ISCED11_3,PT,2025-03-05T00:00:00,2021,,18.37664
2006,A,0,Benin MICS 2021-22. The survey collected data on school attendance for age 3-24 and educational attainment for age 5 and above. Data extracted on 25 February 2025.,SE_TOT_CPLR,204,M,None,Q5,ISCED11_1,PT,2025-03-05T00:00:00,2021,,81.76173
2011,A,0,Benin MICS 2021-22. The survey collected data on school attendance for age 3-24 and educational attainment for age 5 and above. Data extracted on 25 February 2025.,SE_TOT_CPLR,204,M,None,Q5,ISCED11_1,PT,2025-03-05T00:00:00,2021,,86.57148
2014,A,0,Benin MICS 2021-22. The survey collected data on school attendance for age 3-24 and educational attainment for age 5 and above. Data extracted on 25 February 2025.,SE_TOT_CPLR,204,M,None,Q5,ISCED11_1,PT,2025-03-05T00:00:00,2021,,87.86404
2017,A,0,Benin MICS 2021-22. The survey collected data on school attendance for age 3-24 and educational attainment for age 5 and above. Data extracted on 25 February 2025.,SE_TOT_CPLR,204,M,None,Q5,ISCED11_1,PT,2025-03-05T00:00:00,2021,,86.66381
2021,A,0,Benin MICS 2021-22. The survey collected data on school attendance for age 3-24 and educational attainment for age 5 and above. Data extracted on 25 February 2025.,SE_TOT_CPLR,204,M,None,Q5,ISCED11_1,PT,2025-03-05T00:00:00,2021,,83.78153
2006,A,0,Benin MICS 2021-22. The survey collected data on school attendance for age 3-24 and educational attainment for age 5 and above. Data extracted on 25 February 2025.,SE_TOT_CPLR,204,M,None,Q5,ISCED11_2,PT,2025-03-05T00:00:00,2021,,58.40253
2011,A,0,Benin MICS 2021-22. The survey collected data on school attendance for age 3-24 and educational attainment for age 5 and above. Data extracted on 25 February 2025.,SE_TOT_CPLR,204,M,None,Q5,ISCED11_2,PT,2025-03-05T00:00:00,2021,,70.99807
2014,A,0,Benin MICS 2021-22. The survey collected data on school attendance for age 3-24 and educational attainment for age 5 and above. Data extracted on 25 February 2025.,SE_TOT_CPLR,204,M,None,Q5,ISCED11_2,PT,2025-03-05T00:00:00,2021,,67.62318
2017,A,0,Benin MICS 2021-22. The survey collected data on school attendance for age 3-24 and educational attainment for age 5 and above. Data extracted on 25 February 2025.,SE_TOT_CPLR,204,M,None,Q5,ISCED11_2,PT,2025-03-05T00:00:00,2021,,57.3818
2021,A,0,Benin MICS 2021-22. The survey collected data on school attendance for age 3-24 and educational attainment for age 5 and above. Data extracted on 25 February 2025.,SE_TOT_CPLR,204,M,None,Q5,ISCED11_2,PT,2025-03-05T00:00:00,2021,,58.73007
2006,A,0,Benin MICS 2021-22. The survey collected data on school attendance for age 3-24 and educational attainment for age 5 and above. Data extracted on 25 February 2025.,SE_TOT_CPLR,204,M,None,Q5,ISCED11_3,PT,2025-03-05T00:00:00,2021,,33.3703
2011,A,0,Benin MICS 2021-22. The survey collected data on school attendance for age 3-24 and educational attainment for age 5 and above. Data extracted on 25 February 2025.,SE_TOT_CPLR,204,M,None,Q5,ISCED11_3,PT,2025-03-05T00:00:00,2021,,51.21424
2014,A,0,Benin MICS 2021-22. The survey collected data on school attendance for age 3-24 and educational attainment for age 5 and above. Data extracted on 25 February 2025.,SE_TOT_CPLR,204,M,None,Q5,ISCED11_3,PT,2025-03-05T00:00:00,2021,,38.52713
2017,A,0,Benin MICS 2021-22. The survey collected data on school attendance for age 3-24 and educational attainment for age 5 and above. Data extracted on 25 February 2025.,SE_TOT_CPLR,204,M,None,Q5,ISCED11_3,PT,2025-03-05T00:00:00,2021,,37.61867
2021,A,0,Benin MICS 2021-22. The survey collected data on school attendance for age 3-24 and educational attainment for age 5 and above. Data extracted on 25 February 2025.,SE_TOT_CPLR,204,M,None,Q5,ISCED11_3,PT,2025-03-05T00:00:00,2021,,44.42279
2001,A,0,Benin Enquête Harmonisée sur les Conditions de Vie des Ménages (EHCVM) 2021-22. The survey collected data on school attendance and educational attainment for age 3 and above. Data extracted on 25 February 2025.,SE_TOT_CPLR,204,M,R,None,ISCED11_1,PT,2025-03-05T00:00:00,2022,,28.69
2006,A,0,Benin Enquête Harmonisée sur les Conditions de Vie des Ménages (EHCVM) 2021-22. The survey collected data on school attendance and educational attainment for age 3 and above. Data extracted on 25 February 2025.,SE_TOT_CPLR,204,M,R,None,ISCED11_1,PT,2025-03-05T00:00:00,2022,,47.06899
2011,A,0,Benin Enquête Harmonisée sur les Conditions de Vie des Ménages (EHCVM) 2021-22. The survey collected data on school attendance and educational attainment for age 3 and above. Data extracted on 25 February 2025.,SE_TOT_CPLR,204,M,R,None,ISCED11_1,PT,2025-03-05T00:00:00,2022,,55.56798
2014,A,0,Benin Enquête Harmonisée sur les Conditions de Vie des Ménages (EHCVM) 2021-22. The survey collected data on school attendance and educational attainment for age 3 and above. Data extracted on 25 February 2025.,SE_TOT_CPLR,204,M,R,None,ISCED11_1,PT,2025-03-05T00:00:00,2022,,50.40141
2017,A,0,Benin Enquête Harmonisée sur les Conditions de Vie des Ménages (EHCVM) 2021-22. The survey collected data on school attendance and educational attainment for age 3 and above. Data extracted on 25 February 2025.,SE_TOT_CPLR,204,M,R,None,ISCED11_1,PT,2025-03-05T00:00:00,2022,,49.45863
2019,A,0,Benin Enquête Harmonisée sur les Conditions de Vie des Ménages (EHCVM) 2021-22. The survey collected data on school attendance and educational attainment for age 3 and above. Data extracted on 25 February 2025.,SE_TOT_CPLR,204,M,R,None,ISCED11_1,PT,2025-03-05T00:00:00,2022,,53.53613
2021,A,0,Benin Enquête Harmonisée sur les Conditions de Vie des Ménages (EHCVM) 2021-22. The survey collected data on school attendance and educational attainment for age 3 and above. Data extracted on 25 February 2025.,SE_TOT_CPLR,204,M,R,None,ISCED11_1,PT,2025-03-05T00:00:00,2022,,45.21182
2022,A,0,Benin Enquête Harmonisée sur les Conditions de Vie des Ménages (EHCVM) 2021-22. The survey collected data on school attendance and educational attainment for age 3 and above. Data extracted on 25 February 2025.,SE_TOT_CPLR,204,M,R,None,ISCED11_1,PT,2025-03-05T00:00:00,2022,,42.5072
2001,A,0,Benin Enquête Harmonisée sur les Conditions de Vie des Ménages (EHCVM) 2021-22. The survey collected data on school attendance and educational attainment for age 3 and above. Data extracted on 25 February 2025.,SE_TOT_CPLR,204,M,R,None,ISCED11_2,PT,2025-03-05T00:00:00,2022,,7.24
2006,A,0,Benin Enquête Harmonisée sur les Conditions de Vie des Ménages (EHCVM) 2021-22. The survey collected data on school attendance and educational attainment for age 3 and above. Data extracted on 25 February 2025.,SE_TOT_CPLR,204,M,R,None,ISCED11_2,PT,2025-03-05T00:00:00,2022,,20.99483
2011,A,0,Benin Enquête Harmonisée sur les Conditions de Vie des Ménages (EHCVM) 2021-22. The survey collected data on school attendance and educational attainment for age 3 and above. Data extracted on 25 February 2025.,SE_TOT_CPLR,204,M,R,None,ISCED11_2,PT,2025-03-05T00:00:00,2022,,29.26924
2014,A,0,Benin Enquête Harmonisée sur les Conditions de Vie des Ménages (EHCVM) 2021-22. The survey collected data on school attendance and educational attainment for age 3 and above. Data extracted on 25 February 2025.,SE_TOT_CPLR,204,M,R,None,ISCED11_2,PT,2025-03-05T00:00:00,2022,,27.75919
2017,A,0,Benin Enquête Harmonisée sur les Conditions de Vie des Ménages (EHCVM) 2021-22. The survey collected data on school attendance and educational attainment for age 3 and above. Data extracted on 25 February 2025.,SE_TOT_CPLR,204,M,R,None,ISCED11_2,PT,2025-03-05T00:00:00,2022,,22.11862
2019,A,0,Benin Enquête Harmonisée sur les Conditions de Vie des Ménages (EHCVM) 2021-22. The survey collected data on school attendance and educational attainment for age 3 and above. Data extracted on 25 February 2025.,SE_TOT_CPLR,204,M,R,None,ISCED11_2,PT,2025-03-05T00:00:00,2022,,28.37766
2021,A,0,Benin Enquête Harmonisée sur les Conditions de Vie des Ménages (EHCVM) 2021-22. The survey collected data on school attendance and educational attainment for age 3 and above. Data extracted on 25 February 2025.,SE_TOT_CPLR,204,M,R,None,ISCED11_2,PT,2025-03-05T00:00:00,2022,,21.80357
2022,A,0,Benin Enquête Harmonisée sur les Conditions de Vie des Ménages (EHCVM) 2021-22. The survey collected data on school attendance and educational attainment for age 3 and above. Data extracted on 25 February 2025.,SE_TOT_CPLR,204,M,R,None,ISCED11_2,PT,2025-03-05T00:00:00,2022,,23.72583
2001,A,0,Benin Enquête Harmonisée sur les Conditions de Vie des Ménages (EHCVM) 2021-22. The survey collected data on school attendance and educational attainment for age 3 and above. Data extracted on 25 February 2025.,SE_TOT_CPLR,204,M,R,None,ISCED11_3,PT,2025-03-05T00:00:00,2022,,3.41
2006,A,0,Benin Enquête Harmonisée sur les Conditions de Vie des Ménages (EHCVM) 2021-22. The survey collected data on school attendance and educational attainment for age 3 and above. Data extracted on 25 February 2025.,SE_TOT_CPLR,204,M,R,None,ISCED11_3,PT,2025-03-05T00:00:00,2022,,4.87953
2011,A,0,Benin Enquête Harmonisée sur les Conditions de Vie des Ménages (EHCVM) 2021-22. The survey collected data on school attendance and educational attainment for age 3 and above. Data extracted on 25 February 2025.,SE_TOT_CPLR,204,M,R,None,ISCED11_3,PT,2025-03-05T00:00:00,2022,,10.30092
2014,A,0,Benin Enquête Harmonisée sur les Conditions de Vie des Ménages (EHCVM) 2021-22. The survey collected data on school attendance and educational attainment for age 3 and above. Data extracted on 25 February 2025.,SE_TOT_CPLR,204,M,R,None,ISCED11_3,PT,2025-03-05T00:00:00,2022,,4.26005
2017,A,0,Benin Enquête Harmonisée sur les Conditions de Vie des Ménages (EHCVM) 2021-22. The survey collected data on school attendance and educational attainment for age 3 and above. Data extracted on 25 February 2025.,SE_TOT_CPLR,204,M,R,None,ISCED11_3,PT,2025-03-05T00:00:00,2022,,6.41208
2019,A,0,Benin Enquête Harmonisée sur les Conditions de Vie des Ménages (EHCVM) 2021-22. The survey collected data on school attendance and educational attainment for age 3 and above. Data extracted on 25 February 2025.,SE_TOT_CPLR,204,M,R,None,ISCED11_3,PT,2025-03-05T00:00:00,2022,,8.43959
2021,A,0,Benin Enquête Harmonisée sur les Conditions de Vie des Ménages (EHCVM) 2021-22. The survey collected data on school attendance and educational attainment for age 3 and above. Data extracted on 25 February 2025.,SE_TOT_CPLR,204,M,R,None,ISCED11_3,PT,2025-03-05T00:00:00,2022,,9.78063
2022,A,0,Benin Enquête Harmonisée sur les Conditions de Vie des Ménages (EHCVM) 2021-22. The survey collected data on school attendance and educational attainment for age 3 and above. Data extracted on 25 February 2025.,SE_TOT_CPLR,204,M,R,None,ISCED11_3,PT,2025-03-05T00:00:00,2022,,8.28122
2006,A,0,Benin MICS 2021-22. The survey collected data on school attendance for age 3-24 and educational attainment for age 5 and above. Data extracted on 25 February 2025.,SE_TOT_CPLR,204,M,R,Q1,ISCED11_1,PT,2025-03-05T00:00:00,2021,,25.72551
2011,A,0,Benin MICS 2021-22. The survey collected data on school attendance for age 3-24 and educational attainment for age 5 and above. Data extracted on 25 February 2025.,SE_TOT_CPLR,204,M,R,Q1,ISCED11_1,PT,2025-03-05T00:00:00,2021,,35.82285
2014,A,0,Benin MICS 2021-22. The survey collected data on school attendance for age 3-24 and educational attainment for age 5 and above. Data extracted on 25 February 2025.,SE_TOT_CPLR,204,M,R,Q1,ISCED11_1,PT,2025-03-05T00:00:00,2021,,31.05067
2017,A,0,Benin MICS 2021-22. The survey collected data on school attendance for age 3-24 and educational attainment for age 5 and above. Data extracted on 25 February 2025.,SE_TOT_CPLR,204,M,R,Q1,ISCED11_1,PT,2025-03-05T00:00:00,2021,,19.67649
2021,A,0,Benin MICS 2021-22. The survey collected data on school attendance for age 3-24 and educational attainment for age 5 and above. Data extracted on 25 February 2025.,SE_TOT_CPLR,204,M,R,Q1,ISCED11_1,PT,2025-03-05T00:00:00,2021,,25.30856
2006,A,0,Benin MICS 2021-22. The survey collected data on school attendance for age 3-24 and educational attainment for age 5 and above. Data extracted on 25 February 2025.,SE_TOT_CPLR,204,M,R,Q1,ISCED11_2,PT,2025-03-05T00:00:00,2021,,7.58182
2011,A,0,Benin MICS 2021-22. The survey collected data on school attendance for age 3-24 and educational attainment for age 5 and above. Data extracted on 25 February 2025.,SE_TOT_CPLR,204,M,R,Q1,ISCED11_2,PT,2025-03-05T00:00:00,2021,,9.56153
2014,A,0,Benin MICS 2021-22. The survey collected data on school attendance for age 3-24 and educational attainment for age 5 and above. Data extracted on 25 February 2025.,SE_TOT_CPLR,204,M,R,Q1,ISCED11_2,PT,2025-03-05T00:00:00,2021,,14.55943
2017,A,0,Benin MICS 2021-22. The survey collected data on school attendance for age 3-24 and educational attainment for age 5 and above. Data extracted on 25 February 2025.,SE_TOT_CPLR,204,M,R,Q1,ISCED11_2,PT,2025-03-05T00:00:00,2021,,4.33918
2021,A,0,Benin MICS 2021-22. The survey collected data on school attendance for age 3-24 and educational attainment for age 5 and above. Data extracted on 25 February 2025.,SE_TOT_CPLR,204,M,R,Q1,ISCED11_2,PT,2025-03-05T00:00:00,2021,,5.69046
2006,A,0,Benin MICS 2021-22. The survey collected data on school attendance for age 3-24 and educational attainment for age 5 and above. Data extracted on 25 February 2025.,SE_TOT_CPLR,204,M,R,Q1,ISCED11_3,PT,2025-03-05T00:00:00,2021,This data point is NIL for the submitting nation.,0.55876
2011,A,0,Benin MICS 2021-22. The survey collected data on school attendance for age 3-24 and educational attainment for age 5 and above. Data extracted on 25 February 2025.,SE_TOT_CPLR,204,M,R,Q1,ISCED11_3,PT,2025-03-05T00:00:00,2021,This data point is NIL for the submitting nation.,1.16808
2014,A,0,Benin MICS 2021-22. The survey collected data on school attendance for age 3-24 and educational attainment for age 5 and above. Data extracted on 25 February 2025.,SE_TOT_CPLR,204,M,R,Q1,ISCED11_3,PT,2025-03-05T00:00:00,2021,This data point is NIL for the submitting nation.,1.20916
2018,A,0,Benin MICS 2021-22. The survey collected data on school attendance for age 3-24 and educational attainment for age 5 and above. Data extracted on 25 February 2025.,SE_TOT_CPLR,204,M,R,Q1,ISCED11_3,PT,2025-03-05T00:00:00,2021,This data point is NIL for the submitting nation.,0.0
2021,A,0,Benin MICS 2021-22. The survey collected data on school attendance for age 3-24 and educational attainment for age 5 and above. Data extracted on 25 February 2025.,SE_TOT_CPLR,204,M,R,Q1,ISCED11_3,PT,2025-03-05T00:00:00,2021,This data point is NIL for the submitting nation.,5.19317
2006,A,0,Benin MICS 2021-22. The survey collected data on school attendance for age 3-24 and educational attainment for age 5 and above. Data extracted on 25 February 2025.,SE_TOT_CPLR,204,M,R,Q2,ISCED11_1,PT,2025-03-05T00:00:00,2021,,41.05714
2011,A,0,Benin MICS 2021-22. The survey collected data on school attendance for age 3-24 and educational attainment for age 5 and above. Data extracted on 25 February 2025.,SE_TOT_CPLR,204,M,R,Q2,ISCED11_1,PT,2025-03-05T00:00:00,2021,,55.92391
2014,A,0,Benin MICS 2021-22. The survey collected data on school attendance for age 3-24 and educational attainment for age 5 and above. Data extracted on 25 February 2025.,SE_TOT_CPLR,204,M,R,Q2,ISCED11_1,PT,2025-03-05T00:00:00,2021,,49.41888
2017,A,0,Benin MICS 2021-22. The survey collected data on school attendance for age 3-24 and educational attainment for age 5 and above. Data extracted on 25 February 2025.,SE_TOT_CPLR,204,M,R,Q2,ISCED11_1,PT,2025-03-05T00:00:00,2021,,43.07852
2021,A,0,Benin MICS 2021-22. The survey collected data on school attendance for age 3-24 and educational attainment for age 5 and above. Data extracted on 25 February 2025.,SE_TOT_CPLR,204,M,R,Q2,ISCED11_1,PT,2025-03-05T00:00:00,2021,,38.0059
2006,A,0,Benin MICS 2021-22. The survey collected data on school attendance for age 3-24 and educational attainment for age 5 and above. Data extracted on 25 February 2025.,SE_TOT_CPLR,204,M,R,Q2,ISCED11_2,PT,2025-03-05T00:00:00,2021,,19.1573
2011,A,0,Benin MICS 2021-22. The survey collected data on school attendance for age 3-24 and educational attainment for age 5 and above. Data extracted on 25 February 2025.,SE_TOT_CPLR,204,M,R,Q2,ISCED11_2,PT,2025-03-05T00:00:00,2021,,26.09998
2014,A,0,Benin MICS 2021-22. The survey collected data on school attendance for age 3-24 and educational attainment for age 5 and above. Data extracted on 25 February 2025.,SE_TOT_CPLR,204,M,R,Q2,ISCED11_2,PT,2025-03-05T00:00:00,2021,,22.31097
2017,A,0,Benin MICS 2021-22. The survey collected data on school attendance for age 3-24 and educational attainment for age 5 and above. Data extracted on 25 February 2025.,SE_TOT_CPLR,204,M,R,Q2,ISCED11_2,PT,2025-03-05T00:00:00,2021,,17.06138
2021,A,0,Benin MICS 2021-22. The survey collected data on school attendance for age 3-24 and educational attainment for age 5 and above. Data extracted on 25 February 2025.,SE_TOT_CPLR,204,M,R,Q2,ISCED11_2,PT,2025-03-05T00:00:00,2021,,11.54545
2006,A,0,Benin MICS 2021-22. The survey collected data on school attendance for age 3-24 and educational attainment for age 5 and above. Data extracted on 25 February 2025.,SE_TOT_CPLR,204,M,R,Q2,ISCED11_3,PT,2025-03-05T00:00:00,2021,,3.73766
2011,A,0,Benin MICS 2021-22. The survey collected data on school attendance for age 3-24 and educational attainment for age 5 and above. Data extracted on 25 February 2025.,SE_TOT_CPLR,204,M,R,Q2,ISCED11_3,PT,2025-03-05T00:00:00,2021,,6.8735
2014,A,0,Benin MICS 2021-22. The survey collected data on school attendance for age 3-24 and educational attainment for age 5 and above. Data extracted on 25 February 2025.,SE_TOT_CPLR,204,M,R,Q2,ISCED11_3,PT,2025-03-05T00:00:00,2021,,0.83142
2017,A,0,Benin MICS 2021-22. The survey collected data on school attendance for age 3-24 and educational attainment for age 5 and above. Data extracted on 25 February 2025.,SE_TOT_CPLR,204,M,R,Q2,ISCED11_3,PT,2025-03-05T00:00:00,2021,,2.15012
2021,A,0,Benin MICS 2021-22. The survey collected data on school attendance for age 3-24 and educational attainment for age 5 and above. Data extracted on 25 February 2025.,SE_TOT_CPLR,204,M,R,Q2,ISCED11_3,PT,2025-03-05T00:00:00,2021,,5.15808
2006,A,0,Benin MICS 2021-22. The survey collected data on school attendance for age 3-24 and educational attainment for age 5 and above. Data extracted on 25 February 2025.,SE_TOT_CPLR,204,M,R,Q3,ISCED11_1,PT,2025-03-05T00:00:00,2021,,52.11718
2011,A,0,Benin MICS 2021-22. The survey collected data on school attendance for age 3-24 and educational attainment for age 5 and above. Data extracted on 25 February 2025.,SE_TOT_CPLR,204,M,R,Q3,ISCED11_1,PT,2025-03-05T00:00:00,2021,,61.0605
2014,A,0,Benin MICS 2021-22. The survey collected data on school attendance for age 3-24 and educational attainment for age 5 and above. Data extracted on 25 February 2025.,SE_TOT_CPLR,204,M,R,Q3,ISCED11_1,PT,2025-03-05T00:00:00,2021,,55.36284
2017,A,0,Benin MICS 2021-22. The survey collected data on school attendance for age 3-24 and educational attainment for age 5 and above. Data extracted on 25 February 2025.,SE_TOT_CPLR,204,M,R,Q3,ISCED11_1,PT,2025-03-05T00:00:00,2021,,55.70566
2021,A,0,Benin MICS 2021-22. The survey collected data on school attendance for age 3-24 and educational attainment for age 5 and above. Data extracted on 25 February 2025.,SE_TOT_CPLR,204,M,R,Q3,ISCED11_1,PT,2025-03-05T00:00:00,2021,,51.77027
2006,A,0,Benin MICS 2021-22. The survey collected data on school attendance for age 3-24 and educational attainment for age 5 and above. Data extracted on 25 February 2025.,SE_TOT_CPLR,204,M,R,Q3,ISCED11_2,PT,2025-03-05T00:00:00,2021,,16.51508
2011,A,0,Benin MICS 2021-22. The survey collected data on school attendance for age 3-24 and educational attainment for age 5 and above. Data extracted on 25 February 2025.,SE_TOT_CPLR,204,M,R,Q3,ISCED11_2,PT,2025-03-05T00:00:00,2021,,31.68316
2014,A,0,Benin MICS 2021-22. The survey collected data on school attendance for age 3-24 and educational attainment for age 5 and above. Data extracted on 25 February 2025.,SE_TOT_CPLR,204,M,R,Q3,ISCED11_2,PT,2025-03-05T00:00:00,2021,,27.44536
2017,A,0,Benin MICS 2021-22. The survey collected data on school attendance for age 3-24 and educational attainment for age 5 and above. Data extracted on 25 February 2025.,SE_TOT_CPLR,204,M,R,Q3,ISCED11_2,PT,2025-03-05T00:00:00,2021,,27.08338
2021,A,0,Benin MICS 2021-22. The survey collected data on school attendance for age 3-24 and educational attainment for age 5 and above. Data extracted on 25 February 2025.,SE_TOT_CPLR,204,M,R,Q3,ISCED11_2,PT,2025-03-05T00:00:00,2021,,28.16002
2006,A,0,Benin MICS 2021-22. The survey collected data on school attendance for age 3-24 and educational attainment for age 5 and above. Data extracted on 25 February 2025.,SE_TOT_CPLR,204,M,R,Q3,ISCED11_3,PT,2025-03-05T00:00:00,2021,,3.13704
2011,A,0,Benin MICS 2021-22. The survey collected data on school attendance for age 3-24 and educational attainment for age 5 and above. Data extracted on 25 February 2025.,SE_TOT_CPLR,204,M,R,Q3,ISCED11_3,PT,2025-03-05T00:00:00,2021,,11.07393
2014,A,0,Benin MICS 2021-22. The survey collected data on school attendance for age 3-24 and educational attainment for age 5 and above. Data extracted on 25 February 2025.,SE_TOT_CPLR,204,M,R,Q3,ISCED11_3,PT,2025-03-05T00:00:00,2021,,5.31124
2017,A,0,Benin MICS 2021-22. The survey collected data on school attendance for age 3-24 and educational attainment for age 5 and above. Data extracted on 25 February 2025.,SE_TOT_CPLR,204,M,R,Q3,ISCED11_3,PT,2025-03-05T00:00:00,2021,,9.30438
2021,A,0,Benin MICS 2021-22. The survey collected data on school attendance for age 3-24 and educational attainment for age 5 and above. Data extracted on 25 February 2025.,SE_TOT_CPLR,204,M,R,Q3,ISCED11_3,PT,2025-03-05T00:00:00,2021,,7.6516
2006,A,0,Benin MICS 2021-22. The survey collected data on school attendance for age 3-24 and educational attainment for age 5 and above. Data extracted on 25 February 2025.,SE_TOT_CPLR,204,M,R,Q4,ISCED11_1,PT,2025-03-05T00:00:00,2021,,63.81461
2011,A,0,Benin MICS 2021-22. The survey collected data on school attendance for age 3-24 and educational attainment for age 5 and above. Data extracted on 25 February 2025.,SE_TOT_CPLR,204,M,R,Q4,ISCED11_1,PT,2025-03-05T00:00:00,2021,,76.18143
2014,A,0,Benin MICS 2021-22. The survey collected data on school attendance for age 3-24 and educational attainment for age 5 and above. Data extracted on 25 February 2025.,SE_TOT_CPLR,204,M,R,Q4,ISCED11_1,PT,2025-03-05T00:00:00,2021,,74.93437
2017,A,0,Benin MICS 2021-22. The survey collected data on school attendance for age 3-24 and educational attainment for age 5 and above. Data extracted on 25 February 2025.,SE_TOT_CPLR,204,M,R,Q4,ISCED11_1,PT,2025-03-05T00:00:00,2021,,71.65142
2021,A,0,Benin MICS 2021-22. The survey collected data on school attendance for age 3-24 and educational attainment for age 5 and above. Data extracted on 25 February 2025.,SE_TOT_CPLR,204,M,R,Q4,ISCED11_1,PT,2025-03-05T00:00:00,2021,,67.37599
2006,A,0,Benin MICS 2021-22. The survey collected data on school attendance for age 3-24 and educational attainment for age 5 and above. Data extracted on 25 February 2025.,SE_TOT_CPLR,204,M,R,Q4,ISCED11_2,PT,2025-03-05T00:00:00,2021,,35.29935
2011,A,0,Benin MICS 2021-22. The survey collected data on school attendance for age 3-24 and educational attainment for age 5 and above. Data extracted on 25 February 2025.,SE_TOT_CPLR,204,M,R,Q4,ISCED11_2,PT,2025-03-05T00:00:00,2021,,48.74529
2014,A,0,Benin MICS 2021-22. The survey collected data on school attendance for age 3-24 and educational attainment for age 5 and above. Data extracted on 25 February 2025.,SE_TOT_CPLR,204,M,R,Q4,ISCED11_2,PT,2025-03-05T00:00:00,2021,,42.34801
2017,A,0,Benin MICS 2021-22. The survey collected data on school attendance for age 3-24 and educational attainment for age 5 and above. Data extracted on 25 February 2025.,SE_TOT_CPLR,204,M,R,Q4,ISCED11_2,PT,2025-03-05T00:00:00,2021,,32.90044
2021,A,0,Benin MICS 2021-22. The survey collected data on school attendance for age 3-24 and educational attainment for age 5 and above. Data extracted on 25 February 2025.,SE_TOT_CPLR,204,M,R,Q4,ISCED11_2,PT,2025-03-05T00:00:00,2021,,36.93688
2006,A,0,Benin MICS 2021-22. The survey collected data on school attendance for age 3-24 and educational attainment for age 5 and above. Data extracted on 25 February 2025.,SE_TOT_CPLR,204,M,R,Q4,ISCED11_3,PT,2025-03-05T00:00:00,2021,,8.98977
2011,A,0,Benin MICS 2021-22. The survey collected data on school attendance for age 3-24 and educational attainment for age 5 and above. Data extracted on 25 February 2025.,SE_TOT_CPLR,204,M,R,Q4,ISCED11_3,PT,2025-03-05T00:00:00,2021,,9.84586
2014,A,0,Benin MICS 2021-22. The survey collected data on school attendance for age 3-24 and educational attainment for age 5 and above. Data extracted on 25 February 2025.,SE_TOT_CPLR,204,M,R,Q4,ISCED11_3,PT,2025-03-05T00:00:00,2021,,7.48713
2017,A,0,Benin MICS 2021-22. The survey collected data on school attendance for age 3-24 and educational attainment for age 5 and above. Data extracted on 25 February 2025.,SE_TOT_CPLR,204,M,R,Q4,ISCED11_3,PT,2025-03-05T00:00:00,2021,,5.76525
2021,A,0,Benin MICS 2021-22. The survey collected data on school attendance for age 3-24 and educational attainment for age 5 and above. Data extracted on 25 February 2025.,SE_TOT_CPLR,204,M,R,Q4,ISCED11_3,PT,2025-03-05T00:00:00,2021,,13.74879
2006,A,0,Benin MICS 2021-22. The survey collected data on school attendance for age 3-24 and educational attainment for age 5 and above. Data extracted on 25 February 2025.,SE_TOT_CPLR,204,M,R,Q5,ISCED11_1,PT,2025-03-05T00:00:00,2021,,74.57305
2011,A,0,Benin MICS 2021-22. The survey collected data on school attendance for age 3-24 and educational attainment for age 5 and above. Data extracted on 25 February 2025.,SE_TOT_CPLR,204,M,R,Q5,ISCED11_1,PT,2025-03-05T00:00:00,2021,,88.45429
2014,A,0,Benin MICS 2021-22. The survey collected data on school attendance for age 3-24 and educational attainment for age 5 and above. Data extracted on 25 February 2025.,SE_TOT_CPLR,204,M,R,Q5,ISCED11_1,PT,2025-03-05T00:00:00,2021,,89.49543
2017,A,0,Benin MICS 2021-22. The survey collected data on school attendance for age 3-24 and educational attainment for age 5 and above. Data extracted on 25 February 2025.,SE_TOT_CPLR,204,M,R,Q5,ISCED11_1,PT,2025-03-05T00:00:00,2021,,83.94143
2021,A,0,Benin MICS 2021-22. The survey collected data on school attendance for age 3-24 and educational attainment for age 5 and above. Data extracted on 25 February 2025.,SE_TOT_CPLR,204,M,R,Q5,ISCED11_1,PT,2025-03-05T00:00:00,2021,,82.06873
2006,A,0,Benin MICS 2021-22. The survey collected data on school attendance for age 3-24 and educational attainment for age 5 and above. Data extracted on 25 February 2025.,SE_TOT_CPLR,204,M,R,Q5,ISCED11_2,PT,2025-03-05T00:00:00,2021,,52.11562
2011,A,0,Benin MICS 2021-22. The survey collected data on school attendance for age 3-24 and educational attainment for age 5 and above. Data extracted on 25 February 2025.,SE_TOT_CPLR,204,M,R,Q5,ISCED11_2,PT,2025-03-05T00:00:00,2021,,75.35948
2014,A,0,Benin MICS 2021-22. The survey collected data on school attendance for age 3-24 and educational attainment for age 5 and above. Data extracted on 25 February 2025.,SE_TOT_CPLR,204,M,R,Q5,ISCED11_2,PT,2025-03-05T00:00:00,2021,,68.89883
2017,A,0,Benin MICS 2021-22. The survey collected data on school attendance for age 3-24 and educational attainment for age 5 and above. Data extracted on 25 February 2025.,SE_TOT_CPLR,204,M,R,Q5,ISCED11_2,PT,2025-03-05T00:00:00,2021,,41.37621
2021,A,0,Benin MICS 2021-22. The survey collected data on school attendance for age 3-24 and educational attainment for age 5 and above. Data extracted on 25 February 2025.,SE_TOT_CPLR,204,M,R,Q5,ISCED11_2,PT,2025-03-05T00:00:00,2021,,46.57322
2006,A,0,Benin MICS 2021-22. The survey collected data on school attendance for age 3-24 and educational attainment for age 5 and above. Data extracted on 25 February 2025.,SE_TOT_CPLR,204,M,R,Q5,ISCED11_3,PT,2025-03-05T00:00:00,2021,This data point is NOT APPLICABLE for the submitting nation.,17.67101
2011,A,0,Benin MICS 2021-22. The survey collected data on school attendance for age 3-24 and educational attainment for age 5 and above. Data extracted on 25 February 2025.,SE_TOT_CPLR,204,M,R,Q5,ISCED11_3,PT,2025-03-05T00:00:00,2021,This data point is NOT APPLICABLE for the submitting nation.,71.00639
2014,A,0,Benin MICS 2021-22. The survey collected data on school attendance for age 3-24 and educational attainment for age 5 and above. Data extracted on 25 February 2025.,SE_TOT_CPLR,204,M,R,Q5,ISCED11_3,PT,2025-03-05T00:00:00,2021,This data point is NOT APPLICABLE for the submitting nation.,0.0
2017,A,0,Benin MICS 2021-22. The survey collected data on school attendance for age 3-24 and educational attainment for age 5 and above. Data extracted on 25 February 2025.,SE_TOT_CPLR,204,M,R,Q5,ISCED11_3,PT,2025-03-05T00:00:00,2021,This data point is NOT APPLICABLE for the submitting nation.,25.48695
2021,A,0,Benin MICS 2021-22. The survey collected data on school attendance for age 3-24 and educational attainment for age 5 and above. Data extracted on 25 February 2025.,SE_TOT_CPLR,204,M,R,Q5,ISCED11_3,PT,2025-03-05T00:00:00,2021,This data point is NOT APPLICABLE for the submitting nation.,41.54221
2001,A,0,Benin Enquête Harmonisée sur les Conditions de Vie des Ménages (EHCVM) 2021-22. The survey collected data on school attendance and educational attainment for age 3 and above. Data extracted on 25 February 2025.,SE_TOT_CPLR,204,M,U,None,ISCED11_1,PT,2025-03-05T00:00:00,2022,,54.36
2006,A,0,Benin Enquête Harmonisée sur les Conditions de Vie des Ménages (EHCVM) 2021-22. The survey collected data on school attendance and educational attainment for age 3 and above. Data extracted on 25 February 2025.,SE_TOT_CPLR,204,M,U,None,ISCED11_1,PT,2025-03-05T00:00:00,2022,,66.81767
2011,A,0,Benin Enquête Harmonisée sur les Conditions de Vie des Ménages (EHCVM) 2021-22. The survey collected data on school attendance and educational attainment for age 3 and above. Data extracted on 25 February 2025.,SE_TOT_CPLR,204,M,U,None,ISCED11_1,PT,2025-03-05T00:00:00,2022,,72.24677
2014,A,0,Benin Enquête Harmonisée sur les Conditions de Vie des Ménages (EHCVM) 2021-22. The survey collected data on school attendance and educational attainment for age 3 and above. Data extracted on 25 February 2025.,SE_TOT_CPLR,204,M,U,None,ISCED11_1,PT,2025-03-05T00:00:00,2022,,69.59219
2017,A,0,Benin Enquête Harmonisée sur les Conditions de Vie des Ménages (EHCVM) 2021-22. The survey collected data on school attendance and educational attainment for age 3 and above. Data extracted on 25 February 2025.,SE_TOT_CPLR,204,M,U,None,ISCED11_1,PT,2025-03-05T00:00:00,2022,,66.52503
2019,A,0,Benin Enquête Harmonisée sur les Conditions de Vie des Ménages (EHCVM) 2021-22. The survey collected data on school attendance and educational attainment for age 3 and above. Data extracted on 25 February 2025.,SE_TOT_CPLR,204,M,U,None,ISCED11_1,PT,2025-03-05T00:00:00,2022,,64.71225
2021,A,0,Benin Enquête Harmonisée sur les Conditions de Vie des Ménages (EHCVM) 2021-22. The survey collected data on school attendance and educational attainment for age 3 and above. Data extracted on 25 February 2025.,SE_TOT_CPLR,204,M,U,None,ISCED11_1,PT,2025-03-05T00:00:00,2022,,66.56467
2022,A,0,Benin Enquête Harmonisée sur les Conditions de Vie des Ménages (EHCVM) 2021-22. The survey collected data on school attendance and educational attainment for age 3 and above. Data extracted on 25 February 2025.,SE_TOT_CPLR,204,M,U,None,ISCED11_1,PT,2025-03-05T00:00:00,2022,,63.44996
2001,A,0,Benin Enquête Harmonisée sur les Conditions de Vie des Ménages (EHCVM) 2021-22. The survey collected data on school attendance and educational attainment for age 3 and above. Data extracted on 25 February 2025.,SE_TOT_CPLR,204,M,U,None,ISCED11_2,PT,2025-03-05T00:00:00,2022,,28.43
2006,A,0,Benin Enquête Harmonisée sur les Conditions de Vie des Ménages (EHCVM) 2021-22. The survey collected data on school attendance and educational attainment for age 3 and above. Data extracted on 25 February 2025.,SE_TOT_CPLR,204,M,U,None,ISCED11_2,PT,2025-03-05T00:00:00,2022,,45.32951
2011,A,0,Benin Enquête Harmonisée sur les Conditions de Vie des Ménages (EHCVM) 2021-22. The survey collected data on school attendance and educational attainment for age 3 and above. Data extracted on 25 February 2025.,SE_TOT_CPLR,204,M,U,None,ISCED11_2,PT,2025-03-05T00:00:00,2022,,52.0197
2014,A,0,Benin Enquête Harmonisée sur les Conditions de Vie des Ménages (EHCVM) 2021-22. The survey collected data on school attendance and educational attainment for age 3 and above. Data extracted on 25 February 2025.,SE_TOT_CPLR,204,M,U,None,ISCED11_2,PT,2025-03-05T00:00:00,2022,,46.48571
2017,A,0,Benin Enquête Harmonisée sur les Conditions de Vie des Ménages (EHCVM) 2021-22. The survey collected data on school attendance and educational attainment for age 3 and above. Data extracted on 25 February 2025.,SE_TOT_CPLR,204,M,U,None,ISCED11_2,PT,2025-03-05T00:00:00,2022,,39.24681
2019,A,0,Benin Enquête Harmonisée sur les Conditions de Vie des Ménages (EHCVM) 2021-22. The survey collected data on school attendance and educational attainment for age 3 and above. Data extracted on 25 February 2025.,SE_TOT_CPLR,204,M,U,None,ISCED11_2,PT,2025-03-05T00:00:00,2022,,42.55492
2021,A,0,Benin Enquête Harmonisée sur les Conditions de Vie des Ménages (EHCVM) 2021-22. The survey collected data on school attendance and educational attainment for age 3 and above. Data extracted on 25 February 2025.,SE_TOT_CPLR,204,M,U,None,ISCED11_2,PT,2025-03-05T00:00:00,2022,,42.86272
2022,A,0,Benin Enquête Harmonisée sur les Conditions de Vie des Ménages (EHCVM) 2021-22. The survey collected data on school attendance and educational attainment for age 3 and above. Data extracted on 25 February 2025.,SE_TOT_CPLR,204,M,U,None,ISCED11_2,PT,2025-03-05T00:00:00,2022,,43.69836
2001,A,0,Benin Enquête Harmonisée sur les Conditions de Vie des Ménages (EHCVM) 2021-22. The survey collected data on school attendance and educational attainment for age 3 and above. Data extracted on 25 February 2025.,SE_TOT_CPLR,204,M,U,None,ISCED11_3,PT,2025-03-05T00:00:00,2022,,11.27
2006,A,0,Benin Enquête Harmonisée sur les Conditions de Vie des Ménages (EHCVM) 2021-22. The survey collected data on school attendance and educational attainment for age 3 and above. Data extracted on 25 February 2025.,SE_TOT_CPLR,204,M,U,None,ISCED11_3,PT,2025-03-05T00:00:00,2022,,23.31174
2011,A,0,Benin Enquête Harmonisée sur les Conditions de Vie des Ménages (EHCVM) 2021-22. The survey collected data on school attendance and educational attainment for age 3 and above. Data extracted on 25 February 2025.,SE_TOT_CPLR,204,M,U,None,ISCED11_3,PT,2025-03-05T00:00:00,2022,,32.48544
2014,A,0,Benin Enquête Harmonisée sur les Conditions de Vie des Ménages (EHCVM) 2021-22. The survey collected data on school attendance and educational attainment for age 3 and above. Data extracted on 25 February 2025.,SE_TOT_CPLR,204,M,U,None,ISCED11_3,PT,2025-03-05T00:00:00,2022,,22.69027
2017,A,0,Benin Enquête Harmonisée sur les Conditions de Vie des Ménages (EHCVM) 2021-22. The survey collected data on school attendance and educational attainment for age 3 and above. Data extracted on 25 February 2025.,SE_TOT_CPLR,204,M,U,None,ISCED11_3,PT,2025-03-05T00:00:00,2022,,24.386
2019,A,0,Benin Enquête Harmonisée sur les Conditions de Vie des Ménages (EHCVM) 2021-22. The survey collected data on school attendance and educational attainment for age 3 and above. Data extracted on 25 February 2025.,SE_TOT_CPLR,204,M,U,None,ISCED11_3,PT,2025-03-05T00:00:00,2022,,26.6937
2021,A,0,Benin Enquête Harmonisée sur les Conditions de Vie des Ménages (EHCVM) 2021-22. The survey collected data on school attendance and educational attainment for age 3 and above. Data extracted on 25 February 2025.,SE_TOT_CPLR,204,M,U,None,ISCED11_3,PT,2025-03-05T00:00:00,2022,,27.38538
2022,A,0,Benin Enquête Harmonisée sur les Conditions de Vie des Ménages (EHCVM) 2021-22. The survey collected data on school attendance and educational attainment for age 3 and above. Data extracted on 25 February 2025.,SE_TOT_CPLR,204,M,U,None,ISCED11_3,PT,2025-03-05T00:00:00,2022,,23.81641
2006,A,0,Benin MICS 2021-22. The survey collected data on school attendance for age 3-24 and educational attainment for age 5 and above. Data extracted on 25 February 2025.,SE_TOT_CPLR,204,M,U,Q1,ISCED11_1,PT,2025-03-05T00:00:00,2021,,21.68427
2011,A,0,Benin MICS 2021-22. The survey collected data on school attendance for age 3-24 and educational attainment for age 5 and above. Data extracted on 25 February 2025.,SE_TOT_CPLR,204,M,U,Q1,ISCED11_1,PT,2025-03-05T00:00:00,2021,,35.92804
2014,A,0,Benin MICS 2021-22. The survey collected data on school attendance for age 3-24 and educational attainment for age 5 and above. Data extracted on 25 February 2025.,SE_TOT_CPLR,204,M,U,Q1,ISCED11_1,PT,2025-03-05T00:00:00,2021,,36.62048
2017,A,0,Benin MICS 2021-22. The survey collected data on school attendance for age 3-24 and educational attainment for age 5 and above. Data extracted on 25 February 2025.,SE_TOT_CPLR,204,M,U,Q1,ISCED11_1,PT,2025-03-05T00:00:00,2021,,32.67765
2021,A,0,Benin MICS 2021-22. The survey collected data on school attendance for age 3-24 and educational attainment for age 5 and above. Data extracted on 25 February 2025.,SE_TOT_CPLR,204,M,U,Q1,ISCED11_1,PT,2025-03-05T00:00:00,2021,,24.802
2006,A,0,Benin MICS 2021-22. The survey collected data on school attendance for age 3-24 and educational attainment for age 5 and above. Data extracted on 25 February 2025.,SE_TOT_CPLR,204,M,U,Q1,ISCED11_2,PT,2025-03-05T00:00:00,2021,,12.51906
2011,A,0,Benin MICS 2021-22. The survey collected data on school attendance for age 3-24 and educational attainment for age 5 and above. Data extracted on 25 February 2025.,SE_TOT_CPLR,204,M,U,Q1,ISCED11_2,PT,2025-03-05T00:00:00,2021,,8.08152
2014,A,0,Benin MICS 2021-22. The survey collected data on school attendance for age 3-24 and educational attainment for age 5 and above. Data extracted on 25 February 2025.,SE_TOT_CPLR,204,M,U,Q1,ISCED11_2,PT,2025-03-05T00:00:00,2021,,13.6821
2017,A,0,Benin MICS 2021-22. The survey collected data on school attendance for age 3-24 and educational attainment for age 5 and above. Data extracted on 25 February 2025.,SE_TOT_CPLR,204,M,U,Q1,ISCED11_2,PT,2025-03-05T00:00:00,2021,,6.76687
2021,A,0,Benin MICS 2021-22. The survey collected data on school attendance for age 3-24 and educational attainment for age 5 and above. Data extracted on 25 February 2025.,SE_TOT_CPLR,204,M,U,Q1,ISCED11_2,PT,2025-03-05T00:00:00,2021,,14.3743
2006,A,0,Benin MICS 2021-22. The survey collected data on school attendance for age 3-24 and educational attainment for age 5 and above. Data extracted on 25 February 2025.,SE_TOT_CPLR,204,M,U,Q1,ISCED11_3,PT,2025-03-05T00:00:00,2021,This data point is NIL for the submitting nation.,0.0
2011,A,0,Benin MICS 2021-22. The survey collected data on school attendance for age 3-24 and educational attainment for age 5 and above. Data extracted on 25 February 2025.,SE_TOT_CPLR,204,M,U,Q1,ISCED11_3,PT,2025-03-05T00:00:00,2021,This data point is NIL for the submitting nation.,1.94657
2014,A,0,Benin MICS 2021-22. The survey collected data on school attendance for age 3-24 and educational attainment for age 5 and above. Data extracted on 25 February 2025.,SE_TOT_CPLR,204,M,U,Q1,ISCED11_3,PT,2025-03-05T00:00:00,2021,This data point is NIL for the submitting nation.,2.34479
2018,A,0,Benin MICS 2021-22. The survey collected data on school attendance for age 3-24 and educational attainment for age 5 and above. Data extracted on 25 February 2025.,SE_TOT_CPLR,204,M,U,Q1,ISCED11_3,PT,2025-03-05T00:00:00,2021,This data point is NIL for the submitting nation.,3.34
2021,A,0,Benin MICS 2021-22. The survey collected data on school attendance for age 3-24 and educational attainment for age 5 and above. Data extracted on 25 February 2025.,SE_TOT_CPLR,204,M,U,Q1,ISCED11_3,PT,2025-03-05T00:00:00,2021,This data point is NIL for the submitting nation.,8.41249
2006,A,0,Benin MICS 2021-22. The survey collected data on school attendance for age 3-24 and educational attainment for age 5 and above. Data extracted on 25 February 2025.,SE_TOT_CPLR,204,M,U,Q2,ISCED11_1,PT,2025-03-05T00:00:00,2021,,37.64846
2011,A,0,Benin MICS 2021-22. The survey collected data on school attendance for age 3-24 and educational attainment for age 5 and above. Data extracted on 25 February 2025.,SE_TOT_CPLR,204,M,U,Q2,ISCED11_1,PT,2025-03-05T00:00:00,2021,,44.51183
2014,A,0,Benin MICS 2021-22. The survey collected data on school attendance for age 3-24 and educational attainment for age 5 and above. Data extracted on 25 February 2025.,SE_TOT_CPLR,204,M,U,Q2,ISCED11_1,PT,2025-03-05T00:00:00,2021,,58.24218
2017,A,0,Benin MICS 2021-22. The survey collected data on school attendance for age 3-24 and educational attainment for age 5 and above. Data extracted on 25 February 2025.,SE_TOT_CPLR,204,M,U,Q2,ISCED11_1,PT,2025-03-05T00:00:00,2021,,62.20595
2021,A,0,Benin MICS 2021-22. The survey collected data on school attendance for age 3-24 and educational attainment for age 5 and above. Data extracted on 25 February 2025.,SE_TOT_CPLR,204,M,U,Q2,ISCED11_1,PT,2025-03-05T00:00:00,2021,,46.25344
2006,A,0,Benin MICS 2021-22. The survey collected data on school attendance for age 3-24 and educational attainment for age 5 and above. Data extracted on 25 February 2025.,SE_TOT_CPLR,204,M,U,Q2,ISCED11_2,PT,2025-03-05T00:00:00,2021,,16.94887
2011,A,0,Benin MICS 2021-22. The survey collected data on school attendance for age 3-24 and educational attainment for age 5 and above. Data extracted on 25 February 2025.,SE_TOT_CPLR,204,M,U,Q2,ISCED11_2,PT,2025-03-05T00:00:00,2021,,23.60094
2014,A,0,Benin MICS 2021-22. The survey collected data on school attendance for age 3-24 and educational attainment for age 5 and above. Data extracted on 25 February 2025.,SE_TOT_CPLR,204,M,U,Q2,ISCED11_2,PT,2025-03-05T00:00:00,2021,,28.73245
2017,A,0,Benin MICS 2021-22. The survey collected data on school attendance for age 3-24 and educational attainment for age 5 and above. Data extracted on 25 February 2025.,SE_TOT_CPLR,204,M,U,Q2,ISCED11_2,PT,2025-03-05T00:00:00,2021,,22.56946
2021,A,0,Benin MICS 2021-22. The survey collected data on school attendance for age 3-24 and educational attainment for age 5 and above. Data extracted on 25 February 2025.,SE_TOT_CPLR,204,M,U,Q2,ISCED11_2,PT,2025-03-05T00:00:00,2021,,20.68079
2006,A,0,Benin MICS 2021-22. The survey collected data on school attendance for age 3-24 and educational attainment for age 5 and above. Data extracted on 25 February 2025.,SE_TOT_CPLR,204,M,U,Q2,ISCED11_3,PT,2025-03-05T00:00:00,2021,This data point is NIL for the submitting nation.,2.52379
2011,A,0,Benin MICS 2021-22. The survey collected data on school attendance for age 3-24 and educational attainment for age 5 and above. Data extracted on 25 February 2025.,SE_TOT_CPLR,204,M,U,Q2,ISCED11_3,PT,2025-03-05T00:00:00,2021,This data point is NIL for the submitting nation.,7.17489
2014,A,0,Benin MICS 2021-22. The survey collected data on school attendance for age 3-24 and educational attainment for age 5 and above. Data extracted on 25 February 2025.,SE_TOT_CPLR,204,M,U,Q2,ISCED11_3,PT,2025-03-05T00:00:00,2021,This data point is NIL for the submitting nation.,0.0
2017,A,0,Benin MICS 2021-22. The survey collected data on school attendance for age 3-24 and educational attainment for age 5 and above. Data extracted on 25 February 2025.,SE_TOT_CPLR,204,M,U,Q2,ISCED11_3,PT,2025-03-05T00:00:00,2021,This data point is NIL for the submitting nation.,6.72811
2021,A,0,Benin MICS 2021-22. The survey collected data on school attendance for age 3-24 and educational attainment for age 5 and above. Data extracted on 25 February 2025.,SE_TOT_CPLR,204,M,U,Q2,ISCED11_3,PT,2025-03-05T00:00:00,2021,This data point is NIL for the submitting nation.,2.65135
2006,A,0,Benin MICS 2021-22. The survey collected data on school attendance for age 3-24 and educational attainment for age 5 and above. Data extracted on 25 February 2025.,SE_TOT_CPLR,204,M,U,Q3,ISCED11_1,PT,2025-03-05T00:00:00,2021,,45.816
2011,A,0,Benin MICS 2021-22. The survey collected data on school attendance for age 3-24 and educational attainment for age 5 and above. Data extracted on 25 February 2025.,SE_TOT_CPLR,204,M,U,Q3,ISCED11_1,PT,2025-03-05T00:00:00,2021,,54.08484
2014,A,0,Benin MICS 2021-22. The survey collected data on school attendance for age 3-24 and educational attainment for age 5 and above. Data extracted on 25 February 2025.,SE_TOT_CPLR,204,M,U,Q3,ISCED11_1,PT,2025-03-05T00:00:00,2021,,59.38084
2017,A,0,Benin MICS 2021-22. The survey collected data on school attendance for age 3-24 and educational attainment for age 5 and above. Data extracted on 25 February 2025.,SE_TOT_CPLR,204,M,U,Q3,ISCED11_1,PT,2025-03-05T00:00:00,2021,,54.18919
2021,A,0,Benin MICS 2021-22. The survey collected data on school attendance for age 3-24 and educational attainment for age 5 and above. Data extracted on 25 February 2025.,SE_TOT_CPLR,204,M,U,Q3,ISCED11_1,PT,2025-03-05T00:00:00,2021,,52.48501
2006,A,0,Benin MICS 2021-22. The survey collected data on school attendance for age 3-24 and educational attainment for age 5 and above. Data extracted on 25 February 2025.,SE_TOT_CPLR,204,M,U,Q3,ISCED11_2,PT,2025-03-05T00:00:00,2021,,25.42948
2011,A,0,Benin MICS 2021-22. The survey collected data on school attendance for age 3-24 and educational attainment for age 5 and above. Data extracted on 25 February 2025.,SE_TOT_CPLR,204,M,U,Q3,ISCED11_2,PT,2025-03-05T00:00:00,2021,,26.99868
2014,A,0,Benin MICS 2021-22. The survey collected data on school attendance for age 3-24 and educational attainment for age 5 and above. Data extracted on 25 February 2025.,SE_TOT_CPLR,204,M,U,Q3,ISCED11_2,PT,2025-03-05T00:00:00,2021,,29.92964
2017,A,0,Benin MICS 2021-22. The survey collected data on school attendance for age 3-24 and educational attainment for age 5 and above. Data extracted on 25 February 2025.,SE_TOT_CPLR,204,M,U,Q3,ISCED11_2,PT,2025-03-05T00:00:00,2021,,24.66196
2021,A,0,Benin MICS 2021-22. The survey collected data on school attendance for age 3-24 and educational attainment for age 5 and above. Data extracted on 25 February 2025.,SE_TOT_CPLR,204,M,U,Q3,ISCED11_2,PT,2025-03-05T00:00:00,2021,,26.17389
2006,A,0,Benin MICS 2021-22. The survey collected data on school attendance for age 3-24 and educational attainment for age 5 and above. Data extracted on 25 February 2025.,SE_TOT_CPLR,204,M,U,Q3,ISCED11_3,PT,2025-03-05T00:00:00,2021,,4.98886
2011,A,0,Benin MICS 2021-22. The survey collected data on school attendance for age 3-24 and educational attainment for age 5 and above. Data extracted on 25 February 2025.,SE_TOT_CPLR,204,M,U,Q3,ISCED11_3,PT,2025-03-05T00:00:00,2021,,7.68137
2014,A,0,Benin MICS 2021-22. The survey collected data on school attendance for age 3-24 and educational attainment for age 5 and above. Data extracted on 25 February 2025.,SE_TOT_CPLR,204,M,U,Q3,ISCED11_3,PT,2025-03-05T00:00:00,2021,,13.11909
2017,A,0,Benin MICS 2021-22. The survey collected data on school attendance for age 3-24 and educational attainment for age 5 and above. Data extracted on 25 February 2025.,SE_TOT_CPLR,204,M,U,Q3,ISCED11_3,PT,2025-03-05T00:00:00,2021,,8.31647
2021,A,0,Benin MICS 2021-22. The survey collected data on school attendance for age 3-24 and educational attainment for age 5 and above. Data extracted on 25 February 2025.,SE_TOT_CPLR,204,M,U,Q3,ISCED11_3,PT,2025-03-05T00:00:00,2021,,10.09108
2006,A,0,Benin MICS 2021-22. The survey collected data on school attendance for age 3-24 and educational attainment for age 5 and above. Data extracted on 25 February 2025.,SE_TOT_CPLR,204,M,U,Q4,ISCED11_1,PT,2025-03-05T00:00:00,2021,,66.71923
2011,A,0,Benin MICS 2021-22. The survey collected data on school attendance for age 3-24 and educational attainment for age 5 and above. Data extracted on 25 February 2025.,SE_TOT_CPLR,204,M,U,Q4,ISCED11_1,PT,2025-03-05T00:00:00,2021,,78.31559
2014,A,0,Benin MICS 2021-22. The survey collected data on school attendance for age 3-24 and educational attainment for age 5 and above. Data extracted on 25 February 2025.,SE_TOT_CPLR,204,M,U,Q4,ISCED11_1,PT,2025-03-05T00:00:00,2021,,70.08244
2017,A,0,Benin MICS 2021-22. The survey collected data on school attendance for age 3-24 and educational attainment for age 5 and above. Data extracted on 25 February 2025.,SE_TOT_CPLR,204,M,U,Q4,ISCED11_1,PT,2025-03-05T00:00:00,2021,,62.64853
2021,A,0,Benin MICS 2021-22. The survey collected data on school attendance for age 3-24 and educational attainment for age 5 and above. Data extracted on 25 February 2025.,SE_TOT_CPLR,204,M,U,Q4,ISCED11_1,PT,2025-03-05T00:00:00,2021,,69.94835
2006,A,0,Benin MICS 2021-22. The survey collected data on school attendance for age 3-24 and educational attainment for age 5 and above. Data extracted on 25 February 2025.,SE_TOT_CPLR,204,M,U,Q4,ISCED11_2,PT,2025-03-05T00:00:00,2021,,37.06512
2011,A,0,Benin MICS 2021-22. The survey collected data on school attendance for age 3-24 and educational attainment for age 5 and above. Data extracted on 25 February 2025.,SE_TOT_CPLR,204,M,U,Q4,ISCED11_2,PT,2025-03-05T00:00:00,2021,,48.08555
2014,A,0,Benin MICS 2021-22. The survey collected data on school attendance for age 3-24 and educational attainment for age 5 and above. Data extracted on 25 February 2025.,SE_TOT_CPLR,204,M,U,Q4,ISCED11_2,PT,2025-03-05T00:00:00,2021,,42.25576
2017,A,0,Benin MICS 2021-22. The survey collected data on school attendance for age 3-24 and educational attainment for age 5 and above. Data extracted on 25 February 2025.,SE_TOT_CPLR,204,M,U,Q4,ISCED11_2,PT,2025-03-05T00:00:00,2021,,32.83613
2021,A,0,Benin MICS 2021-22. The survey collected data on school attendance for age 3-24 and educational attainment for age 5 and above. Data extracted on 25 February 2025.,SE_TOT_CPLR,204,M,U,Q4,ISCED11_2,PT,2025-03-05T00:00:00,2021,,39.06935
2006,A,0,Benin MICS 2021-22. The survey collected data on school attendance for age 3-24 and educational attainment for age 5 and above. Data extracted on 25 February 2025.,SE_TOT_CPLR,204,M,U,Q4,ISCED11_3,PT,2025-03-05T00:00:00,2021,,12.66007
2011,A,0,Benin MICS 2021-22. The survey collected data on school attendance for age 3-24 and educational attainment for age 5 and above. Data extracted on 25 February 2025.,SE_TOT_CPLR,204,M,U,Q4,ISCED11_3,PT,2025-03-05T00:00:00,2021,,15.42391
2014,A,0,Benin MICS 2021-22. The survey collected data on school attendance for age 3-24 and educational attainment for age 5 and above. Data extracted on 25 February 2025.,SE_TOT_CPLR,204,M,U,Q4,ISCED11_3,PT,2025-03-05T00:00:00,2021,,14.1589
2017,A,0,Benin MICS 2021-22. The survey collected data on school attendance for age 3-24 and educational attainment for age 5 and above. Data extracted on 25 February 2025.,SE_TOT_CPLR,204,M,U,Q4,ISCED11_3,PT,2025-03-05T00:00:00,2021,,11.71662
2021,A,0,Benin MICS 2021-22. The survey collected data on school attendance for age 3-24 and educational attainment for age 5 and above. Data extracted on 25 February 2025.,SE_TOT_CPLR,204,M,U,Q4,ISCED11_3,PT,2025-03-05T00:00:00,2021,,21.85679
2006,A,0,Benin MICS 2021-22. The survey collected data on school attendance for age 3-24 and educational attainment for age 5 and above. Data extracted on 25 February 2025.,SE_TOT_CPLR,204,M,U,Q5,ISCED11_1,PT,2025-03-05T00:00:00,2021,,83.49175
2011,A,0,Benin MICS 2021-22. The survey collected data on school attendance for age 3-24 and educational attainment for age 5 and above. Data extracted on 25 February 2025.,SE_TOT_CPLR,204,M,U,Q5,ISCED11_1,PT,2025-03-05T00:00:00,2021,,86.3812
2014,A,0,Benin MICS 2021-22. The survey collected data on school attendance for age 3-24 and educational attainment for age 5 and above. Data extracted on 25 February 2025.,SE_TOT_CPLR,204,M,U,Q5,ISCED11_1,PT,2025-03-05T00:00:00,2021,,87.7094
2017,A,0,Benin MICS 2021-22. The survey collected data on school attendance for age 3-24 and educational attainment for age 5 and above. Data extracted on 25 February 2025.,SE_TOT_CPLR,204,M,U,Q5,ISCED11_1,PT,2025-03-05T00:00:00,2021,,87.30436
2021,A,0,Benin MICS 2021-22. The survey collected data on school attendance for age 3-24 and educational attainment for age 5 and above. Data extracted on 25 February 2025.,SE_TOT_CPLR,204,M,U,Q5,ISCED11_1,PT,2025-03-05T00:00:00,2021,,84.15571
2006,A,0,Benin MICS 2021-22. The survey collected data on school attendance for age 3-24 and educational attainment for age 5 and above. Data extracted on 25 February 2025.,SE_TOT_CPLR,204,M,U,Q5,ISCED11_2,PT,2025-03-05T00:00:00,2021,,59.33741
2011,A,0,Benin MICS 2021-22. The survey collected data on school attendance for age 3-24 and educational attainment for age 5 and above. Data extracted on 25 February 2025.,SE_TOT_CPLR,204,M,U,Q5,ISCED11_2,PT,2025-03-05T00:00:00,2021,,70.67791
2014,A,0,Benin MICS 2021-22. The survey collected data on school attendance for age 3-24 and educational attainment for age 5 and above. Data extracted on 25 February 2025.,SE_TOT_CPLR,204,M,U,Q5,ISCED11_2,PT,2025-03-05T00:00:00,2021,,67.4671
2017,A,0,Benin MICS 2021-22. The survey collected data on school attendance for age 3-24 and educational attainment for age 5 and above. Data extracted on 25 February 2025.,SE_TOT_CPLR,204,M,U,Q5,ISCED11_2,PT,2025-03-05T00:00:00,2021,,61.39352
2021,A,0,Benin MICS 2021-22. The survey collected data on school attendance for age 3-24 and educational attainment for age 5 and above. Data extracted on 25 February 2025.,SE_TOT_CPLR,204,M,U,Q5,ISCED11_2,PT,2025-03-05T00:00:00,2021,,61.94467
2006,A,0,Benin MICS 2021-22. The survey collected data on school attendance for age 3-24 and educational attainment for age 5 and above. Data extracted on 25 February 2025.,SE_TOT_CPLR,204,M,U,Q5,ISCED11_3,PT,2025-03-05T00:00:00,2021,,35.20039
2011,A,0,Benin MICS 2021-22. The survey collected data on school attendance for age 3-24 and educational attainment for age 5 and above. Data extracted on 25 February 2025.,SE_TOT_CPLR,204,M,U,Q5,ISCED11_3,PT,2025-03-05T00:00:00,2021,,49.84309
2014,A,0,Benin MICS 2021-22. The survey collected data on school attendance for age 3-24 and educational attainment for age 5 and above. Data extracted on 25 February 2025.,SE_TOT_CPLR,204,M,U,Q5,ISCED11_3,PT,2025-03-05T00:00:00,2021,,39.25511
2017,A,0,Benin MICS 2021-22. The survey collected data on school attendance for age 3-24 and educational attainment for age 5 and above. Data extracted on 25 February 2025.,SE_TOT_CPLR,204,M,U,Q5,ISCED11_3,PT,2025-03-05T00:00:00,2021,,40.48159
2021,A,0,Benin MICS 2021-22. The survey collected data on school attendance for age 3-24 and educational attainment for age 5 and above. Data extracted on 25 February 2025.,SE_TOT_CPLR,204,M,U,Q5,ISCED11_3,PT,2025-03-05T00:00:00,2021,,44.92351
