Year,OBS_STATUS,UNIT_MULT,SOURCE_DETAIL,SERIES,REF_AREA,PRODUCT,UNIT_MEASURE,DATA_LAST_UPDATE,TIME_DETAIL,BASE_PER,Value
2000,A,0,WESR / Global Material Flows Database,EN_MAT_DOMCMPC,204,None,T,2025-03-21T00:00:00,2023,,4.10597
2001,A,0,WESR / Global Material Flows Database,EN_MAT_DOMCMPC,204,None,T,2025-03-21T00:00:00,2023,,4.55563
2002,A,0,WESR / Global Material Flows Database,EN_MAT_DOMCMPC,204,None,T,2025-03-21T00:00:00,2023,,4.51474
2003,A,0,WESR / Global Material Flows Database,EN_MAT_DOMCMPC,204,None,T,2025-03-21T00:00:00,2023,,4.43894
2004,A,0,WESR / Global Material Flows Database,EN_MAT_DOMCMPC,204,None,T,2025-03-21T00:00:00,2023,,4.18415
2005,A,0,WESR / Global Material Flows Database,EN_MAT_DOMCMPC,204,None,T,2025-03-21T00:00:00,2023,,4.06968
2006,A,0,WESR / Global Material Flows Database,EN_MAT_DOMCMPC,204,None,T,2025-03-21T00:00:00,2023,,4.70823
2007,A,0,WESR / Global Material Flows Database,EN_MAT_DOMCMPC,204,None,T,2025-03-21T00:00:00,2023,,4.63843
2008,A,0,WESR / Global Material Flows Database,EN_MAT_DOMCMPC,204,None,T,2025-03-21T00:00:00,2023,,4.87445
2009,A,0,WESR / Global Material Flows Database,EN_MAT_DOMCMPC,204,None,T,2025-03-21T00:00:00,2023,,5.00356
2010,A,0,WESR / Global Material Flows Database,EN_MAT_DOMCMPC,204,None,T,2025-03-21T00:00:00,2023,,4.81438
2011,A,0,WESR / Global Material Flows Database,EN_MAT_DOMCMPC,204,None,T,2025-03-21T00:00:00,2023,,5.11446
2012,A,0,WESR / Global Material Flows Database,EN_MAT_DOMCMPC,204,None,T,2025-03-21T00:00:00,2023,,5.09847
2013,A,0,WESR / Global Material Flows Database,EN_MAT_DOMCMPC,204,None,T,2025-03-21T00:00:00,2023,,5.15828
2014,A,0,WESR / Global Material Flows Database,EN_MAT_DOMCMPC,204,None,T,2025-03-21T00:00:00,2023,,4.80716
2015,A,0,WESR / Global Material Flows Database,EN_MAT_DOMCMPC,204,None,T,2025-03-21T00:00:00,2023,,4.31183
2016,A,0,WESR / Global Material Flows Database,EN_MAT_DOMCMPC,204,None,T,2025-03-21T00:00:00,2023,,4.37154
2017,A,0,WESR / Global Material Flows Database,EN_MAT_DOMCMPC,204,None,T,2025-03-21T00:00:00,2023,,4.62141
2018,A,0,WESR / Global Material Flows Database,EN_MAT_DOMCMPC,204,None,T,2025-03-21T00:00:00,2023,,4.64951
2019,A,0,WESR / Global Material Flows Database,EN_MAT_DOMCMPC,204,None,T,2025-03-21T00:00:00,2023,,4.65542
2020,A,0,WESR / Global Material Flows Database,EN_MAT_DOMCMPC,204,None,T,2025-03-21T00:00:00,2023,,4.40443
2021,A,0,WESR / Global Material Flows Database,EN_MAT_DOMCMPC,204,None,T,2025-03-21T00:00:00,2023,,4.4679
2022,A,0,WESR / Global Material Flows Database,EN_MAT_DOMCMPC,204,None,T,2025-03-21T00:00:00,2023,,4.43001
2023,A,0,WESR / Global Material Flows Database,EN_MAT_DOMCMPC,204,None,T,2025-03-21T00:00:00,2023,,4.29387
2000,A,0,WESR / Global Material Flows Database,EN_MAT_DOMCMPC,204,MF_AGG3A,T,2025-03-21T00:00:00,2023,,0.80346
2001,A,0,WESR / Global Material Flows Database,EN_MAT_DOMCMPC,204,MF_AGG3A,T,2025-03-21T00:00:00,2023,,1.22701
2002,A,0,WESR / Global Material Flows Database,EN_MAT_DOMCMPC,204,MF_AGG3A,T,2025-03-21T00:00:00,2023,,0.93758
2003,A,0,WESR / Global Material Flows Database,EN_MAT_DOMCMPC,204,MF_AGG3A,T,2025-03-21T00:00:00,2023,,0.99706
2004,A,0,WESR / Global Material Flows Database,EN_MAT_DOMCMPC,204,MF_AGG3A,T,2025-03-21T00:00:00,2023,,0.75481
2005,A,0,WESR / Global Material Flows Database,EN_MAT_DOMCMPC,204,MF_AGG3A,T,2025-03-21T00:00:00,2023,,0.83351
2006,A,0,WESR / Global Material Flows Database,EN_MAT_DOMCMPC,204,MF_AGG3A,T,2025-03-21T00:00:00,2023,,1.59853
2007,A,0,WESR / Global Material Flows Database,EN_MAT_DOMCMPC,204,MF_AGG3A,T,2025-03-21T00:00:00,2023,,1.57533
2008,A,0,WESR / Global Material Flows Database,EN_MAT_DOMCMPC,204,MF_AGG3A,T,2025-03-21T00:00:00,2023,,1.52761
2009,A,0,WESR / Global Material Flows Database,EN_MAT_DOMCMPC,204,MF_AGG3A,T,2025-03-21T00:00:00,2023,,1.50095
2010,A,0,WESR / Global Material Flows Database,EN_MAT_DOMCMPC,204,MF_AGG3A,T,2025-03-21T00:00:00,2023,,1.4734
2011,A,0,WESR / Global Material Flows Database,EN_MAT_DOMCMPC,204,MF_AGG3A,T,2025-03-21T00:00:00,2023,,1.59005
2012,A,0,WESR / Global Material Flows Database,EN_MAT_DOMCMPC,204,MF_AGG3A,T,2025-03-21T00:00:00,2023,,1.61973
2013,A,0,WESR / Global Material Flows Database,EN_MAT_DOMCMPC,204,MF_AGG3A,T,2025-03-21T00:00:00,2023,,1.52781
2014,A,0,WESR / Global Material Flows Database,EN_MAT_DOMCMPC,204,MF_AGG3A,T,2025-03-21T00:00:00,2023,,1.17771
2015,A,0,WESR / Global Material Flows Database,EN_MAT_DOMCMPC,204,MF_AGG3A,T,2025-03-21T00:00:00,2023,,1.04937
2016,A,0,WESR / Global Material Flows Database,EN_MAT_DOMCMPC,204,MF_AGG3A,T,2025-03-21T00:00:00,2023,,0.83667
2017,A,0,WESR / Global Material Flows Database,EN_MAT_DOMCMPC,204,MF_AGG3A,T,2025-03-21T00:00:00,2023,,0.98731
2018,A,0,WESR / Global Material Flows Database,EN_MAT_DOMCMPC,204,MF_AGG3A,T,2025-03-21T00:00:00,2023,,0.99124
2019,A,0,WESR / Global Material Flows Database,EN_MAT_DOMCMPC,204,MF_AGG3A,T,2025-03-21T00:00:00,2023,,0.9905
2020,A,0,WESR / Global Material Flows Database,EN_MAT_DOMCMPC,204,MF_AGG3A,T,2025-03-21T00:00:00,2023,,0.94797
2021,A,0,WESR / Global Material Flows Database,EN_MAT_DOMCMPC,204,MF_AGG3A,T,2025-03-21T00:00:00,2023,,0.97726
2022,A,0,WESR / Global Material Flows Database,EN_MAT_DOMCMPC,204,MF_AGG3A,T,2025-03-21T00:00:00,2023,,0.98463
2023,A,0,WESR / Global Material Flows Database,EN_MAT_DOMCMPC,204,MF_AGG3A,T,2025-03-21T00:00:00,2023,,0.9683
2000,A,0,WESR / Global Material Flows Database,EN_MAT_DOMCMPC,204,MF_AGG3B,T,2025-03-21T00:00:00,2023,,0.01188
2001,A,0,WESR / Global Material Flows Database,EN_MAT_DOMCMPC,204,MF_AGG3B,T,2025-03-21T00:00:00,2023,,0.01103
2002,A,0,WESR / Global Material Flows Database,EN_MAT_DOMCMPC,204,MF_AGG3B,T,2025-03-21T00:00:00,2023,,0.02021
2003,A,0,WESR / Global Material Flows Database,EN_MAT_DOMCMPC,204,MF_AGG3B,T,2025-03-21T00:00:00,2023,,0.01016
2004,A,0,WESR / Global Material Flows Database,EN_MAT_DOMCMPC,204,MF_AGG3B,T,2025-03-21T00:00:00,2023,,0.01205
2005,A,0,WESR / Global Material Flows Database,EN_MAT_DOMCMPC,204,MF_AGG3B,T,2025-03-21T00:00:00,2023,,0.00493
2006,A,0,WESR / Global Material Flows Database,EN_MAT_DOMCMPC,204,MF_AGG3B,T,2025-03-21T00:00:00,2023,,0.00488
2007,A,0,WESR / Global Material Flows Database,EN_MAT_DOMCMPC,204,MF_AGG3B,T,2025-03-21T00:00:00,2023,,0.00575
2008,A,0,WESR / Global Material Flows Database,EN_MAT_DOMCMPC,204,MF_AGG3B,T,2025-03-21T00:00:00,2023,,0.00558
2009,A,0,WESR / Global Material Flows Database,EN_MAT_DOMCMPC,204,MF_AGG3B,T,2025-03-21T00:00:00,2023,,0.00971
2010,A,0,WESR / Global Material Flows Database,EN_MAT_DOMCMPC,204,MF_AGG3B,T,2025-03-21T00:00:00,2023,,0.00743
2011,A,0,WESR / Global Material Flows Database,EN_MAT_DOMCMPC,204,MF_AGG3B,T,2025-03-21T00:00:00,2023,,0.00933
2012,A,0,WESR / Global Material Flows Database,EN_MAT_DOMCMPC,204,MF_AGG3B,T,2025-03-21T00:00:00,2023,,0.00572
2013,A,0,WESR / Global Material Flows Database,EN_MAT_DOMCMPC,204,MF_AGG3B,T,2025-03-21T00:00:00,2023,,0.00507
2014,A,0,WESR / Global Material Flows Database,EN_MAT_DOMCMPC,204,MF_AGG3B,T,2025-03-21T00:00:00,2023,,0.01583
2015,A,0,WESR / Global Material Flows Database,EN_MAT_DOMCMPC,204,MF_AGG3B,T,2025-03-21T00:00:00,2023,,0.00665
2016,A,0,WESR / Global Material Flows Database,EN_MAT_DOMCMPC,204,MF_AGG3B,T,2025-03-21T00:00:00,2023,,0.01031
2017,A,0,WESR / Global Material Flows Database,EN_MAT_DOMCMPC,204,MF_AGG3B,T,2025-03-21T00:00:00,2023,,0.00482
2018,A,0,WESR / Global Material Flows Database,EN_MAT_DOMCMPC,204,MF_AGG3B,T,2025-03-21T00:00:00,2023,,0.02429
2019,A,0,WESR / Global Material Flows Database,EN_MAT_DOMCMPC,204,MF_AGG3B,T,2025-03-21T00:00:00,2023,,0.02599
2020,A,0,WESR / Global Material Flows Database,EN_MAT_DOMCMPC,204,MF_AGG3B,T,2025-03-21T00:00:00,2023,,0.02447
2021,A,0,WESR / Global Material Flows Database,EN_MAT_DOMCMPC,204,MF_AGG3B,T,2025-03-21T00:00:00,2023,,0.02521
2022,A,0,WESR / Global Material Flows Database,EN_MAT_DOMCMPC,204,MF_AGG3B,T,2025-03-21T00:00:00,2023,,0.02542
2023,A,0,WESR / Global Material Flows Database,EN_MAT_DOMCMPC,204,MF_AGG3B,T,2025-03-21T00:00:00,2023,,0.02501
2000,A,0,WESR / Global Material Flows Database,EN_MAT_DOMCMPC,204,MF1,T,2025-03-21T00:00:00,2023,,3.07913
2001,A,0,WESR / Global Material Flows Database,EN_MAT_DOMCMPC,204,MF1,T,2025-03-21T00:00:00,2023,,3.07839
2002,A,0,WESR / Global Material Flows Database,EN_MAT_DOMCMPC,204,MF1,T,2025-03-21T00:00:00,2023,,3.31755
2003,A,0,WESR / Global Material Flows Database,EN_MAT_DOMCMPC,204,MF1,T,2025-03-21T00:00:00,2023,,3.16817
2004,A,0,WESR / Global Material Flows Database,EN_MAT_DOMCMPC,204,MF1,T,2025-03-21T00:00:00,2023,,3.18282
2005,A,0,WESR / Global Material Flows Database,EN_MAT_DOMCMPC,204,MF1,T,2025-03-21T00:00:00,2023,,2.98961
2006,A,0,WESR / Global Material Flows Database,EN_MAT_DOMCMPC,204,MF1,T,2025-03-21T00:00:00,2023,,2.86539
2007,A,0,WESR / Global Material Flows Database,EN_MAT_DOMCMPC,204,MF1,T,2025-03-21T00:00:00,2023,,2.75018
2008,A,0,WESR / Global Material Flows Database,EN_MAT_DOMCMPC,204,MF1,T,2025-03-21T00:00:00,2023,,3.07003
2009,A,0,WESR / Global Material Flows Database,EN_MAT_DOMCMPC,204,MF1,T,2025-03-21T00:00:00,2023,,3.19434
2010,A,0,WESR / Global Material Flows Database,EN_MAT_DOMCMPC,204,MF1,T,2025-03-21T00:00:00,2023,,3.00223
2011,A,0,WESR / Global Material Flows Database,EN_MAT_DOMCMPC,204,MF1,T,2025-03-21T00:00:00,2023,,3.18287
2012,A,0,WESR / Global Material Flows Database,EN_MAT_DOMCMPC,204,MF1,T,2025-03-21T00:00:00,2023,,3.14346
2013,A,0,WESR / Global Material Flows Database,EN_MAT_DOMCMPC,204,MF1,T,2025-03-21T00:00:00,2023,,3.30251
2014,A,0,WESR / Global Material Flows Database,EN_MAT_DOMCMPC,204,MF1,T,2025-03-21T00:00:00,2023,,3.32261
2015,A,0,WESR / Global Material Flows Database,EN_MAT_DOMCMPC,204,MF1,T,2025-03-21T00:00:00,2023,,2.97164
2016,A,0,WESR / Global Material Flows Database,EN_MAT_DOMCMPC,204,MF1,T,2025-03-21T00:00:00,2023,,3.20756
2017,A,0,WESR / Global Material Flows Database,EN_MAT_DOMCMPC,204,MF1,T,2025-03-21T00:00:00,2023,,3.28326
2018,A,0,WESR / Global Material Flows Database,EN_MAT_DOMCMPC,204,MF1,T,2025-03-21T00:00:00,2023,,3.27439
2019,A,0,WESR / Global Material Flows Database,EN_MAT_DOMCMPC,204,MF1,T,2025-03-21T00:00:00,2023,,3.29838
2020,A,0,WESR / Global Material Flows Database,EN_MAT_DOMCMPC,204,MF1,T,2025-03-21T00:00:00,2023,,3.09026
2021,A,0,WESR / Global Material Flows Database,EN_MAT_DOMCMPC,204,MF1,T,2025-03-21T00:00:00,2023,,3.11174
2022,A,0,WESR / Global Material Flows Database,EN_MAT_DOMCMPC,204,MF1,T,2025-03-21T00:00:00,2023,,3.07029
2023,A,0,WESR / Global Material Flows Database,EN_MAT_DOMCMPC,204,MF1,T,2025-03-21T00:00:00,2023,,2.96198
2000,A,0,WESR / Global Material Flows Database,EN_MAT_DOMCMPC,204,MF11,T,2025-03-21T00:00:00,2023,,0.91159
2001,A,0,WESR / Global Material Flows Database,EN_MAT_DOMCMPC,204,MF11,T,2025-03-21T00:00:00,2023,,0.93739
2002,A,0,WESR / Global Material Flows Database,EN_MAT_DOMCMPC,204,MF11,T,2025-03-21T00:00:00,2023,,1.07174
2003,A,0,WESR / Global Material Flows Database,EN_MAT_DOMCMPC,204,MF11,T,2025-03-21T00:00:00,2023,,1.0094
2004,A,0,WESR / Global Material Flows Database,EN_MAT_DOMCMPC,204,MF11,T,2025-03-21T00:00:00,2023,,1.02388
2005,A,0,WESR / Global Material Flows Database,EN_MAT_DOMCMPC,204,MF11,T,2025-03-21T00:00:00,2023,,0.95768
2006,A,0,WESR / Global Material Flows Database,EN_MAT_DOMCMPC,204,MF11,T,2025-03-21T00:00:00,2023,,0.91493
2007,A,0,WESR / Global Material Flows Database,EN_MAT_DOMCMPC,204,MF11,T,2025-03-21T00:00:00,2023,,0.83862
2008,A,0,WESR / Global Material Flows Database,EN_MAT_DOMCMPC,204,MF11,T,2025-03-21T00:00:00,2023,,1.03953
2009,A,0,WESR / Global Material Flows Database,EN_MAT_DOMCMPC,204,MF11,T,2025-03-21T00:00:00,2023,,1.08799
2010,A,0,WESR / Global Material Flows Database,EN_MAT_DOMCMPC,204,MF11,T,2025-03-21T00:00:00,2023,,0.99399
2011,A,0,WESR / Global Material Flows Database,EN_MAT_DOMCMPC,204,MF11,T,2025-03-21T00:00:00,2023,,1.13514
2012,A,0,WESR / Global Material Flows Database,EN_MAT_DOMCMPC,204,MF11,T,2025-03-21T00:00:00,2023,,1.11346
2013,A,0,WESR / Global Material Flows Database,EN_MAT_DOMCMPC,204,MF11,T,2025-03-21T00:00:00,2023,,1.22823
2014,A,0,WESR / Global Material Flows Database,EN_MAT_DOMCMPC,204,MF11,T,2025-03-21T00:00:00,2023,,1.24627
2015,A,0,WESR / Global Material Flows Database,EN_MAT_DOMCMPC,204,MF11,T,2025-03-21T00:00:00,2023,,1.04961
2016,A,0,WESR / Global Material Flows Database,EN_MAT_DOMCMPC,204,MF11,T,2025-03-21T00:00:00,2023,,1.19263
2017,A,0,WESR / Global Material Flows Database,EN_MAT_DOMCMPC,204,MF11,T,2025-03-21T00:00:00,2023,,1.24222
2018,A,0,WESR / Global Material Flows Database,EN_MAT_DOMCMPC,204,MF11,T,2025-03-21T00:00:00,2023,,1.19494
2019,A,0,WESR / Global Material Flows Database,EN_MAT_DOMCMPC,204,MF11,T,2025-03-21T00:00:00,2023,,1.2277
2020,A,0,WESR / Global Material Flows Database,EN_MAT_DOMCMPC,204,MF11,T,2025-03-21T00:00:00,2023,,1.08264
2021,A,0,WESR / Global Material Flows Database,EN_MAT_DOMCMPC,204,MF11,T,2025-03-21T00:00:00,2023,,1.12784
2022,A,0,WESR / Global Material Flows Database,EN_MAT_DOMCMPC,204,MF11,T,2025-03-21T00:00:00,2023,,1.12044
2023,A,0,WESR / Global Material Flows Database,EN_MAT_DOMCMPC,204,MF11,T,2025-03-21T00:00:00,2023,,1.0866
2000,A,0,WESR / Global Material Flows Database,EN_MAT_DOMCMPC,204,MF121,T,2025-03-21T00:00:00,2023,,1.02602
2001,A,0,WESR / Global Material Flows Database,EN_MAT_DOMCMPC,204,MF121,T,2025-03-21T00:00:00,2023,,1.01137
2002,A,0,WESR / Global Material Flows Database,EN_MAT_DOMCMPC,204,MF121,T,2025-03-21T00:00:00,2023,,1.12896
2003,A,0,WESR / Global Material Flows Database,EN_MAT_DOMCMPC,204,MF121,T,2025-03-21T00:00:00,2023,,1.06311
2004,A,0,WESR / Global Material Flows Database,EN_MAT_DOMCMPC,204,MF121,T,2025-03-21T00:00:00,2023,,1.08664
2005,A,0,WESR / Global Material Flows Database,EN_MAT_DOMCMPC,204,MF121,T,2025-03-21T00:00:00,2023,,0.98758
2006,A,0,WESR / Global Material Flows Database,EN_MAT_DOMCMPC,204,MF121,T,2025-03-21T00:00:00,2023,,0.89845
2007,A,0,WESR / Global Material Flows Database,EN_MAT_DOMCMPC,204,MF121,T,2025-03-21T00:00:00,2023,,0.88047
2008,A,0,WESR / Global Material Flows Database,EN_MAT_DOMCMPC,204,MF121,T,2025-03-21T00:00:00,2023,,1.01166
2009,A,0,WESR / Global Material Flows Database,EN_MAT_DOMCMPC,204,MF121,T,2025-03-21T00:00:00,2023,,1.09751
2010,A,0,WESR / Global Material Flows Database,EN_MAT_DOMCMPC,204,MF121,T,2025-03-21T00:00:00,2023,,1.01473
2011,A,0,WESR / Global Material Flows Database,EN_MAT_DOMCMPC,204,MF121,T,2025-03-21T00:00:00,2023,,1.07718
2012,A,0,WESR / Global Material Flows Database,EN_MAT_DOMCMPC,204,MF121,T,2025-03-21T00:00:00,2023,,1.0714
2013,A,0,WESR / Global Material Flows Database,EN_MAT_DOMCMPC,204,MF121,T,2025-03-21T00:00:00,2023,,1.1297
2014,A,0,WESR / Global Material Flows Database,EN_MAT_DOMCMPC,204,MF121,T,2025-03-21T00:00:00,2023,,1.14398
2015,A,0,WESR / Global Material Flows Database,EN_MAT_DOMCMPC,204,MF121,T,2025-03-21T00:00:00,2023,,1.00624
2016,A,0,WESR / Global Material Flows Database,EN_MAT_DOMCMPC,204,MF121,T,2025-03-21T00:00:00,2023,,1.09606
2017,A,0,WESR / Global Material Flows Database,EN_MAT_DOMCMPC,204,MF121,T,2025-03-21T00:00:00,2023,,1.13632
2018,A,0,WESR / Global Material Flows Database,EN_MAT_DOMCMPC,204,MF121,T,2025-03-21T00:00:00,2023,,1.18867
2019,A,0,WESR / Global Material Flows Database,EN_MAT_DOMCMPC,204,MF121,T,2025-03-21T00:00:00,2023,,1.1894
2020,A,0,WESR / Global Material Flows Database,EN_MAT_DOMCMPC,204,MF121,T,2025-03-21T00:00:00,2023,,1.13451
2021,A,0,WESR / Global Material Flows Database,EN_MAT_DOMCMPC,204,MF121,T,2025-03-21T00:00:00,2023,,1.13016
2022,A,0,WESR / Global Material Flows Database,EN_MAT_DOMCMPC,204,MF121,T,2025-03-21T00:00:00,2023,,1.1226
2023,A,0,WESR / Global Material Flows Database,EN_MAT_DOMCMPC,204,MF121,T,2025-03-21T00:00:00,2023,,1.09441
2000,A,0,WESR / Global Material Flows Database,EN_MAT_DOMCMPC,204,MF122,T,2025-03-21T00:00:00,2023,,0.52262
2001,A,0,WESR / Global Material Flows Database,EN_MAT_DOMCMPC,204,MF122,T,2025-03-21T00:00:00,2023,,0.5248
2002,A,0,WESR / Global Material Flows Database,EN_MAT_DOMCMPC,204,MF122,T,2025-03-21T00:00:00,2023,,0.52253
2003,A,0,WESR / Global Material Flows Database,EN_MAT_DOMCMPC,204,MF122,T,2025-03-21T00:00:00,2023,,0.51636
2004,A,0,WESR / Global Material Flows Database,EN_MAT_DOMCMPC,204,MF122,T,2025-03-21T00:00:00,2023,,0.51378
2005,A,0,WESR / Global Material Flows Database,EN_MAT_DOMCMPC,204,MF122,T,2025-03-21T00:00:00,2023,,0.49978
2006,A,0,WESR / Global Material Flows Database,EN_MAT_DOMCMPC,204,MF122,T,2025-03-21T00:00:00,2023,,0.50874
2007,A,0,WESR / Global Material Flows Database,EN_MAT_DOMCMPC,204,MF122,T,2025-03-21T00:00:00,2023,,0.50684
2008,A,0,WESR / Global Material Flows Database,EN_MAT_DOMCMPC,204,MF122,T,2025-03-21T00:00:00,2023,,0.50452
2009,A,0,WESR / Global Material Flows Database,EN_MAT_DOMCMPC,204,MF122,T,2025-03-21T00:00:00,2023,,0.50376
2010,A,0,WESR / Global Material Flows Database,EN_MAT_DOMCMPC,204,MF122,T,2025-03-21T00:00:00,2023,,0.50164
2011,A,0,WESR / Global Material Flows Database,EN_MAT_DOMCMPC,204,MF122,T,2025-03-21T00:00:00,2023,,0.49968
2012,A,0,WESR / Global Material Flows Database,EN_MAT_DOMCMPC,204,MF122,T,2025-03-21T00:00:00,2023,,0.49756
2013,A,0,WESR / Global Material Flows Database,EN_MAT_DOMCMPC,204,MF122,T,2025-03-21T00:00:00,2023,,0.49565
2014,A,0,WESR / Global Material Flows Database,EN_MAT_DOMCMPC,204,MF122,T,2025-03-21T00:00:00,2023,,0.49352
2015,A,0,WESR / Global Material Flows Database,EN_MAT_DOMCMPC,204,MF122,T,2025-03-21T00:00:00,2023,,0.49136
2016,A,0,WESR / Global Material Flows Database,EN_MAT_DOMCMPC,204,MF122,T,2025-03-21T00:00:00,2023,,0.48915
2017,A,0,WESR / Global Material Flows Database,EN_MAT_DOMCMPC,204,MF122,T,2025-03-21T00:00:00,2023,,0.48704
2018,A,0,WESR / Global Material Flows Database,EN_MAT_DOMCMPC,204,MF122,T,2025-03-21T00:00:00,2023,,0.48498
2019,A,0,WESR / Global Material Flows Database,EN_MAT_DOMCMPC,204,MF122,T,2025-03-21T00:00:00,2023,,0.48316
2020,A,0,WESR / Global Material Flows Database,EN_MAT_DOMCMPC,204,MF122,T,2025-03-21T00:00:00,2023,,0.48166
2021,A,0,WESR / Global Material Flows Database,EN_MAT_DOMCMPC,204,MF122,T,2025-03-21T00:00:00,2023,,0.4743
2022,A,0,WESR / Global Material Flows Database,EN_MAT_DOMCMPC,204,MF122,T,2025-03-21T00:00:00,2023,,0.46841
2023,A,0,WESR / Global Material Flows Database,EN_MAT_DOMCMPC,204,MF122,T,2025-03-21T00:00:00,2023,,0.4502
2000,A,0,WESR / Global Material Flows Database,EN_MAT_DOMCMPC,204,MF13,T,2025-03-21T00:00:00,2023,,0.61161
2001,A,0,WESR / Global Material Flows Database,EN_MAT_DOMCMPC,204,MF13,T,2025-03-21T00:00:00,2023,,0.59836
2002,A,0,WESR / Global Material Flows Database,EN_MAT_DOMCMPC,204,MF13,T,2025-03-21T00:00:00,2023,,0.58658
2003,A,0,WESR / Global Material Flows Database,EN_MAT_DOMCMPC,204,MF13,T,2025-03-21T00:00:00,2023,,0.5707
2004,A,0,WESR / Global Material Flows Database,EN_MAT_DOMCMPC,204,MF13,T,2025-03-21T00:00:00,2023,,0.55041
2005,A,0,WESR / Global Material Flows Database,EN_MAT_DOMCMPC,204,MF13,T,2025-03-21T00:00:00,2023,,0.53548
2006,A,0,WESR / Global Material Flows Database,EN_MAT_DOMCMPC,204,MF13,T,2025-03-21T00:00:00,2023,,0.53207
2007,A,0,WESR / Global Material Flows Database,EN_MAT_DOMCMPC,204,MF13,T,2025-03-21T00:00:00,2023,,0.51298
2008,A,0,WESR / Global Material Flows Database,EN_MAT_DOMCMPC,204,MF13,T,2025-03-21T00:00:00,2023,,0.50146
2009,A,0,WESR / Global Material Flows Database,EN_MAT_DOMCMPC,204,MF13,T,2025-03-21T00:00:00,2023,,0.49295
2010,A,0,WESR / Global Material Flows Database,EN_MAT_DOMCMPC,204,MF13,T,2025-03-21T00:00:00,2023,,0.47986
2011,A,0,WESR / Global Material Flows Database,EN_MAT_DOMCMPC,204,MF13,T,2025-03-21T00:00:00,2023,,0.45887
2012,A,0,WESR / Global Material Flows Database,EN_MAT_DOMCMPC,204,MF13,T,2025-03-21T00:00:00,2023,,0.44947
2013,A,0,WESR / Global Material Flows Database,EN_MAT_DOMCMPC,204,MF13,T,2025-03-21T00:00:00,2023,,0.43684
2014,A,0,WESR / Global Material Flows Database,EN_MAT_DOMCMPC,204,MF13,T,2025-03-21T00:00:00,2023,,0.42061
2015,A,0,WESR / Global Material Flows Database,EN_MAT_DOMCMPC,204,MF13,T,2025-03-21T00:00:00,2023,,0.40799
2016,A,0,WESR / Global Material Flows Database,EN_MAT_DOMCMPC,204,MF13,T,2025-03-21T00:00:00,2023,,0.41005
2017,A,0,WESR / Global Material Flows Database,EN_MAT_DOMCMPC,204,MF13,T,2025-03-21T00:00:00,2023,,0.40463
2018,A,0,WESR / Global Material Flows Database,EN_MAT_DOMCMPC,204,MF13,T,2025-03-21T00:00:00,2023,,0.3923
2019,A,0,WESR / Global Material Flows Database,EN_MAT_DOMCMPC,204,MF13,T,2025-03-21T00:00:00,2023,,0.3833
2020,A,0,WESR / Global Material Flows Database,EN_MAT_DOMCMPC,204,MF13,T,2025-03-21T00:00:00,2023,,0.37683
2021,A,0,WESR / Global Material Flows Database,EN_MAT_DOMCMPC,204,MF13,T,2025-03-21T00:00:00,2023,,0.3646
2022,A,0,WESR / Global Material Flows Database,EN_MAT_DOMCMPC,204,MF13,T,2025-03-21T00:00:00,2023,,0.34406
2023,A,0,WESR / Global Material Flows Database,EN_MAT_DOMCMPC,204,MF13,T,2025-03-21T00:00:00,2023,,0.31638
2000,A,0,WESR / Global Material Flows Database,EN_MAT_DOMCMPC,204,MF14,T,2025-03-21T00:00:00,2023,,0.00727
2001,A,0,WESR / Global Material Flows Database,EN_MAT_DOMCMPC,204,MF14,T,2025-03-21T00:00:00,2023,,0.00647
2002,A,0,WESR / Global Material Flows Database,EN_MAT_DOMCMPC,204,MF14,T,2025-03-21T00:00:00,2023,,0.00774
2003,A,0,WESR / Global Material Flows Database,EN_MAT_DOMCMPC,204,MF14,T,2025-03-21T00:00:00,2023,,0.0086
2004,A,0,WESR / Global Material Flows Database,EN_MAT_DOMCMPC,204,MF14,T,2025-03-21T00:00:00,2023,,0.0081
2005,A,0,WESR / Global Material Flows Database,EN_MAT_DOMCMPC,204,MF14,T,2025-03-21T00:00:00,2023,,0.0091
2006,A,0,WESR / Global Material Flows Database,EN_MAT_DOMCMPC,204,MF14,T,2025-03-21T00:00:00,2023,,0.01118
2007,A,0,WESR / Global Material Flows Database,EN_MAT_DOMCMPC,204,MF14,T,2025-03-21T00:00:00,2023,,0.01128
2008,A,0,WESR / Global Material Flows Database,EN_MAT_DOMCMPC,204,MF14,T,2025-03-21T00:00:00,2023,,0.01286
2009,A,0,WESR / Global Material Flows Database,EN_MAT_DOMCMPC,204,MF14,T,2025-03-21T00:00:00,2023,,0.01213
2010,A,0,WESR / Global Material Flows Database,EN_MAT_DOMCMPC,204,MF14,T,2025-03-21T00:00:00,2023,,0.01201
2011,A,0,WESR / Global Material Flows Database,EN_MAT_DOMCMPC,204,MF14,T,2025-03-21T00:00:00,2023,,0.012
2012,A,0,WESR / Global Material Flows Database,EN_MAT_DOMCMPC,204,MF14,T,2025-03-21T00:00:00,2023,,0.01158
2013,A,0,WESR / Global Material Flows Database,EN_MAT_DOMCMPC,204,MF14,T,2025-03-21T00:00:00,2023,,0.01209
2014,A,0,WESR / Global Material Flows Database,EN_MAT_DOMCMPC,204,MF14,T,2025-03-21T00:00:00,2023,,0.01824
2015,A,0,WESR / Global Material Flows Database,EN_MAT_DOMCMPC,204,MF14,T,2025-03-21T00:00:00,2023,,0.01644
2016,A,0,WESR / Global Material Flows Database,EN_MAT_DOMCMPC,204,MF14,T,2025-03-21T00:00:00,2023,,0.01967
2017,A,0,WESR / Global Material Flows Database,EN_MAT_DOMCMPC,204,MF14,T,2025-03-21T00:00:00,2023,,0.01306
2018,A,0,WESR / Global Material Flows Database,EN_MAT_DOMCMPC,204,MF14,T,2025-03-21T00:00:00,2023,,0.0135
2019,A,0,WESR / Global Material Flows Database,EN_MAT_DOMCMPC,204,MF14,T,2025-03-21T00:00:00,2023,,0.01482
2020,A,0,WESR / Global Material Flows Database,EN_MAT_DOMCMPC,204,MF14,T,2025-03-21T00:00:00,2023,,0.01462
2021,A,0,WESR / Global Material Flows Database,EN_MAT_DOMCMPC,204,MF14,T,2025-03-21T00:00:00,2023,,0.01485
2022,A,0,WESR / Global Material Flows Database,EN_MAT_DOMCMPC,204,MF14,T,2025-03-21T00:00:00,2023,,0.01478
2023,A,0,WESR / Global Material Flows Database,EN_MAT_DOMCMPC,204,MF14,T,2025-03-21T00:00:00,2023,,0.01439
2000,A,0,WESR / Global Material Flows Database,EN_MAT_DOMCMPC,204,MF2,T,2025-03-21T00:00:00,2023,,0.003
2001,A,0,WESR / Global Material Flows Database,EN_MAT_DOMCMPC,204,MF2,T,2025-03-21T00:00:00,2023,,0.00661
2002,A,0,WESR / Global Material Flows Database,EN_MAT_DOMCMPC,204,MF2,T,2025-03-21T00:00:00,2023,,0.00955
2003,A,0,WESR / Global Material Flows Database,EN_MAT_DOMCMPC,204,MF2,T,2025-03-21T00:00:00,2023,,0.01014
2004,A,0,WESR / Global Material Flows Database,EN_MAT_DOMCMPC,204,MF2,T,2025-03-21T00:00:00,2023,,0.00493
2005,A,0,WESR / Global Material Flows Database,EN_MAT_DOMCMPC,204,MF2,T,2025-03-21T00:00:00,2023,,0.00604
2006,A,0,WESR / Global Material Flows Database,EN_MAT_DOMCMPC,204,MF2,T,2025-03-21T00:00:00,2023,,0.00155
2007,A,0,WESR / Global Material Flows Database,EN_MAT_DOMCMPC,204,MF2,T,2025-03-21T00:00:00,2023,,0.01396
2008,A,0,WESR / Global Material Flows Database,EN_MAT_DOMCMPC,204,MF2,T,2025-03-21T00:00:00,2023,,0.00958
2009,A,0,WESR / Global Material Flows Database,EN_MAT_DOMCMPC,204,MF2,T,2025-03-21T00:00:00,2023,,0.01089
2010,A,0,WESR / Global Material Flows Database,EN_MAT_DOMCMPC,204,MF2,T,2025-03-21T00:00:00,2023,,0.01067
2011,A,0,WESR / Global Material Flows Database,EN_MAT_DOMCMPC,204,MF2,T,2025-03-21T00:00:00,2023,,0.00974
2012,A,0,WESR / Global Material Flows Database,EN_MAT_DOMCMPC,204,MF2,T,2025-03-21T00:00:00,2023,,0.01364
2013,A,0,WESR / Global Material Flows Database,EN_MAT_DOMCMPC,204,MF2,T,2025-03-21T00:00:00,2023,,0.00895
2014,A,0,WESR / Global Material Flows Database,EN_MAT_DOMCMPC,204,MF2,T,2025-03-21T00:00:00,2023,,0.01244
2015,A,0,WESR / Global Material Flows Database,EN_MAT_DOMCMPC,204,MF2,T,2025-03-21T00:00:00,2023,,0.01085
2016,A,0,WESR / Global Material Flows Database,EN_MAT_DOMCMPC,204,MF2,T,2025-03-21T00:00:00,2023,,0.01353
2017,A,0,WESR / Global Material Flows Database,EN_MAT_DOMCMPC,204,MF2,T,2025-03-21T00:00:00,2023,,0.00808
2018,A,0,WESR / Global Material Flows Database,EN_MAT_DOMCMPC,204,MF2,T,2025-03-21T00:00:00,2023,,0.00499
2019,A,0,WESR / Global Material Flows Database,EN_MAT_DOMCMPC,204,MF2,T,2025-03-21T00:00:00,2023,,0.00284
2020,A,0,WESR / Global Material Flows Database,EN_MAT_DOMCMPC,204,MF2,T,2025-03-21T00:00:00,2023,,0.0028
2021,A,0,WESR / Global Material Flows Database,EN_MAT_DOMCMPC,204,MF2,T,2025-03-21T00:00:00,2023,,0.00283
2022,A,0,WESR / Global Material Flows Database,EN_MAT_DOMCMPC,204,MF2,T,2025-03-21T00:00:00,2023,,0.00289
2023,A,0,WESR / Global Material Flows Database,EN_MAT_DOMCMPC,204,MF2,T,2025-03-21T00:00:00,2023,,0.00288
2000,A,0,WESR / Global Material Flows Database,EN_MAT_DOMCMPC,204,MF21,T,2025-03-21T00:00:00,2023,,0.00286
2001,A,0,WESR / Global Material Flows Database,EN_MAT_DOMCMPC,204,MF21,T,2025-03-21T00:00:00,2023,,0.00517
2002,A,0,WESR / Global Material Flows Database,EN_MAT_DOMCMPC,204,MF21,T,2025-03-21T00:00:00,2023,,0.0077
2003,A,0,WESR / Global Material Flows Database,EN_MAT_DOMCMPC,204,MF21,T,2025-03-21T00:00:00,2023,,0.0083
2004,A,0,WESR / Global Material Flows Database,EN_MAT_DOMCMPC,204,MF21,T,2025-03-21T00:00:00,2023,,0.00322
2005,A,0,WESR / Global Material Flows Database,EN_MAT_DOMCMPC,204,MF21,T,2025-03-21T00:00:00,2023,,0.00443
2006,A,0,WESR / Global Material Flows Database,EN_MAT_DOMCMPC,204,MF21,T,2025-03-21T00:00:00,2023,,-0.00025
2007,A,0,WESR / Global Material Flows Database,EN_MAT_DOMCMPC,204,MF21,T,2025-03-21T00:00:00,2023,,0.0126
2008,A,0,WESR / Global Material Flows Database,EN_MAT_DOMCMPC,204,MF21,T,2025-03-21T00:00:00,2023,,0.00806
2009,A,0,WESR / Global Material Flows Database,EN_MAT_DOMCMPC,204,MF21,T,2025-03-21T00:00:00,2023,,0.00931
2010,A,0,WESR / Global Material Flows Database,EN_MAT_DOMCMPC,204,MF21,T,2025-03-21T00:00:00,2023,,0.00907
2011,A,0,WESR / Global Material Flows Database,EN_MAT_DOMCMPC,204,MF21,T,2025-03-21T00:00:00,2023,,0.00805
2012,A,0,WESR / Global Material Flows Database,EN_MAT_DOMCMPC,204,MF21,T,2025-03-21T00:00:00,2023,,0.01138
2013,A,0,WESR / Global Material Flows Database,EN_MAT_DOMCMPC,204,MF21,T,2025-03-21T00:00:00,2023,,0.00674
2014,A,0,WESR / Global Material Flows Database,EN_MAT_DOMCMPC,204,MF21,T,2025-03-21T00:00:00,2023,,0.00994
2015,A,0,WESR / Global Material Flows Database,EN_MAT_DOMCMPC,204,MF21,T,2025-03-21T00:00:00,2023,,0.01002
2016,A,0,WESR / Global Material Flows Database,EN_MAT_DOMCMPC,204,MF21,T,2025-03-21T00:00:00,2023,,0.01245
2017,A,0,WESR / Global Material Flows Database,EN_MAT_DOMCMPC,204,MF21,T,2025-03-21T00:00:00,2023,,0.00799
2018,A,0,WESR / Global Material Flows Database,EN_MAT_DOMCMPC,204,MF21,T,2025-03-21T00:00:00,2023,,0.00514
2019,A,0,WESR / Global Material Flows Database,EN_MAT_DOMCMPC,204,MF21,T,2025-03-21T00:00:00,2023,,0.00231
2020,A,0,WESR / Global Material Flows Database,EN_MAT_DOMCMPC,204,MF21,T,2025-03-21T00:00:00,2023,,0.00226
2021,A,0,WESR / Global Material Flows Database,EN_MAT_DOMCMPC,204,MF21,T,2025-03-21T00:00:00,2023,,0.00229
2022,A,0,WESR / Global Material Flows Database,EN_MAT_DOMCMPC,204,MF21,T,2025-03-21T00:00:00,2023,,0.00234
2023,A,0,WESR / Global Material Flows Database,EN_MAT_DOMCMPC,204,MF21,T,2025-03-21T00:00:00,2023,,0.00232
2000,A,0,WESR / Global Material Flows Database,EN_MAT_DOMCMPC,204,MF22,T,2025-03-21T00:00:00,2023,,0.00014
2001,A,0,WESR / Global Material Flows Database,EN_MAT_DOMCMPC,204,MF22,T,2025-03-21T00:00:00,2023,,0.00144
2002,A,0,WESR / Global Material Flows Database,EN_MAT_DOMCMPC,204,MF22,T,2025-03-21T00:00:00,2023,,0.00185
2003,A,0,WESR / Global Material Flows Database,EN_MAT_DOMCMPC,204,MF22,T,2025-03-21T00:00:00,2023,,0.00184
2004,A,0,WESR / Global Material Flows Database,EN_MAT_DOMCMPC,204,MF22,T,2025-03-21T00:00:00,2023,,0.00171
2005,A,0,WESR / Global Material Flows Database,EN_MAT_DOMCMPC,204,MF22,T,2025-03-21T00:00:00,2023,,0.00161
2006,A,0,WESR / Global Material Flows Database,EN_MAT_DOMCMPC,204,MF22,T,2025-03-21T00:00:00,2023,,0.00179
2007,A,0,WESR / Global Material Flows Database,EN_MAT_DOMCMPC,204,MF22,T,2025-03-21T00:00:00,2023,,0.00137
2008,A,0,WESR / Global Material Flows Database,EN_MAT_DOMCMPC,204,MF22,T,2025-03-21T00:00:00,2023,,0.00152
2009,A,0,WESR / Global Material Flows Database,EN_MAT_DOMCMPC,204,MF22,T,2025-03-21T00:00:00,2023,,0.00158
2010,A,0,WESR / Global Material Flows Database,EN_MAT_DOMCMPC,204,MF22,T,2025-03-21T00:00:00,2023,,0.00159
2011,A,0,WESR / Global Material Flows Database,EN_MAT_DOMCMPC,204,MF22,T,2025-03-21T00:00:00,2023,,0.00169
2012,A,0,WESR / Global Material Flows Database,EN_MAT_DOMCMPC,204,MF22,T,2025-03-21T00:00:00,2023,,0.00226
2013,A,0,WESR / Global Material Flows Database,EN_MAT_DOMCMPC,204,MF22,T,2025-03-21T00:00:00,2023,,0.00221
2014,A,0,WESR / Global Material Flows Database,EN_MAT_DOMCMPC,204,MF22,T,2025-03-21T00:00:00,2023,,0.00249
2015,A,0,WESR / Global Material Flows Database,EN_MAT_DOMCMPC,204,MF22,T,2025-03-21T00:00:00,2023,,0.00083
2016,A,0,WESR / Global Material Flows Database,EN_MAT_DOMCMPC,204,MF22,T,2025-03-21T00:00:00,2023,,0.00108
2017,A,0,WESR / Global Material Flows Database,EN_MAT_DOMCMPC,204,MF22,T,2025-03-21T00:00:00,2023,,9e-05
2018,A,0,WESR / Global Material Flows Database,EN_MAT_DOMCMPC,204,MF22,T,2025-03-21T00:00:00,2023,,-0.00015
2019,A,0,WESR / Global Material Flows Database,EN_MAT_DOMCMPC,204,MF22,T,2025-03-21T00:00:00,2023,,0.00053
2020,A,0,WESR / Global Material Flows Database,EN_MAT_DOMCMPC,204,MF22,T,2025-03-21T00:00:00,2023,,0.00054
2021,A,0,WESR / Global Material Flows Database,EN_MAT_DOMCMPC,204,MF22,T,2025-03-21T00:00:00,2023,,0.00054
2022,A,0,WESR / Global Material Flows Database,EN_MAT_DOMCMPC,204,MF22,T,2025-03-21T00:00:00,2023,,0.00056
2023,A,0,WESR / Global Material Flows Database,EN_MAT_DOMCMPC,204,MF22,T,2025-03-21T00:00:00,2023,,0.00057
2000,A,0,WESR / Global Material Flows Database,EN_MAT_DOMCMPC,204,MF3,T,2025-03-21T00:00:00,2023,,0.81534
2001,A,0,WESR / Global Material Flows Database,EN_MAT_DOMCMPC,204,MF3,T,2025-03-21T00:00:00,2023,,1.23804
2002,A,0,WESR / Global Material Flows Database,EN_MAT_DOMCMPC,204,MF3,T,2025-03-21T00:00:00,2023,,0.95779
2003,A,0,WESR / Global Material Flows Database,EN_MAT_DOMCMPC,204,MF3,T,2025-03-21T00:00:00,2023,,1.00722
2004,A,0,WESR / Global Material Flows Database,EN_MAT_DOMCMPC,204,MF3,T,2025-03-21T00:00:00,2023,,0.76686
2005,A,0,WESR / Global Material Flows Database,EN_MAT_DOMCMPC,204,MF3,T,2025-03-21T00:00:00,2023,,0.83845
2006,A,0,WESR / Global Material Flows Database,EN_MAT_DOMCMPC,204,MF3,T,2025-03-21T00:00:00,2023,,1.60341
2007,A,0,WESR / Global Material Flows Database,EN_MAT_DOMCMPC,204,MF3,T,2025-03-21T00:00:00,2023,,1.58108
2008,A,0,WESR / Global Material Flows Database,EN_MAT_DOMCMPC,204,MF3,T,2025-03-21T00:00:00,2023,,1.53319
2009,A,0,WESR / Global Material Flows Database,EN_MAT_DOMCMPC,204,MF3,T,2025-03-21T00:00:00,2023,,1.51066
2010,A,0,WESR / Global Material Flows Database,EN_MAT_DOMCMPC,204,MF3,T,2025-03-21T00:00:00,2023,,1.48084
2011,A,0,WESR / Global Material Flows Database,EN_MAT_DOMCMPC,204,MF3,T,2025-03-21T00:00:00,2023,,1.59938
2012,A,0,WESR / Global Material Flows Database,EN_MAT_DOMCMPC,204,MF3,T,2025-03-21T00:00:00,2023,,1.62545
2013,A,0,WESR / Global Material Flows Database,EN_MAT_DOMCMPC,204,MF3,T,2025-03-21T00:00:00,2023,,1.53289
2014,A,0,WESR / Global Material Flows Database,EN_MAT_DOMCMPC,204,MF3,T,2025-03-21T00:00:00,2023,,1.19354
2015,A,0,WESR / Global Material Flows Database,EN_MAT_DOMCMPC,204,MF3,T,2025-03-21T00:00:00,2023,,1.05602
2016,A,0,WESR / Global Material Flows Database,EN_MAT_DOMCMPC,204,MF3,T,2025-03-21T00:00:00,2023,,0.84698
2017,A,0,WESR / Global Material Flows Database,EN_MAT_DOMCMPC,204,MF3,T,2025-03-21T00:00:00,2023,,0.99213
2018,A,0,WESR / Global Material Flows Database,EN_MAT_DOMCMPC,204,MF3,T,2025-03-21T00:00:00,2023,,1.01553
2019,A,0,WESR / Global Material Flows Database,EN_MAT_DOMCMPC,204,MF3,T,2025-03-21T00:00:00,2023,,1.01649
2020,A,0,WESR / Global Material Flows Database,EN_MAT_DOMCMPC,204,MF3,T,2025-03-21T00:00:00,2023,,0.97244
2021,A,0,WESR / Global Material Flows Database,EN_MAT_DOMCMPC,204,MF3,T,2025-03-21T00:00:00,2023,,1.00247
2022,A,0,WESR / Global Material Flows Database,EN_MAT_DOMCMPC,204,MF3,T,2025-03-21T00:00:00,2023,,1.01004
2023,A,0,WESR / Global Material Flows Database,EN_MAT_DOMCMPC,204,MF3,T,2025-03-21T00:00:00,2023,,0.9933
2000,A,0,WESR / Global Material Flows Database,EN_MAT_DOMCMPC,204,MF4,T,2025-03-21T00:00:00,2023,,0.005
2001,A,0,WESR / Global Material Flows Database,EN_MAT_DOMCMPC,204,MF4,T,2025-03-21T00:00:00,2023,,0.0
2002,A,0,WESR / Global Material Flows Database,EN_MAT_DOMCMPC,204,MF4,T,2025-03-21T00:00:00,2023,,0.0
2003,A,0,WESR / Global Material Flows Database,EN_MAT_DOMCMPC,204,MF4,T,2025-03-21T00:00:00,2023,,0.0
2004,A,0,WESR / Global Material Flows Database,EN_MAT_DOMCMPC,204,MF4,T,2025-03-21T00:00:00,2023,,0.0
2005,A,0,WESR / Global Material Flows Database,EN_MAT_DOMCMPC,204,MF4,T,2025-03-21T00:00:00,2023,,0.0
2006,A,0,WESR / Global Material Flows Database,EN_MAT_DOMCMPC,204,MF4,T,2025-03-21T00:00:00,2023,,0.0
2007,A,0,WESR / Global Material Flows Database,EN_MAT_DOMCMPC,204,MF4,T,2025-03-21T00:00:00,2023,,0.0
2008,A,0,WESR / Global Material Flows Database,EN_MAT_DOMCMPC,204,MF4,T,2025-03-21T00:00:00,2023,,0.0
2009,A,0,WESR / Global Material Flows Database,EN_MAT_DOMCMPC,204,MF4,T,2025-03-21T00:00:00,2023,,0.0
2010,A,0,WESR / Global Material Flows Database,EN_MAT_DOMCMPC,204,MF4,T,2025-03-21T00:00:00,2023,,0.0
2011,A,0,WESR / Global Material Flows Database,EN_MAT_DOMCMPC,204,MF4,T,2025-03-21T00:00:00,2023,,0.0
2012,A,0,WESR / Global Material Flows Database,EN_MAT_DOMCMPC,204,MF4,T,2025-03-21T00:00:00,2023,,0.0
2013,A,0,WESR / Global Material Flows Database,EN_MAT_DOMCMPC,204,MF4,T,2025-03-21T00:00:00,2023,,0.00071
2014,A,0,WESR / Global Material Flows Database,EN_MAT_DOMCMPC,204,MF4,T,2025-03-21T00:00:00,2023,,0.00848
2015,A,0,WESR / Global Material Flows Database,EN_MAT_DOMCMPC,204,MF4,T,2025-03-21T00:00:00,2023,,0.00579
2016,A,0,WESR / Global Material Flows Database,EN_MAT_DOMCMPC,204,MF4,T,2025-03-21T00:00:00,2023,,0.00722
2017,A,0,WESR / Global Material Flows Database,EN_MAT_DOMCMPC,204,MF4,T,2025-03-21T00:00:00,2023,,0.00886
2018,A,0,WESR / Global Material Flows Database,EN_MAT_DOMCMPC,204,MF4,T,2025-03-21T00:00:00,2023,,0.01114
2019,A,0,WESR / Global Material Flows Database,EN_MAT_DOMCMPC,204,MF4,T,2025-03-21T00:00:00,2023,,0.01142
2020,A,0,WESR / Global Material Flows Database,EN_MAT_DOMCMPC,204,MF4,T,2025-03-21T00:00:00,2023,,0.01771
2021,A,0,WESR / Global Material Flows Database,EN_MAT_DOMCMPC,204,MF4,T,2025-03-21T00:00:00,2023,,0.02631
2022,A,0,WESR / Global Material Flows Database,EN_MAT_DOMCMPC,204,MF4,T,2025-03-21T00:00:00,2023,,0.02558
2023,A,0,WESR / Global Material Flows Database,EN_MAT_DOMCMPC,204,MF4,T,2025-03-21T00:00:00,2023,,0.02434
2000,A,0,WESR / Global Material Flows Database,EN_MAT_DOMCMPC,204,MF41,T,2025-03-21T00:00:00,2023,,0.0
2001,A,0,WESR / Global Material Flows Database,EN_MAT_DOMCMPC,204,MF41,T,2025-03-21T00:00:00,2023,,0.0
2002,A,0,WESR / Global Material Flows Database,EN_MAT_DOMCMPC,204,MF41,T,2025-03-21T00:00:00,2023,,0.0
2003,A,0,WESR / Global Material Flows Database,EN_MAT_DOMCMPC,204,MF41,T,2025-03-21T00:00:00,2023,,0.0
2004,A,0,WESR / Global Material Flows Database,EN_MAT_DOMCMPC,204,MF41,T,2025-03-21T00:00:00,2023,,0.0
2005,A,0,WESR / Global Material Flows Database,EN_MAT_DOMCMPC,204,MF41,T,2025-03-21T00:00:00,2023,,0.0
2006,A,0,WESR / Global Material Flows Database,EN_MAT_DOMCMPC,204,MF41,T,2025-03-21T00:00:00,2023,,0.0
2007,A,0,WESR / Global Material Flows Database,EN_MAT_DOMCMPC,204,MF41,T,2025-03-21T00:00:00,2023,,0.0
2008,A,0,WESR / Global Material Flows Database,EN_MAT_DOMCMPC,204,MF41,T,2025-03-21T00:00:00,2023,,0.0
2009,A,0,WESR / Global Material Flows Database,EN_MAT_DOMCMPC,204,MF41,T,2025-03-21T00:00:00,2023,,0.0
2010,A,0,WESR / Global Material Flows Database,EN_MAT_DOMCMPC,204,MF41,T,2025-03-21T00:00:00,2023,,0.0
2011,A,0,WESR / Global Material Flows Database,EN_MAT_DOMCMPC,204,MF41,T,2025-03-21T00:00:00,2023,,0.0
2012,A,0,WESR / Global Material Flows Database,EN_MAT_DOMCMPC,204,MF41,T,2025-03-21T00:00:00,2023,,0.0
2013,A,0,WESR / Global Material Flows Database,EN_MAT_DOMCMPC,204,MF41,T,2025-03-21T00:00:00,2023,,0.0
2014,A,0,WESR / Global Material Flows Database,EN_MAT_DOMCMPC,204,MF41,T,2025-03-21T00:00:00,2023,,0.00659
2015,A,0,WESR / Global Material Flows Database,EN_MAT_DOMCMPC,204,MF41,T,2025-03-21T00:00:00,2023,,0.00384
2016,A,0,WESR / Global Material Flows Database,EN_MAT_DOMCMPC,204,MF41,T,2025-03-21T00:00:00,2023,,0.0071
2017,A,0,WESR / Global Material Flows Database,EN_MAT_DOMCMPC,204,MF41,T,2025-03-21T00:00:00,2023,,0.00654
2018,A,0,WESR / Global Material Flows Database,EN_MAT_DOMCMPC,204,MF41,T,2025-03-21T00:00:00,2023,,0.01003
2019,A,0,WESR / Global Material Flows Database,EN_MAT_DOMCMPC,204,MF41,T,2025-03-21T00:00:00,2023,,0.00828
2020,A,0,WESR / Global Material Flows Database,EN_MAT_DOMCMPC,204,MF41,T,2025-03-21T00:00:00,2023,,0.00871
2021,A,0,WESR / Global Material Flows Database,EN_MAT_DOMCMPC,204,MF41,T,2025-03-21T00:00:00,2023,,0.011
2022,A,0,WESR / Global Material Flows Database,EN_MAT_DOMCMPC,204,MF41,T,2025-03-21T00:00:00,2023,,0.01066
2023,A,0,WESR / Global Material Flows Database,EN_MAT_DOMCMPC,204,MF41,T,2025-03-21T00:00:00,2023,,0.01009
2000,A,0,WESR / Global Material Flows Database,EN_MAT_DOMCMPC,204,MF421,T,2025-03-21T00:00:00,2023,,0.005
2001,A,0,WESR / Global Material Flows Database,EN_MAT_DOMCMPC,204,MF421,T,2025-03-21T00:00:00,2023,,0.0
2002,A,0,WESR / Global Material Flows Database,EN_MAT_DOMCMPC,204,MF421,T,2025-03-21T00:00:00,2023,,0.0
2003,A,0,WESR / Global Material Flows Database,EN_MAT_DOMCMPC,204,MF421,T,2025-03-21T00:00:00,2023,,0.0
2004,A,0,WESR / Global Material Flows Database,EN_MAT_DOMCMPC,204,MF421,T,2025-03-21T00:00:00,2023,,0.0
2005,A,0,WESR / Global Material Flows Database,EN_MAT_DOMCMPC,204,MF421,T,2025-03-21T00:00:00,2023,,0.0
2006,A,0,WESR / Global Material Flows Database,EN_MAT_DOMCMPC,204,MF421,T,2025-03-21T00:00:00,2023,,0.0
2007,A,0,WESR / Global Material Flows Database,EN_MAT_DOMCMPC,204,MF421,T,2025-03-21T00:00:00,2023,,0.0
2008,A,0,WESR / Global Material Flows Database,EN_MAT_DOMCMPC,204,MF421,T,2025-03-21T00:00:00,2023,,0.0
2009,A,0,WESR / Global Material Flows Database,EN_MAT_DOMCMPC,204,MF421,T,2025-03-21T00:00:00,2023,,0.0
2010,A,0,WESR / Global Material Flows Database,EN_MAT_DOMCMPC,204,MF421,T,2025-03-21T00:00:00,2023,,0.0
2011,A,0,WESR / Global Material Flows Database,EN_MAT_DOMCMPC,204,MF421,T,2025-03-21T00:00:00,2023,,0.0
2012,A,0,WESR / Global Material Flows Database,EN_MAT_DOMCMPC,204,MF421,T,2025-03-21T00:00:00,2023,,0.0
2013,A,0,WESR / Global Material Flows Database,EN_MAT_DOMCMPC,204,MF421,T,2025-03-21T00:00:00,2023,,0.0
2014,A,0,WESR / Global Material Flows Database,EN_MAT_DOMCMPC,204,MF421,T,2025-03-21T00:00:00,2023,,0.0
2015,A,0,WESR / Global Material Flows Database,EN_MAT_DOMCMPC,204,MF421,T,2025-03-21T00:00:00,2023,,0.0
2016,A,0,WESR / Global Material Flows Database,EN_MAT_DOMCMPC,204,MF421,T,2025-03-21T00:00:00,2023,,0.0
2017,A,0,WESR / Global Material Flows Database,EN_MAT_DOMCMPC,204,MF421,T,2025-03-21T00:00:00,2023,,0.0
2018,A,0,WESR / Global Material Flows Database,EN_MAT_DOMCMPC,204,MF421,T,2025-03-21T00:00:00,2023,,0.0
2019,A,0,WESR / Global Material Flows Database,EN_MAT_DOMCMPC,204,MF421,T,2025-03-21T00:00:00,2023,,0.0
2020,A,0,WESR / Global Material Flows Database,EN_MAT_DOMCMPC,204,MF421,T,2025-03-21T00:00:00,2023,,0.0
2021,A,0,WESR / Global Material Flows Database,EN_MAT_DOMCMPC,204,MF421,T,2025-03-21T00:00:00,2023,,0.0
2022,A,0,WESR / Global Material Flows Database,EN_MAT_DOMCMPC,204,MF421,T,2025-03-21T00:00:00,2023,,0.0
2023,A,0,WESR / Global Material Flows Database,EN_MAT_DOMCMPC,204,MF421,T,2025-03-21T00:00:00,2023,,0.0
2000,A,0,WESR / Global Material Flows Database,EN_MAT_DOMCMPC,204,MF422,T,2025-03-21T00:00:00,2023,,0.0
2001,A,0,WESR / Global Material Flows Database,EN_MAT_DOMCMPC,204,MF422,T,2025-03-21T00:00:00,2023,,0.0
2002,A,0,WESR / Global Material Flows Database,EN_MAT_DOMCMPC,204,MF422,T,2025-03-21T00:00:00,2023,,0.0
2003,A,0,WESR / Global Material Flows Database,EN_MAT_DOMCMPC,204,MF422,T,2025-03-21T00:00:00,2023,,0.0
2004,A,0,WESR / Global Material Flows Database,EN_MAT_DOMCMPC,204,MF422,T,2025-03-21T00:00:00,2023,,0.0
2005,A,0,WESR / Global Material Flows Database,EN_MAT_DOMCMPC,204,MF422,T,2025-03-21T00:00:00,2023,,0.0
2006,A,0,WESR / Global Material Flows Database,EN_MAT_DOMCMPC,204,MF422,T,2025-03-21T00:00:00,2023,,0.0
2007,A,0,WESR / Global Material Flows Database,EN_MAT_DOMCMPC,204,MF422,T,2025-03-21T00:00:00,2023,,0.0
2008,A,0,WESR / Global Material Flows Database,EN_MAT_DOMCMPC,204,MF422,T,2025-03-21T00:00:00,2023,,0.0
2009,A,0,WESR / Global Material Flows Database,EN_MAT_DOMCMPC,204,MF422,T,2025-03-21T00:00:00,2023,,0.0
2010,A,0,WESR / Global Material Flows Database,EN_MAT_DOMCMPC,204,MF422,T,2025-03-21T00:00:00,2023,,0.0
2011,A,0,WESR / Global Material Flows Database,EN_MAT_DOMCMPC,204,MF422,T,2025-03-21T00:00:00,2023,,0.0
2012,A,0,WESR / Global Material Flows Database,EN_MAT_DOMCMPC,204,MF422,T,2025-03-21T00:00:00,2023,,0.0
2013,A,0,WESR / Global Material Flows Database,EN_MAT_DOMCMPC,204,MF422,T,2025-03-21T00:00:00,2023,,0.00071
2014,A,0,WESR / Global Material Flows Database,EN_MAT_DOMCMPC,204,MF422,T,2025-03-21T00:00:00,2023,,0.00189
2015,A,0,WESR / Global Material Flows Database,EN_MAT_DOMCMPC,204,MF422,T,2025-03-21T00:00:00,2023,,0.00195
2016,A,0,WESR / Global Material Flows Database,EN_MAT_DOMCMPC,204,MF422,T,2025-03-21T00:00:00,2023,,0.00012
2017,A,0,WESR / Global Material Flows Database,EN_MAT_DOMCMPC,204,MF422,T,2025-03-21T00:00:00,2023,,0.00232
2018,A,0,WESR / Global Material Flows Database,EN_MAT_DOMCMPC,204,MF422,T,2025-03-21T00:00:00,2023,,0.00111
2019,A,0,WESR / Global Material Flows Database,EN_MAT_DOMCMPC,204,MF422,T,2025-03-21T00:00:00,2023,,0.00315
2020,A,0,WESR / Global Material Flows Database,EN_MAT_DOMCMPC,204,MF422,T,2025-03-21T00:00:00,2023,,0.009
2021,A,0,WESR / Global Material Flows Database,EN_MAT_DOMCMPC,204,MF422,T,2025-03-21T00:00:00,2023,,0.0153
2022,A,0,WESR / Global Material Flows Database,EN_MAT_DOMCMPC,204,MF422,T,2025-03-21T00:00:00,2023,,0.01491
2023,A,0,WESR / Global Material Flows Database,EN_MAT_DOMCMPC,204,MF422,T,2025-03-21T00:00:00,2023,,0.01425
2000,A,0,WESR / Global Material Flows Database,EN_MAT_DOMCMPG,204,None,KG_PER_CON_USD,2025-03-21T00:00:00,2023,2015,4.62004
2001,A,0,WESR / Global Material Flows Database,EN_MAT_DOMCMPG,204,None,KG_PER_CON_USD,2025-03-21T00:00:00,2023,2015,5.0153
2002,A,0,WESR / Global Material Flows Database,EN_MAT_DOMCMPG,204,None,KG_PER_CON_USD,2025-03-21T00:00:00,2023,2015,4.89446
2003,A,0,WESR / Global Material Flows Database,EN_MAT_DOMCMPG,204,None,KG_PER_CON_USD,2025-03-21T00:00:00,2023,2015,4.79446
2004,A,0,WESR / Global Material Flows Database,EN_MAT_DOMCMPG,204,None,KG_PER_CON_USD,2025-03-21T00:00:00,2023,2015,4.46053
2005,A,0,WESR / Global Material Flows Database,EN_MAT_DOMCMPG,204,None,KG_PER_CON_USD,2025-03-21T00:00:00,2023,2015,4.40313
2006,A,0,WESR / Global Material Flows Database,EN_MAT_DOMCMPG,204,None,KG_PER_CON_USD,2025-03-21T00:00:00,2023,2015,5.053
2007,A,0,WESR / Global Material Flows Database,EN_MAT_DOMCMPG,204,None,KG_PER_CON_USD,2025-03-21T00:00:00,2023,2015,4.83394
2008,A,0,WESR / Global Material Flows Database,EN_MAT_DOMCMPG,204,None,KG_PER_CON_USD,2025-03-21T00:00:00,2023,2015,4.98765
2009,A,0,WESR / Global Material Flows Database,EN_MAT_DOMCMPG,204,None,KG_PER_CON_USD,2025-03-21T00:00:00,2023,2015,5.15318
2010,A,0,WESR / Global Material Flows Database,EN_MAT_DOMCMPG,204,None,KG_PER_CON_USD,2025-03-21T00:00:00,2023,2015,5.00032
2011,A,0,WESR / Global Material Flows Database,EN_MAT_DOMCMPG,204,None,KG_PER_CON_USD,2025-03-21T00:00:00,2023,2015,5.31237
2012,A,0,WESR / Global Material Flows Database,EN_MAT_DOMCMPG,204,None,KG_PER_CON_USD,2025-03-21T00:00:00,2023,2015,5.20212
2013,A,0,WESR / Global Material Flows Database,EN_MAT_DOMCMPG,204,None,KG_PER_CON_USD,2025-03-21T00:00:00,2023,2015,5.05452
2014,A,0,WESR / Global Material Flows Database,EN_MAT_DOMCMPG,204,None,KG_PER_CON_USD,2025-03-21T00:00:00,2023,2015,4.5604
2015,A,0,WESR / Global Material Flows Database,EN_MAT_DOMCMPG,204,None,KG_PER_CON_USD,2025-03-21T00:00:00,2023,2015,4.13941
2016,A,0,WESR / Global Material Flows Database,EN_MAT_DOMCMPG,204,None,KG_PER_CON_USD,2025-03-21T00:00:00,2023,2015,4.18269
2017,A,0,WESR / Global Material Flows Database,EN_MAT_DOMCMPG,204,None,KG_PER_CON_USD,2025-03-21T00:00:00,2023,2015,4.30956
2018,A,0,WESR / Global Material Flows Database,EN_MAT_DOMCMPG,204,None,KG_PER_CON_USD,2025-03-21T00:00:00,2023,2015,4.18412
2019,A,0,WESR / Global Material Flows Database,EN_MAT_DOMCMPG,204,None,KG_PER_CON_USD,2025-03-21T00:00:00,2023,2015,4.03512
2020,A,0,WESR / Global Material Flows Database,EN_MAT_DOMCMPG,204,None,KG_PER_CON_USD,2025-03-21T00:00:00,2023,2015,3.78157
2021,A,0,WESR / Global Material Flows Database,EN_MAT_DOMCMPG,204,None,KG_PER_CON_USD,2025-03-21T00:00:00,2023,2015,3.68008
2022,A,0,WESR / Global Material Flows Database,EN_MAT_DOMCMPG,204,None,KG_PER_CON_USD,2025-03-21T00:00:00,2023,2015,3.52818
2023,A,0,WESR / Global Material Flows Database,EN_MAT_DOMCMPG,204,None,KG_PER_CON_USD,2025-03-21T00:00:00,2023,2015,3.30217
2000,A,0,WESR / Global Material Flows Database,EN_MAT_DOMCMPG,204,MF_AGG3A,KG_PER_CON_USD,2025-03-21T00:00:00,2023,2015,0.90406
2001,A,0,WESR / Global Material Flows Database,EN_MAT_DOMCMPG,204,MF_AGG3A,KG_PER_CON_USD,2025-03-21T00:00:00,2023,2015,1.35082
2002,A,0,WESR / Global Material Flows Database,EN_MAT_DOMCMPG,204,MF_AGG3A,KG_PER_CON_USD,2025-03-21T00:00:00,2023,2015,1.01644
2003,A,0,WESR / Global Material Flows Database,EN_MAT_DOMCMPG,204,MF_AGG3A,KG_PER_CON_USD,2025-03-21T00:00:00,2023,2015,1.07691
2004,A,0,WESR / Global Material Flows Database,EN_MAT_DOMCMPG,204,MF_AGG3A,KG_PER_CON_USD,2025-03-21T00:00:00,2023,2015,0.80467
2005,A,0,WESR / Global Material Flows Database,EN_MAT_DOMCMPG,204,MF_AGG3A,KG_PER_CON_USD,2025-03-21T00:00:00,2023,2015,0.90181
2006,A,0,WESR / Global Material Flows Database,EN_MAT_DOMCMPG,204,MF_AGG3A,KG_PER_CON_USD,2025-03-21T00:00:00,2023,2015,1.71559
2007,A,0,WESR / Global Material Flows Database,EN_MAT_DOMCMPG,204,MF_AGG3A,KG_PER_CON_USD,2025-03-21T00:00:00,2023,2015,1.64173
2008,A,0,WESR / Global Material Flows Database,EN_MAT_DOMCMPG,204,MF_AGG3A,KG_PER_CON_USD,2025-03-21T00:00:00,2023,2015,1.56309
2009,A,0,WESR / Global Material Flows Database,EN_MAT_DOMCMPG,204,MF_AGG3A,KG_PER_CON_USD,2025-03-21T00:00:00,2023,2015,1.54583
2010,A,0,WESR / Global Material Flows Database,EN_MAT_DOMCMPG,204,MF_AGG3A,KG_PER_CON_USD,2025-03-21T00:00:00,2023,2015,1.53031
2011,A,0,WESR / Global Material Flows Database,EN_MAT_DOMCMPG,204,MF_AGG3A,KG_PER_CON_USD,2025-03-21T00:00:00,2023,2015,1.65158
2012,A,0,WESR / Global Material Flows Database,EN_MAT_DOMCMPG,204,MF_AGG3A,KG_PER_CON_USD,2025-03-21T00:00:00,2023,2015,1.65266
2013,A,0,WESR / Global Material Flows Database,EN_MAT_DOMCMPG,204,MF_AGG3A,KG_PER_CON_USD,2025-03-21T00:00:00,2023,2015,1.49708
2014,A,0,WESR / Global Material Flows Database,EN_MAT_DOMCMPG,204,MF_AGG3A,KG_PER_CON_USD,2025-03-21T00:00:00,2023,2015,1.11726
2015,A,0,WESR / Global Material Flows Database,EN_MAT_DOMCMPG,204,MF_AGG3A,KG_PER_CON_USD,2025-03-21T00:00:00,2023,2015,1.0074
2016,A,0,WESR / Global Material Flows Database,EN_MAT_DOMCMPG,204,MF_AGG3A,KG_PER_CON_USD,2025-03-21T00:00:00,2023,2015,0.80053
2017,A,0,WESR / Global Material Flows Database,EN_MAT_DOMCMPG,204,MF_AGG3A,KG_PER_CON_USD,2025-03-21T00:00:00,2023,2015,0.92069
2018,A,0,WESR / Global Material Flows Database,EN_MAT_DOMCMPG,204,MF_AGG3A,KG_PER_CON_USD,2025-03-21T00:00:00,2023,2015,0.89202
2019,A,0,WESR / Global Material Flows Database,EN_MAT_DOMCMPG,204,MF_AGG3A,KG_PER_CON_USD,2025-03-21T00:00:00,2023,2015,0.85853
2020,A,0,WESR / Global Material Flows Database,EN_MAT_DOMCMPG,204,MF_AGG3A,KG_PER_CON_USD,2025-03-21T00:00:00,2023,2015,0.81391
2021,A,0,WESR / Global Material Flows Database,EN_MAT_DOMCMPG,204,MF_AGG3A,KG_PER_CON_USD,2025-03-21T00:00:00,2023,2015,0.80494
2022,A,0,WESR / Global Material Flows Database,EN_MAT_DOMCMPG,204,MF_AGG3A,KG_PER_CON_USD,2025-03-21T00:00:00,2023,2015,0.78418
2023,A,0,WESR / Global Material Flows Database,EN_MAT_DOMCMPG,204,MF_AGG3A,KG_PER_CON_USD,2025-03-21T00:00:00,2023,2015,0.74466
2000,A,0,WESR / Global Material Flows Database,EN_MAT_DOMCMPG,204,MF_AGG3B,KG_PER_CON_USD,2025-03-21T00:00:00,2023,2015,0.01337
2001,A,0,WESR / Global Material Flows Database,EN_MAT_DOMCMPG,204,MF_AGG3B,KG_PER_CON_USD,2025-03-21T00:00:00,2023,2015,0.01214
2002,A,0,WESR / Global Material Flows Database,EN_MAT_DOMCMPG,204,MF_AGG3B,KG_PER_CON_USD,2025-03-21T00:00:00,2023,2015,0.0219
2003,A,0,WESR / Global Material Flows Database,EN_MAT_DOMCMPG,204,MF_AGG3B,KG_PER_CON_USD,2025-03-21T00:00:00,2023,2015,0.01097
2004,A,0,WESR / Global Material Flows Database,EN_MAT_DOMCMPG,204,MF_AGG3B,KG_PER_CON_USD,2025-03-21T00:00:00,2023,2015,0.01284
2005,A,0,WESR / Global Material Flows Database,EN_MAT_DOMCMPG,204,MF_AGG3B,KG_PER_CON_USD,2025-03-21T00:00:00,2023,2015,0.00534
2006,A,0,WESR / Global Material Flows Database,EN_MAT_DOMCMPG,204,MF_AGG3B,KG_PER_CON_USD,2025-03-21T00:00:00,2023,2015,0.00524
2007,A,0,WESR / Global Material Flows Database,EN_MAT_DOMCMPG,204,MF_AGG3B,KG_PER_CON_USD,2025-03-21T00:00:00,2023,2015,0.00599
2008,A,0,WESR / Global Material Flows Database,EN_MAT_DOMCMPG,204,MF_AGG3B,KG_PER_CON_USD,2025-03-21T00:00:00,2023,2015,0.00571
2009,A,0,WESR / Global Material Flows Database,EN_MAT_DOMCMPG,204,MF_AGG3B,KG_PER_CON_USD,2025-03-21T00:00:00,2023,2015,0.01
2010,A,0,WESR / Global Material Flows Database,EN_MAT_DOMCMPG,204,MF_AGG3B,KG_PER_CON_USD,2025-03-21T00:00:00,2023,2015,0.00772
2011,A,0,WESR / Global Material Flows Database,EN_MAT_DOMCMPG,204,MF_AGG3B,KG_PER_CON_USD,2025-03-21T00:00:00,2023,2015,0.00969
2012,A,0,WESR / Global Material Flows Database,EN_MAT_DOMCMPG,204,MF_AGG3B,KG_PER_CON_USD,2025-03-21T00:00:00,2023,2015,0.00584
2013,A,0,WESR / Global Material Flows Database,EN_MAT_DOMCMPG,204,MF_AGG3B,KG_PER_CON_USD,2025-03-21T00:00:00,2023,2015,0.00497
2014,A,0,WESR / Global Material Flows Database,EN_MAT_DOMCMPG,204,MF_AGG3B,KG_PER_CON_USD,2025-03-21T00:00:00,2023,2015,0.01502
2015,A,0,WESR / Global Material Flows Database,EN_MAT_DOMCMPG,204,MF_AGG3B,KG_PER_CON_USD,2025-03-21T00:00:00,2023,2015,0.00639
2016,A,0,WESR / Global Material Flows Database,EN_MAT_DOMCMPG,204,MF_AGG3B,KG_PER_CON_USD,2025-03-21T00:00:00,2023,2015,0.00987
2017,A,0,WESR / Global Material Flows Database,EN_MAT_DOMCMPG,204,MF_AGG3B,KG_PER_CON_USD,2025-03-21T00:00:00,2023,2015,0.00449
2018,A,0,WESR / Global Material Flows Database,EN_MAT_DOMCMPG,204,MF_AGG3B,KG_PER_CON_USD,2025-03-21T00:00:00,2023,2015,0.02186
2019,A,0,WESR / Global Material Flows Database,EN_MAT_DOMCMPG,204,MF_AGG3B,KG_PER_CON_USD,2025-03-21T00:00:00,2023,2015,0.02253
2020,A,0,WESR / Global Material Flows Database,EN_MAT_DOMCMPG,204,MF_AGG3B,KG_PER_CON_USD,2025-03-21T00:00:00,2023,2015,0.02101
2021,A,0,WESR / Global Material Flows Database,EN_MAT_DOMCMPG,204,MF_AGG3B,KG_PER_CON_USD,2025-03-21T00:00:00,2023,2015,0.02076
2022,A,0,WESR / Global Material Flows Database,EN_MAT_DOMCMPG,204,MF_AGG3B,KG_PER_CON_USD,2025-03-21T00:00:00,2023,2015,0.02024
2023,A,0,WESR / Global Material Flows Database,EN_MAT_DOMCMPG,204,MF_AGG3B,KG_PER_CON_USD,2025-03-21T00:00:00,2023,2015,0.01923
2000,A,0,WESR / Global Material Flows Database,EN_MAT_DOMCMPG,204,MF1,KG_PER_CON_USD,2025-03-21T00:00:00,2023,2015,3.46464
2001,A,0,WESR / Global Material Flows Database,EN_MAT_DOMCMPG,204,MF1,KG_PER_CON_USD,2025-03-21T00:00:00,2023,2015,3.389
2002,A,0,WESR / Global Material Flows Database,EN_MAT_DOMCMPG,204,MF1,KG_PER_CON_USD,2025-03-21T00:00:00,2023,2015,3.59658
2003,A,0,WESR / Global Material Flows Database,EN_MAT_DOMCMPG,204,MF1,KG_PER_CON_USD,2025-03-21T00:00:00,2023,2015,3.42191
2004,A,0,WESR / Global Material Flows Database,EN_MAT_DOMCMPG,204,MF1,KG_PER_CON_USD,2025-03-21T00:00:00,2023,2015,3.39306
2005,A,0,WESR / Global Material Flows Database,EN_MAT_DOMCMPG,204,MF1,KG_PER_CON_USD,2025-03-21T00:00:00,2023,2015,3.23457
2006,A,0,WESR / Global Material Flows Database,EN_MAT_DOMCMPG,204,MF1,KG_PER_CON_USD,2025-03-21T00:00:00,2023,2015,3.07521
2007,A,0,WESR / Global Material Flows Database,EN_MAT_DOMCMPG,204,MF1,KG_PER_CON_USD,2025-03-21T00:00:00,2023,2015,2.8661
2008,A,0,WESR / Global Material Flows Database,EN_MAT_DOMCMPG,204,MF1,KG_PER_CON_USD,2025-03-21T00:00:00,2023,2015,3.14133
2009,A,0,WESR / Global Material Flows Database,EN_MAT_DOMCMPG,204,MF1,KG_PER_CON_USD,2025-03-21T00:00:00,2023,2015,3.28985
2010,A,0,WESR / Global Material Flows Database,EN_MAT_DOMCMPG,204,MF1,KG_PER_CON_USD,2025-03-21T00:00:00,2023,2015,3.11817
2011,A,0,WESR / Global Material Flows Database,EN_MAT_DOMCMPG,204,MF1,KG_PER_CON_USD,2025-03-21T00:00:00,2023,2015,3.30604
2012,A,0,WESR / Global Material Flows Database,EN_MAT_DOMCMPG,204,MF1,KG_PER_CON_USD,2025-03-21T00:00:00,2023,2015,3.20737
2013,A,0,WESR / Global Material Flows Database,EN_MAT_DOMCMPG,204,MF1,KG_PER_CON_USD,2025-03-21T00:00:00,2023,2015,3.23608
2014,A,0,WESR / Global Material Flows Database,EN_MAT_DOMCMPG,204,MF1,KG_PER_CON_USD,2025-03-21T00:00:00,2023,2015,3.15206
2015,A,0,WESR / Global Material Flows Database,EN_MAT_DOMCMPG,204,MF1,KG_PER_CON_USD,2025-03-21T00:00:00,2023,2015,2.85282
2016,A,0,WESR / Global Material Flows Database,EN_MAT_DOMCMPG,204,MF1,KG_PER_CON_USD,2025-03-21T00:00:00,2023,2015,3.06899
2017,A,0,WESR / Global Material Flows Database,EN_MAT_DOMCMPG,204,MF1,KG_PER_CON_USD,2025-03-21T00:00:00,2023,2015,3.06171
2018,A,0,WESR / Global Material Flows Database,EN_MAT_DOMCMPG,204,MF1,KG_PER_CON_USD,2025-03-21T00:00:00,2023,2015,2.94664
2019,A,0,WESR / Global Material Flows Database,EN_MAT_DOMCMPG,204,MF1,KG_PER_CON_USD,2025-03-21T00:00:00,2023,2015,2.85889
2020,A,0,WESR / Global Material Flows Database,EN_MAT_DOMCMPG,204,MF1,KG_PER_CON_USD,2025-03-21T00:00:00,2023,2015,2.65325
2021,A,0,WESR / Global Material Flows Database,EN_MAT_DOMCMPG,204,MF1,KG_PER_CON_USD,2025-03-21T00:00:00,2023,2015,2.56305
2022,A,0,WESR / Global Material Flows Database,EN_MAT_DOMCMPG,204,MF1,KG_PER_CON_USD,2025-03-21T00:00:00,2023,2015,2.44526
2023,A,0,WESR / Global Material Flows Database,EN_MAT_DOMCMPG,204,MF1,KG_PER_CON_USD,2025-03-21T00:00:00,2023,2015,2.27789
2000,A,0,WESR / Global Material Flows Database,EN_MAT_DOMCMPG,204,MF11,KG_PER_CON_USD,2025-03-21T00:00:00,2023,2015,1.02573
2001,A,0,WESR / Global Material Flows Database,EN_MAT_DOMCMPG,204,MF11,KG_PER_CON_USD,2025-03-21T00:00:00,2023,2015,1.03197
2002,A,0,WESR / Global Material Flows Database,EN_MAT_DOMCMPG,204,MF11,KG_PER_CON_USD,2025-03-21T00:00:00,2023,2015,1.16188
2003,A,0,WESR / Global Material Flows Database,EN_MAT_DOMCMPG,204,MF11,KG_PER_CON_USD,2025-03-21T00:00:00,2023,2015,1.09024
2004,A,0,WESR / Global Material Flows Database,EN_MAT_DOMCMPG,204,MF11,KG_PER_CON_USD,2025-03-21T00:00:00,2023,2015,1.09152
2005,A,0,WESR / Global Material Flows Database,EN_MAT_DOMCMPG,204,MF11,KG_PER_CON_USD,2025-03-21T00:00:00,2023,2015,1.03615
2006,A,0,WESR / Global Material Flows Database,EN_MAT_DOMCMPG,204,MF11,KG_PER_CON_USD,2025-03-21T00:00:00,2023,2015,0.98193
2007,A,0,WESR / Global Material Flows Database,EN_MAT_DOMCMPG,204,MF11,KG_PER_CON_USD,2025-03-21T00:00:00,2023,2015,0.87396
2008,A,0,WESR / Global Material Flows Database,EN_MAT_DOMCMPG,204,MF11,KG_PER_CON_USD,2025-03-21T00:00:00,2023,2015,1.06368
2009,A,0,WESR / Global Material Flows Database,EN_MAT_DOMCMPG,204,MF11,KG_PER_CON_USD,2025-03-21T00:00:00,2023,2015,1.12052
2010,A,0,WESR / Global Material Flows Database,EN_MAT_DOMCMPG,204,MF11,KG_PER_CON_USD,2025-03-21T00:00:00,2023,2015,1.03237
2011,A,0,WESR / Global Material Flows Database,EN_MAT_DOMCMPG,204,MF11,KG_PER_CON_USD,2025-03-21T00:00:00,2023,2015,1.17907
2012,A,0,WESR / Global Material Flows Database,EN_MAT_DOMCMPG,204,MF11,KG_PER_CON_USD,2025-03-21T00:00:00,2023,2015,1.1361
2013,A,0,WESR / Global Material Flows Database,EN_MAT_DOMCMPG,204,MF11,KG_PER_CON_USD,2025-03-21T00:00:00,2023,2015,1.20352
2014,A,0,WESR / Global Material Flows Database,EN_MAT_DOMCMPG,204,MF11,KG_PER_CON_USD,2025-03-21T00:00:00,2023,2015,1.18229
2015,A,0,WESR / Global Material Flows Database,EN_MAT_DOMCMPG,204,MF11,KG_PER_CON_USD,2025-03-21T00:00:00,2023,2015,1.00764
2016,A,0,WESR / Global Material Flows Database,EN_MAT_DOMCMPG,204,MF11,KG_PER_CON_USD,2025-03-21T00:00:00,2023,2015,1.14111
2017,A,0,WESR / Global Material Flows Database,EN_MAT_DOMCMPG,204,MF11,KG_PER_CON_USD,2025-03-21T00:00:00,2023,2015,1.15839
2018,A,0,WESR / Global Material Flows Database,EN_MAT_DOMCMPG,204,MF11,KG_PER_CON_USD,2025-03-21T00:00:00,2023,2015,1.07533
2019,A,0,WESR / Global Material Flows Database,EN_MAT_DOMCMPG,204,MF11,KG_PER_CON_USD,2025-03-21T00:00:00,2023,2015,1.06412
2020,A,0,WESR / Global Material Flows Database,EN_MAT_DOMCMPG,204,MF11,KG_PER_CON_USD,2025-03-21T00:00:00,2023,2015,0.92954
2021,A,0,WESR / Global Material Flows Database,EN_MAT_DOMCMPG,204,MF11,KG_PER_CON_USD,2025-03-21T00:00:00,2023,2015,0.92897
2022,A,0,WESR / Global Material Flows Database,EN_MAT_DOMCMPG,204,MF11,KG_PER_CON_USD,2025-03-21T00:00:00,2023,2015,0.89235
2023,A,0,WESR / Global Material Flows Database,EN_MAT_DOMCMPG,204,MF11,KG_PER_CON_USD,2025-03-21T00:00:00,2023,2015,0.83564
2000,A,0,WESR / Global Material Flows Database,EN_MAT_DOMCMPG,204,MF121,KG_PER_CON_USD,2025-03-21T00:00:00,2023,2015,1.15448
2001,A,0,WESR / Global Material Flows Database,EN_MAT_DOMCMPG,204,MF121,KG_PER_CON_USD,2025-03-21T00:00:00,2023,2015,1.11342
2002,A,0,WESR / Global Material Flows Database,EN_MAT_DOMCMPG,204,MF121,KG_PER_CON_USD,2025-03-21T00:00:00,2023,2015,1.22391
2003,A,0,WESR / Global Material Flows Database,EN_MAT_DOMCMPG,204,MF121,KG_PER_CON_USD,2025-03-21T00:00:00,2023,2015,1.14826
2004,A,0,WESR / Global Material Flows Database,EN_MAT_DOMCMPG,204,MF121,KG_PER_CON_USD,2025-03-21T00:00:00,2023,2015,1.15842
2005,A,0,WESR / Global Material Flows Database,EN_MAT_DOMCMPG,204,MF121,KG_PER_CON_USD,2025-03-21T00:00:00,2023,2015,1.06849
2006,A,0,WESR / Global Material Flows Database,EN_MAT_DOMCMPG,204,MF121,KG_PER_CON_USD,2025-03-21T00:00:00,2023,2015,0.96424
2007,A,0,WESR / Global Material Flows Database,EN_MAT_DOMCMPG,204,MF121,KG_PER_CON_USD,2025-03-21T00:00:00,2023,2015,0.91758
2008,A,0,WESR / Global Material Flows Database,EN_MAT_DOMCMPG,204,MF121,KG_PER_CON_USD,2025-03-21T00:00:00,2023,2015,1.03515
2009,A,0,WESR / Global Material Flows Database,EN_MAT_DOMCMPG,204,MF121,KG_PER_CON_USD,2025-03-21T00:00:00,2023,2015,1.13032
2010,A,0,WESR / Global Material Flows Database,EN_MAT_DOMCMPG,204,MF121,KG_PER_CON_USD,2025-03-21T00:00:00,2023,2015,1.05392
2011,A,0,WESR / Global Material Flows Database,EN_MAT_DOMCMPG,204,MF121,KG_PER_CON_USD,2025-03-21T00:00:00,2023,2015,1.11886
2012,A,0,WESR / Global Material Flows Database,EN_MAT_DOMCMPG,204,MF121,KG_PER_CON_USD,2025-03-21T00:00:00,2023,2015,1.09318
2013,A,0,WESR / Global Material Flows Database,EN_MAT_DOMCMPG,204,MF121,KG_PER_CON_USD,2025-03-21T00:00:00,2023,2015,1.10698
2014,A,0,WESR / Global Material Flows Database,EN_MAT_DOMCMPG,204,MF121,KG_PER_CON_USD,2025-03-21T00:00:00,2023,2015,1.08526
2015,A,0,WESR / Global Material Flows Database,EN_MAT_DOMCMPG,204,MF121,KG_PER_CON_USD,2025-03-21T00:00:00,2023,2015,0.96601
2016,A,0,WESR / Global Material Flows Database,EN_MAT_DOMCMPG,204,MF121,KG_PER_CON_USD,2025-03-21T00:00:00,2023,2015,1.04871
2017,A,0,WESR / Global Material Flows Database,EN_MAT_DOMCMPG,204,MF121,KG_PER_CON_USD,2025-03-21T00:00:00,2023,2015,1.05964
2018,A,0,WESR / Global Material Flows Database,EN_MAT_DOMCMPG,204,MF121,KG_PER_CON_USD,2025-03-21T00:00:00,2023,2015,1.06969
2019,A,0,WESR / Global Material Flows Database,EN_MAT_DOMCMPG,204,MF121,KG_PER_CON_USD,2025-03-21T00:00:00,2023,2015,1.03092
2020,A,0,WESR / Global Material Flows Database,EN_MAT_DOMCMPG,204,MF121,KG_PER_CON_USD,2025-03-21T00:00:00,2023,2015,0.97407
2021,A,0,WESR / Global Material Flows Database,EN_MAT_DOMCMPG,204,MF121,KG_PER_CON_USD,2025-03-21T00:00:00,2023,2015,0.93088
2022,A,0,WESR / Global Material Flows Database,EN_MAT_DOMCMPG,204,MF121,KG_PER_CON_USD,2025-03-21T00:00:00,2023,2015,0.89407
2023,A,0,WESR / Global Material Flows Database,EN_MAT_DOMCMPG,204,MF121,KG_PER_CON_USD,2025-03-21T00:00:00,2023,2015,0.84164
2000,A,0,WESR / Global Material Flows Database,EN_MAT_DOMCMPG,204,MF122,KG_PER_CON_USD,2025-03-21T00:00:00,2023,2015,0.58806
2001,A,0,WESR / Global Material Flows Database,EN_MAT_DOMCMPG,204,MF122,KG_PER_CON_USD,2025-03-21T00:00:00,2023,2015,0.57775
2002,A,0,WESR / Global Material Flows Database,EN_MAT_DOMCMPG,204,MF122,KG_PER_CON_USD,2025-03-21T00:00:00,2023,2015,0.56648
2003,A,0,WESR / Global Material Flows Database,EN_MAT_DOMCMPG,204,MF122,KG_PER_CON_USD,2025-03-21T00:00:00,2023,2015,0.55771
2004,A,0,WESR / Global Material Flows Database,EN_MAT_DOMCMPG,204,MF122,KG_PER_CON_USD,2025-03-21T00:00:00,2023,2015,0.54772
2005,A,0,WESR / Global Material Flows Database,EN_MAT_DOMCMPG,204,MF122,KG_PER_CON_USD,2025-03-21T00:00:00,2023,2015,0.54072
2006,A,0,WESR / Global Material Flows Database,EN_MAT_DOMCMPG,204,MF122,KG_PER_CON_USD,2025-03-21T00:00:00,2023,2015,0.546
2007,A,0,WESR / Global Material Flows Database,EN_MAT_DOMCMPG,204,MF122,KG_PER_CON_USD,2025-03-21T00:00:00,2023,2015,0.5282
2008,A,0,WESR / Global Material Flows Database,EN_MAT_DOMCMPG,204,MF122,KG_PER_CON_USD,2025-03-21T00:00:00,2023,2015,0.51623
2009,A,0,WESR / Global Material Flows Database,EN_MAT_DOMCMPG,204,MF122,KG_PER_CON_USD,2025-03-21T00:00:00,2023,2015,0.51882
2010,A,0,WESR / Global Material Flows Database,EN_MAT_DOMCMPG,204,MF122,KG_PER_CON_USD,2025-03-21T00:00:00,2023,2015,0.52101
2011,A,0,WESR / Global Material Flows Database,EN_MAT_DOMCMPG,204,MF122,KG_PER_CON_USD,2025-03-21T00:00:00,2023,2015,0.51902
2012,A,0,WESR / Global Material Flows Database,EN_MAT_DOMCMPG,204,MF122,KG_PER_CON_USD,2025-03-21T00:00:00,2023,2015,0.50767
2013,A,0,WESR / Global Material Flows Database,EN_MAT_DOMCMPG,204,MF122,KG_PER_CON_USD,2025-03-21T00:00:00,2023,2015,0.48568
2014,A,0,WESR / Global Material Flows Database,EN_MAT_DOMCMPG,204,MF122,KG_PER_CON_USD,2025-03-21T00:00:00,2023,2015,0.46819
2015,A,0,WESR / Global Material Flows Database,EN_MAT_DOMCMPG,204,MF122,KG_PER_CON_USD,2025-03-21T00:00:00,2023,2015,0.47171
2016,A,0,WESR / Global Material Flows Database,EN_MAT_DOMCMPG,204,MF122,KG_PER_CON_USD,2025-03-21T00:00:00,2023,2015,0.46801
2017,A,0,WESR / Global Material Flows Database,EN_MAT_DOMCMPG,204,MF122,KG_PER_CON_USD,2025-03-21T00:00:00,2023,2015,0.45417
2018,A,0,WESR / Global Material Flows Database,EN_MAT_DOMCMPG,204,MF122,KG_PER_CON_USD,2025-03-21T00:00:00,2023,2015,0.43644
2019,A,0,WESR / Global Material Flows Database,EN_MAT_DOMCMPG,204,MF122,KG_PER_CON_USD,2025-03-21T00:00:00,2023,2015,0.41878
2020,A,0,WESR / Global Material Flows Database,EN_MAT_DOMCMPG,204,MF122,KG_PER_CON_USD,2025-03-21T00:00:00,2023,2015,0.41355
2021,A,0,WESR / Global Material Flows Database,EN_MAT_DOMCMPG,204,MF122,KG_PER_CON_USD,2025-03-21T00:00:00,2023,2015,0.39066
2022,A,0,WESR / Global Material Flows Database,EN_MAT_DOMCMPG,204,MF122,KG_PER_CON_USD,2025-03-21T00:00:00,2023,2015,0.37305
2023,A,0,WESR / Global Material Flows Database,EN_MAT_DOMCMPG,204,MF122,KG_PER_CON_USD,2025-03-21T00:00:00,2023,2015,0.34622
2000,A,0,WESR / Global Material Flows Database,EN_MAT_DOMCMPG,204,MF13,KG_PER_CON_USD,2025-03-21T00:00:00,2023,2015,0.68819
2001,A,0,WESR / Global Material Flows Database,EN_MAT_DOMCMPG,204,MF13,KG_PER_CON_USD,2025-03-21T00:00:00,2023,2015,0.65873
2002,A,0,WESR / Global Material Flows Database,EN_MAT_DOMCMPG,204,MF13,KG_PER_CON_USD,2025-03-21T00:00:00,2023,2015,0.63592
2003,A,0,WESR / Global Material Flows Database,EN_MAT_DOMCMPG,204,MF13,KG_PER_CON_USD,2025-03-21T00:00:00,2023,2015,0.61641
2004,A,0,WESR / Global Material Flows Database,EN_MAT_DOMCMPG,204,MF13,KG_PER_CON_USD,2025-03-21T00:00:00,2023,2015,0.58677
2005,A,0,WESR / Global Material Flows Database,EN_MAT_DOMCMPG,204,MF13,KG_PER_CON_USD,2025-03-21T00:00:00,2023,2015,0.57936
2006,A,0,WESR / Global Material Flows Database,EN_MAT_DOMCMPG,204,MF13,KG_PER_CON_USD,2025-03-21T00:00:00,2023,2015,0.57104
2007,A,0,WESR / Global Material Flows Database,EN_MAT_DOMCMPG,204,MF13,KG_PER_CON_USD,2025-03-21T00:00:00,2023,2015,0.5346
2008,A,0,WESR / Global Material Flows Database,EN_MAT_DOMCMPG,204,MF13,KG_PER_CON_USD,2025-03-21T00:00:00,2023,2015,0.51311
2009,A,0,WESR / Global Material Flows Database,EN_MAT_DOMCMPG,204,MF13,KG_PER_CON_USD,2025-03-21T00:00:00,2023,2015,0.50769
2010,A,0,WESR / Global Material Flows Database,EN_MAT_DOMCMPG,204,MF13,KG_PER_CON_USD,2025-03-21T00:00:00,2023,2015,0.4984
2011,A,0,WESR / Global Material Flows Database,EN_MAT_DOMCMPG,204,MF13,KG_PER_CON_USD,2025-03-21T00:00:00,2023,2015,0.47662
2012,A,0,WESR / Global Material Flows Database,EN_MAT_DOMCMPG,204,MF13,KG_PER_CON_USD,2025-03-21T00:00:00,2023,2015,0.45861
2013,A,0,WESR / Global Material Flows Database,EN_MAT_DOMCMPG,204,MF13,KG_PER_CON_USD,2025-03-21T00:00:00,2023,2015,0.42806
2014,A,0,WESR / Global Material Flows Database,EN_MAT_DOMCMPG,204,MF13,KG_PER_CON_USD,2025-03-21T00:00:00,2023,2015,0.39902
2015,A,0,WESR / Global Material Flows Database,EN_MAT_DOMCMPG,204,MF13,KG_PER_CON_USD,2025-03-21T00:00:00,2023,2015,0.39168
2016,A,0,WESR / Global Material Flows Database,EN_MAT_DOMCMPG,204,MF13,KG_PER_CON_USD,2025-03-21T00:00:00,2023,2015,0.39234
2017,A,0,WESR / Global Material Flows Database,EN_MAT_DOMCMPG,204,MF13,KG_PER_CON_USD,2025-03-21T00:00:00,2023,2015,0.37732
2018,A,0,WESR / Global Material Flows Database,EN_MAT_DOMCMPG,204,MF13,KG_PER_CON_USD,2025-03-21T00:00:00,2023,2015,0.35303
2019,A,0,WESR / Global Material Flows Database,EN_MAT_DOMCMPG,204,MF13,KG_PER_CON_USD,2025-03-21T00:00:00,2023,2015,0.33222
2020,A,0,WESR / Global Material Flows Database,EN_MAT_DOMCMPG,204,MF13,KG_PER_CON_USD,2025-03-21T00:00:00,2023,2015,0.32354
2021,A,0,WESR / Global Material Flows Database,EN_MAT_DOMCMPG,204,MF13,KG_PER_CON_USD,2025-03-21T00:00:00,2023,2015,0.30031
2022,A,0,WESR / Global Material Flows Database,EN_MAT_DOMCMPG,204,MF13,KG_PER_CON_USD,2025-03-21T00:00:00,2023,2015,0.27402
2023,A,0,WESR / Global Material Flows Database,EN_MAT_DOMCMPG,204,MF13,KG_PER_CON_USD,2025-03-21T00:00:00,2023,2015,0.24331
2000,A,0,WESR / Global Material Flows Database,EN_MAT_DOMCMPG,204,MF14,KG_PER_CON_USD,2025-03-21T00:00:00,2023,2015,0.00818
2001,A,0,WESR / Global Material Flows Database,EN_MAT_DOMCMPG,204,MF14,KG_PER_CON_USD,2025-03-21T00:00:00,2023,2015,0.00713
2002,A,0,WESR / Global Material Flows Database,EN_MAT_DOMCMPG,204,MF14,KG_PER_CON_USD,2025-03-21T00:00:00,2023,2015,0.00839
2003,A,0,WESR / Global Material Flows Database,EN_MAT_DOMCMPG,204,MF14,KG_PER_CON_USD,2025-03-21T00:00:00,2023,2015,0.00929
2004,A,0,WESR / Global Material Flows Database,EN_MAT_DOMCMPG,204,MF14,KG_PER_CON_USD,2025-03-21T00:00:00,2023,2015,0.00863
2005,A,0,WESR / Global Material Flows Database,EN_MAT_DOMCMPG,204,MF14,KG_PER_CON_USD,2025-03-21T00:00:00,2023,2015,0.00985
2006,A,0,WESR / Global Material Flows Database,EN_MAT_DOMCMPG,204,MF14,KG_PER_CON_USD,2025-03-21T00:00:00,2023,2015,0.012
2007,A,0,WESR / Global Material Flows Database,EN_MAT_DOMCMPG,204,MF14,KG_PER_CON_USD,2025-03-21T00:00:00,2023,2015,0.01175
2008,A,0,WESR / Global Material Flows Database,EN_MAT_DOMCMPG,204,MF14,KG_PER_CON_USD,2025-03-21T00:00:00,2023,2015,0.01316
2009,A,0,WESR / Global Material Flows Database,EN_MAT_DOMCMPG,204,MF14,KG_PER_CON_USD,2025-03-21T00:00:00,2023,2015,0.0125
2010,A,0,WESR / Global Material Flows Database,EN_MAT_DOMCMPG,204,MF14,KG_PER_CON_USD,2025-03-21T00:00:00,2023,2015,0.01247
2011,A,0,WESR / Global Material Flows Database,EN_MAT_DOMCMPG,204,MF14,KG_PER_CON_USD,2025-03-21T00:00:00,2023,2015,0.01247
2012,A,0,WESR / Global Material Flows Database,EN_MAT_DOMCMPG,204,MF14,KG_PER_CON_USD,2025-03-21T00:00:00,2023,2015,0.01182
2013,A,0,WESR / Global Material Flows Database,EN_MAT_DOMCMPG,204,MF14,KG_PER_CON_USD,2025-03-21T00:00:00,2023,2015,0.01185
2014,A,0,WESR / Global Material Flows Database,EN_MAT_DOMCMPG,204,MF14,KG_PER_CON_USD,2025-03-21T00:00:00,2023,2015,0.01731
2015,A,0,WESR / Global Material Flows Database,EN_MAT_DOMCMPG,204,MF14,KG_PER_CON_USD,2025-03-21T00:00:00,2023,2015,0.01578
2016,A,0,WESR / Global Material Flows Database,EN_MAT_DOMCMPG,204,MF14,KG_PER_CON_USD,2025-03-21T00:00:00,2023,2015,0.01882
2017,A,0,WESR / Global Material Flows Database,EN_MAT_DOMCMPG,204,MF14,KG_PER_CON_USD,2025-03-21T00:00:00,2023,2015,0.01218
2018,A,0,WESR / Global Material Flows Database,EN_MAT_DOMCMPG,204,MF14,KG_PER_CON_USD,2025-03-21T00:00:00,2023,2015,0.01215
2019,A,0,WESR / Global Material Flows Database,EN_MAT_DOMCMPG,204,MF14,KG_PER_CON_USD,2025-03-21T00:00:00,2023,2015,0.01285
2020,A,0,WESR / Global Material Flows Database,EN_MAT_DOMCMPG,204,MF14,KG_PER_CON_USD,2025-03-21T00:00:00,2023,2015,0.01255
2021,A,0,WESR / Global Material Flows Database,EN_MAT_DOMCMPG,204,MF14,KG_PER_CON_USD,2025-03-21T00:00:00,2023,2015,0.01223
2022,A,0,WESR / Global Material Flows Database,EN_MAT_DOMCMPG,204,MF14,KG_PER_CON_USD,2025-03-21T00:00:00,2023,2015,0.01177
2023,A,0,WESR / Global Material Flows Database,EN_MAT_DOMCMPG,204,MF14,KG_PER_CON_USD,2025-03-21T00:00:00,2023,2015,0.01107
2000,A,0,WESR / Global Material Flows Database,EN_MAT_DOMCMPG,204,MF2,KG_PER_CON_USD,2025-03-21T00:00:00,2023,2015,0.00338
2001,A,0,WESR / Global Material Flows Database,EN_MAT_DOMCMPG,204,MF2,KG_PER_CON_USD,2025-03-21T00:00:00,2023,2015,0.00728
2002,A,0,WESR / Global Material Flows Database,EN_MAT_DOMCMPG,204,MF2,KG_PER_CON_USD,2025-03-21T00:00:00,2023,2015,0.01035
2003,A,0,WESR / Global Material Flows Database,EN_MAT_DOMCMPG,204,MF2,KG_PER_CON_USD,2025-03-21T00:00:00,2023,2015,0.01096
2004,A,0,WESR / Global Material Flows Database,EN_MAT_DOMCMPG,204,MF2,KG_PER_CON_USD,2025-03-21T00:00:00,2023,2015,0.00525
2005,A,0,WESR / Global Material Flows Database,EN_MAT_DOMCMPG,204,MF2,KG_PER_CON_USD,2025-03-21T00:00:00,2023,2015,0.00654
2006,A,0,WESR / Global Material Flows Database,EN_MAT_DOMCMPG,204,MF2,KG_PER_CON_USD,2025-03-21T00:00:00,2023,2015,0.00166
2007,A,0,WESR / Global Material Flows Database,EN_MAT_DOMCMPG,204,MF2,KG_PER_CON_USD,2025-03-21T00:00:00,2023,2015,0.01455
2008,A,0,WESR / Global Material Flows Database,EN_MAT_DOMCMPG,204,MF2,KG_PER_CON_USD,2025-03-21T00:00:00,2023,2015,0.0098
2009,A,0,WESR / Global Material Flows Database,EN_MAT_DOMCMPG,204,MF2,KG_PER_CON_USD,2025-03-21T00:00:00,2023,2015,0.01122
2010,A,0,WESR / Global Material Flows Database,EN_MAT_DOMCMPG,204,MF2,KG_PER_CON_USD,2025-03-21T00:00:00,2023,2015,0.01108
2011,A,0,WESR / Global Material Flows Database,EN_MAT_DOMCMPG,204,MF2,KG_PER_CON_USD,2025-03-21T00:00:00,2023,2015,0.01011
2012,A,0,WESR / Global Material Flows Database,EN_MAT_DOMCMPG,204,MF2,KG_PER_CON_USD,2025-03-21T00:00:00,2023,2015,0.01392
2013,A,0,WESR / Global Material Flows Database,EN_MAT_DOMCMPG,204,MF2,KG_PER_CON_USD,2025-03-21T00:00:00,2023,2015,0.00877
2014,A,0,WESR / Global Material Flows Database,EN_MAT_DOMCMPG,204,MF2,KG_PER_CON_USD,2025-03-21T00:00:00,2023,2015,0.0118
2015,A,0,WESR / Global Material Flows Database,EN_MAT_DOMCMPG,204,MF2,KG_PER_CON_USD,2025-03-21T00:00:00,2023,2015,0.01042
2016,A,0,WESR / Global Material Flows Database,EN_MAT_DOMCMPG,204,MF2,KG_PER_CON_USD,2025-03-21T00:00:00,2023,2015,0.01294
2017,A,0,WESR / Global Material Flows Database,EN_MAT_DOMCMPG,204,MF2,KG_PER_CON_USD,2025-03-21T00:00:00,2023,2015,0.00754
2018,A,0,WESR / Global Material Flows Database,EN_MAT_DOMCMPG,204,MF2,KG_PER_CON_USD,2025-03-21T00:00:00,2023,2015,0.00449
2019,A,0,WESR / Global Material Flows Database,EN_MAT_DOMCMPG,204,MF2,KG_PER_CON_USD,2025-03-21T00:00:00,2023,2015,0.00246
2020,A,0,WESR / Global Material Flows Database,EN_MAT_DOMCMPG,204,MF2,KG_PER_CON_USD,2025-03-21T00:00:00,2023,2015,0.00241
2021,A,0,WESR / Global Material Flows Database,EN_MAT_DOMCMPG,204,MF2,KG_PER_CON_USD,2025-03-21T00:00:00,2023,2015,0.00233
2022,A,0,WESR / Global Material Flows Database,EN_MAT_DOMCMPG,204,MF2,KG_PER_CON_USD,2025-03-21T00:00:00,2023,2015,0.0023
2023,A,0,WESR / Global Material Flows Database,EN_MAT_DOMCMPG,204,MF2,KG_PER_CON_USD,2025-03-21T00:00:00,2023,2015,0.00222
2000,A,0,WESR / Global Material Flows Database,EN_MAT_DOMCMPG,204,MF21,KG_PER_CON_USD,2025-03-21T00:00:00,2023,2015,0.00322
2001,A,0,WESR / Global Material Flows Database,EN_MAT_DOMCMPG,204,MF21,KG_PER_CON_USD,2025-03-21T00:00:00,2023,2015,0.00569
2002,A,0,WESR / Global Material Flows Database,EN_MAT_DOMCMPG,204,MF21,KG_PER_CON_USD,2025-03-21T00:00:00,2023,2015,0.00834
2003,A,0,WESR / Global Material Flows Database,EN_MAT_DOMCMPG,204,MF21,KG_PER_CON_USD,2025-03-21T00:00:00,2023,2015,0.00897
2004,A,0,WESR / Global Material Flows Database,EN_MAT_DOMCMPG,204,MF21,KG_PER_CON_USD,2025-03-21T00:00:00,2023,2015,0.00343
2005,A,0,WESR / Global Material Flows Database,EN_MAT_DOMCMPG,204,MF21,KG_PER_CON_USD,2025-03-21T00:00:00,2023,2015,0.00479
2006,A,0,WESR / Global Material Flows Database,EN_MAT_DOMCMPG,204,MF21,KG_PER_CON_USD,2025-03-21T00:00:00,2023,2015,-0.00027
2007,A,0,WESR / Global Material Flows Database,EN_MAT_DOMCMPG,204,MF21,KG_PER_CON_USD,2025-03-21T00:00:00,2023,2015,0.01313
2008,A,0,WESR / Global Material Flows Database,EN_MAT_DOMCMPG,204,MF21,KG_PER_CON_USD,2025-03-21T00:00:00,2023,2015,0.00824
2009,A,0,WESR / Global Material Flows Database,EN_MAT_DOMCMPG,204,MF21,KG_PER_CON_USD,2025-03-21T00:00:00,2023,2015,0.00959
2010,A,0,WESR / Global Material Flows Database,EN_MAT_DOMCMPG,204,MF21,KG_PER_CON_USD,2025-03-21T00:00:00,2023,2015,0.00942
2011,A,0,WESR / Global Material Flows Database,EN_MAT_DOMCMPG,204,MF21,KG_PER_CON_USD,2025-03-21T00:00:00,2023,2015,0.00836
2012,A,0,WESR / Global Material Flows Database,EN_MAT_DOMCMPG,204,MF21,KG_PER_CON_USD,2025-03-21T00:00:00,2023,2015,0.01161
2013,A,0,WESR / Global Material Flows Database,EN_MAT_DOMCMPG,204,MF21,KG_PER_CON_USD,2025-03-21T00:00:00,2023,2015,0.0066
2014,A,0,WESR / Global Material Flows Database,EN_MAT_DOMCMPG,204,MF21,KG_PER_CON_USD,2025-03-21T00:00:00,2023,2015,0.00943
2015,A,0,WESR / Global Material Flows Database,EN_MAT_DOMCMPG,204,MF21,KG_PER_CON_USD,2025-03-21T00:00:00,2023,2015,0.00962
2016,A,0,WESR / Global Material Flows Database,EN_MAT_DOMCMPG,204,MF21,KG_PER_CON_USD,2025-03-21T00:00:00,2023,2015,0.01191
2017,A,0,WESR / Global Material Flows Database,EN_MAT_DOMCMPG,204,MF21,KG_PER_CON_USD,2025-03-21T00:00:00,2023,2015,0.00745
2018,A,0,WESR / Global Material Flows Database,EN_MAT_DOMCMPG,204,MF21,KG_PER_CON_USD,2025-03-21T00:00:00,2023,2015,0.00462
2019,A,0,WESR / Global Material Flows Database,EN_MAT_DOMCMPG,204,MF21,KG_PER_CON_USD,2025-03-21T00:00:00,2023,2015,0.002
2020,A,0,WESR / Global Material Flows Database,EN_MAT_DOMCMPG,204,MF21,KG_PER_CON_USD,2025-03-21T00:00:00,2023,2015,0.00194
2021,A,0,WESR / Global Material Flows Database,EN_MAT_DOMCMPG,204,MF21,KG_PER_CON_USD,2025-03-21T00:00:00,2023,2015,0.00189
2022,A,0,WESR / Global Material Flows Database,EN_MAT_DOMCMPG,204,MF21,KG_PER_CON_USD,2025-03-21T00:00:00,2023,2015,0.00186
2023,A,0,WESR / Global Material Flows Database,EN_MAT_DOMCMPG,204,MF21,KG_PER_CON_USD,2025-03-21T00:00:00,2023,2015,0.00178
2000,A,0,WESR / Global Material Flows Database,EN_MAT_DOMCMPG,204,MF22,KG_PER_CON_USD,2025-03-21T00:00:00,2023,2015,0.00016
2001,A,0,WESR / Global Material Flows Database,EN_MAT_DOMCMPG,204,MF22,KG_PER_CON_USD,2025-03-21T00:00:00,2023,2015,0.00159
2002,A,0,WESR / Global Material Flows Database,EN_MAT_DOMCMPG,204,MF22,KG_PER_CON_USD,2025-03-21T00:00:00,2023,2015,0.00201
2003,A,0,WESR / Global Material Flows Database,EN_MAT_DOMCMPG,204,MF22,KG_PER_CON_USD,2025-03-21T00:00:00,2023,2015,0.00199
2004,A,0,WESR / Global Material Flows Database,EN_MAT_DOMCMPG,204,MF22,KG_PER_CON_USD,2025-03-21T00:00:00,2023,2015,0.00182
2005,A,0,WESR / Global Material Flows Database,EN_MAT_DOMCMPG,204,MF22,KG_PER_CON_USD,2025-03-21T00:00:00,2023,2015,0.00175
2006,A,0,WESR / Global Material Flows Database,EN_MAT_DOMCMPG,204,MF22,KG_PER_CON_USD,2025-03-21T00:00:00,2023,2015,0.00192
2007,A,0,WESR / Global Material Flows Database,EN_MAT_DOMCMPG,204,MF22,KG_PER_CON_USD,2025-03-21T00:00:00,2023,2015,0.00143
2008,A,0,WESR / Global Material Flows Database,EN_MAT_DOMCMPG,204,MF22,KG_PER_CON_USD,2025-03-21T00:00:00,2023,2015,0.00155
2009,A,0,WESR / Global Material Flows Database,EN_MAT_DOMCMPG,204,MF22,KG_PER_CON_USD,2025-03-21T00:00:00,2023,2015,0.00162
2010,A,0,WESR / Global Material Flows Database,EN_MAT_DOMCMPG,204,MF22,KG_PER_CON_USD,2025-03-21T00:00:00,2023,2015,0.00166
2011,A,0,WESR / Global Material Flows Database,EN_MAT_DOMCMPG,204,MF22,KG_PER_CON_USD,2025-03-21T00:00:00,2023,2015,0.00175
2012,A,0,WESR / Global Material Flows Database,EN_MAT_DOMCMPG,204,MF22,KG_PER_CON_USD,2025-03-21T00:00:00,2023,2015,0.00231
2013,A,0,WESR / Global Material Flows Database,EN_MAT_DOMCMPG,204,MF22,KG_PER_CON_USD,2025-03-21T00:00:00,2023,2015,0.00217
2014,A,0,WESR / Global Material Flows Database,EN_MAT_DOMCMPG,204,MF22,KG_PER_CON_USD,2025-03-21T00:00:00,2023,2015,0.00237
2015,A,0,WESR / Global Material Flows Database,EN_MAT_DOMCMPG,204,MF22,KG_PER_CON_USD,2025-03-21T00:00:00,2023,2015,0.0008
2016,A,0,WESR / Global Material Flows Database,EN_MAT_DOMCMPG,204,MF22,KG_PER_CON_USD,2025-03-21T00:00:00,2023,2015,0.00103
2017,A,0,WESR / Global Material Flows Database,EN_MAT_DOMCMPG,204,MF22,KG_PER_CON_USD,2025-03-21T00:00:00,2023,2015,9e-05
2018,A,0,WESR / Global Material Flows Database,EN_MAT_DOMCMPG,204,MF22,KG_PER_CON_USD,2025-03-21T00:00:00,2023,2015,-0.00013
2019,A,0,WESR / Global Material Flows Database,EN_MAT_DOMCMPG,204,MF22,KG_PER_CON_USD,2025-03-21T00:00:00,2023,2015,0.00046
2020,A,0,WESR / Global Material Flows Database,EN_MAT_DOMCMPG,204,MF22,KG_PER_CON_USD,2025-03-21T00:00:00,2023,2015,0.00047
2021,A,0,WESR / Global Material Flows Database,EN_MAT_DOMCMPG,204,MF22,KG_PER_CON_USD,2025-03-21T00:00:00,2023,2015,0.00045
2022,A,0,WESR / Global Material Flows Database,EN_MAT_DOMCMPG,204,MF22,KG_PER_CON_USD,2025-03-21T00:00:00,2023,2015,0.00045
2023,A,0,WESR / Global Material Flows Database,EN_MAT_DOMCMPG,204,MF22,KG_PER_CON_USD,2025-03-21T00:00:00,2023,2015,0.00044
2000,A,0,WESR / Global Material Flows Database,EN_MAT_DOMCMPG,204,MF3,KG_PER_CON_USD,2025-03-21T00:00:00,2023,2015,0.91743
2001,A,0,WESR / Global Material Flows Database,EN_MAT_DOMCMPG,204,MF3,KG_PER_CON_USD,2025-03-21T00:00:00,2023,2015,1.36296
2002,A,0,WESR / Global Material Flows Database,EN_MAT_DOMCMPG,204,MF3,KG_PER_CON_USD,2025-03-21T00:00:00,2023,2015,1.03834
2003,A,0,WESR / Global Material Flows Database,EN_MAT_DOMCMPG,204,MF3,KG_PER_CON_USD,2025-03-21T00:00:00,2023,2015,1.08789
2004,A,0,WESR / Global Material Flows Database,EN_MAT_DOMCMPG,204,MF3,KG_PER_CON_USD,2025-03-21T00:00:00,2023,2015,0.81751
2005,A,0,WESR / Global Material Flows Database,EN_MAT_DOMCMPG,204,MF3,KG_PER_CON_USD,2025-03-21T00:00:00,2023,2015,0.90714
2006,A,0,WESR / Global Material Flows Database,EN_MAT_DOMCMPG,204,MF3,KG_PER_CON_USD,2025-03-21T00:00:00,2023,2015,1.72083
2007,A,0,WESR / Global Material Flows Database,EN_MAT_DOMCMPG,204,MF3,KG_PER_CON_USD,2025-03-21T00:00:00,2023,2015,1.64773
2008,A,0,WESR / Global Material Flows Database,EN_MAT_DOMCMPG,204,MF3,KG_PER_CON_USD,2025-03-21T00:00:00,2023,2015,1.5688
2009,A,0,WESR / Global Material Flows Database,EN_MAT_DOMCMPG,204,MF3,KG_PER_CON_USD,2025-03-21T00:00:00,2023,2015,1.55583
2010,A,0,WESR / Global Material Flows Database,EN_MAT_DOMCMPG,204,MF3,KG_PER_CON_USD,2025-03-21T00:00:00,2023,2015,1.53803
2011,A,0,WESR / Global Material Flows Database,EN_MAT_DOMCMPG,204,MF3,KG_PER_CON_USD,2025-03-21T00:00:00,2023,2015,1.66127
2012,A,0,WESR / Global Material Flows Database,EN_MAT_DOMCMPG,204,MF3,KG_PER_CON_USD,2025-03-21T00:00:00,2023,2015,1.6585
2013,A,0,WESR / Global Material Flows Database,EN_MAT_DOMCMPG,204,MF3,KG_PER_CON_USD,2025-03-21T00:00:00,2023,2015,1.50205
2014,A,0,WESR / Global Material Flows Database,EN_MAT_DOMCMPG,204,MF3,KG_PER_CON_USD,2025-03-21T00:00:00,2023,2015,1.13228
2015,A,0,WESR / Global Material Flows Database,EN_MAT_DOMCMPG,204,MF3,KG_PER_CON_USD,2025-03-21T00:00:00,2023,2015,1.01379
2016,A,0,WESR / Global Material Flows Database,EN_MAT_DOMCMPG,204,MF3,KG_PER_CON_USD,2025-03-21T00:00:00,2023,2015,0.81039
2017,A,0,WESR / Global Material Flows Database,EN_MAT_DOMCMPG,204,MF3,KG_PER_CON_USD,2025-03-21T00:00:00,2023,2015,0.92518
2018,A,0,WESR / Global Material Flows Database,EN_MAT_DOMCMPG,204,MF3,KG_PER_CON_USD,2025-03-21T00:00:00,2023,2015,0.91388
2019,A,0,WESR / Global Material Flows Database,EN_MAT_DOMCMPG,204,MF3,KG_PER_CON_USD,2025-03-21T00:00:00,2023,2015,0.88105
2020,A,0,WESR / Global Material Flows Database,EN_MAT_DOMCMPG,204,MF3,KG_PER_CON_USD,2025-03-21T00:00:00,2023,2015,0.83492
2021,A,0,WESR / Global Material Flows Database,EN_MAT_DOMCMPG,204,MF3,KG_PER_CON_USD,2025-03-21T00:00:00,2023,2015,0.8257
2022,A,0,WESR / Global Material Flows Database,EN_MAT_DOMCMPG,204,MF3,KG_PER_CON_USD,2025-03-21T00:00:00,2023,2015,0.80443
2023,A,0,WESR / Global Material Flows Database,EN_MAT_DOMCMPG,204,MF3,KG_PER_CON_USD,2025-03-21T00:00:00,2023,2015,0.76389
2000,A,0,WESR / Global Material Flows Database,EN_MAT_DOMCMPG,204,MF4,KG_PER_CON_USD,2025-03-21T00:00:00,2023,2015,0.00563
2001,A,0,WESR / Global Material Flows Database,EN_MAT_DOMCMPG,204,MF4,KG_PER_CON_USD,2025-03-21T00:00:00,2023,2015,0.0
2002,A,0,WESR / Global Material Flows Database,EN_MAT_DOMCMPG,204,MF4,KG_PER_CON_USD,2025-03-21T00:00:00,2023,2015,0.0
2003,A,0,WESR / Global Material Flows Database,EN_MAT_DOMCMPG,204,MF4,KG_PER_CON_USD,2025-03-21T00:00:00,2023,2015,0.0
2004,A,0,WESR / Global Material Flows Database,EN_MAT_DOMCMPG,204,MF4,KG_PER_CON_USD,2025-03-21T00:00:00,2023,2015,0.0
2005,A,0,WESR / Global Material Flows Database,EN_MAT_DOMCMPG,204,MF4,KG_PER_CON_USD,2025-03-21T00:00:00,2023,2015,0.0
2006,A,0,WESR / Global Material Flows Database,EN_MAT_DOMCMPG,204,MF4,KG_PER_CON_USD,2025-03-21T00:00:00,2023,2015,0.0
2007,A,0,WESR / Global Material Flows Database,EN_MAT_DOMCMPG,204,MF4,KG_PER_CON_USD,2025-03-21T00:00:00,2023,2015,0.0
2008,A,0,WESR / Global Material Flows Database,EN_MAT_DOMCMPG,204,MF4,KG_PER_CON_USD,2025-03-21T00:00:00,2023,2015,0.0
2009,A,0,WESR / Global Material Flows Database,EN_MAT_DOMCMPG,204,MF4,KG_PER_CON_USD,2025-03-21T00:00:00,2023,2015,0.0
2010,A,0,WESR / Global Material Flows Database,EN_MAT_DOMCMPG,204,MF4,KG_PER_CON_USD,2025-03-21T00:00:00,2023,2015,0.0
2011,A,0,WESR / Global Material Flows Database,EN_MAT_DOMCMPG,204,MF4,KG_PER_CON_USD,2025-03-21T00:00:00,2023,2015,0.0
2012,A,0,WESR / Global Material Flows Database,EN_MAT_DOMCMPG,204,MF4,KG_PER_CON_USD,2025-03-21T00:00:00,2023,2015,0.0
2013,A,0,WESR / Global Material Flows Database,EN_MAT_DOMCMPG,204,MF4,KG_PER_CON_USD,2025-03-21T00:00:00,2023,2015,0.0007
2014,A,0,WESR / Global Material Flows Database,EN_MAT_DOMCMPG,204,MF4,KG_PER_CON_USD,2025-03-21T00:00:00,2023,2015,0.00805
2015,A,0,WESR / Global Material Flows Database,EN_MAT_DOMCMPG,204,MF4,KG_PER_CON_USD,2025-03-21T00:00:00,2023,2015,0.00556
2016,A,0,WESR / Global Material Flows Database,EN_MAT_DOMCMPG,204,MF4,KG_PER_CON_USD,2025-03-21T00:00:00,2023,2015,0.00691
2017,A,0,WESR / Global Material Flows Database,EN_MAT_DOMCMPG,204,MF4,KG_PER_CON_USD,2025-03-21T00:00:00,2023,2015,0.00826
2018,A,0,WESR / Global Material Flows Database,EN_MAT_DOMCMPG,204,MF4,KG_PER_CON_USD,2025-03-21T00:00:00,2023,2015,0.01003
2019,A,0,WESR / Global Material Flows Database,EN_MAT_DOMCMPG,204,MF4,KG_PER_CON_USD,2025-03-21T00:00:00,2023,2015,0.0099
2020,A,0,WESR / Global Material Flows Database,EN_MAT_DOMCMPG,204,MF4,KG_PER_CON_USD,2025-03-21T00:00:00,2023,2015,0.01521
2021,A,0,WESR / Global Material Flows Database,EN_MAT_DOMCMPG,204,MF4,KG_PER_CON_USD,2025-03-21T00:00:00,2023,2015,0.02167
2022,A,0,WESR / Global Material Flows Database,EN_MAT_DOMCMPG,204,MF4,KG_PER_CON_USD,2025-03-21T00:00:00,2023,2015,0.02037
2023,A,0,WESR / Global Material Flows Database,EN_MAT_DOMCMPG,204,MF4,KG_PER_CON_USD,2025-03-21T00:00:00,2023,2015,0.01872
2000,A,0,WESR / Global Material Flows Database,EN_MAT_DOMCMPG,204,MF41,KG_PER_CON_USD,2025-03-21T00:00:00,2023,2015,0.0
2001,A,0,WESR / Global Material Flows Database,EN_MAT_DOMCMPG,204,MF41,KG_PER_CON_USD,2025-03-21T00:00:00,2023,2015,0.0
2002,A,0,WESR / Global Material Flows Database,EN_MAT_DOMCMPG,204,MF41,KG_PER_CON_USD,2025-03-21T00:00:00,2023,2015,0.0
2003,A,0,WESR / Global Material Flows Database,EN_MAT_DOMCMPG,204,MF41,KG_PER_CON_USD,2025-03-21T00:00:00,2023,2015,0.0
2004,A,0,WESR / Global Material Flows Database,EN_MAT_DOMCMPG,204,MF41,KG_PER_CON_USD,2025-03-21T00:00:00,2023,2015,0.0
2005,A,0,WESR / Global Material Flows Database,EN_MAT_DOMCMPG,204,MF41,KG_PER_CON_USD,2025-03-21T00:00:00,2023,2015,0.0
2006,A,0,WESR / Global Material Flows Database,EN_MAT_DOMCMPG,204,MF41,KG_PER_CON_USD,2025-03-21T00:00:00,2023,2015,0.0
2007,A,0,WESR / Global Material Flows Database,EN_MAT_DOMCMPG,204,MF41,KG_PER_CON_USD,2025-03-21T00:00:00,2023,2015,0.0
2008,A,0,WESR / Global Material Flows Database,EN_MAT_DOMCMPG,204,MF41,KG_PER_CON_USD,2025-03-21T00:00:00,2023,2015,0.0
2009,A,0,WESR / Global Material Flows Database,EN_MAT_DOMCMPG,204,MF41,KG_PER_CON_USD,2025-03-21T00:00:00,2023,2015,0.0
2010,A,0,WESR / Global Material Flows Database,EN_MAT_DOMCMPG,204,MF41,KG_PER_CON_USD,2025-03-21T00:00:00,2023,2015,0.0
2011,A,0,WESR / Global Material Flows Database,EN_MAT_DOMCMPG,204,MF41,KG_PER_CON_USD,2025-03-21T00:00:00,2023,2015,0.0
2012,A,0,WESR / Global Material Flows Database,EN_MAT_DOMCMPG,204,MF41,KG_PER_CON_USD,2025-03-21T00:00:00,2023,2015,0.0
2013,A,0,WESR / Global Material Flows Database,EN_MAT_DOMCMPG,204,MF41,KG_PER_CON_USD,2025-03-21T00:00:00,2023,2015,0.0
2014,A,0,WESR / Global Material Flows Database,EN_MAT_DOMCMPG,204,MF41,KG_PER_CON_USD,2025-03-21T00:00:00,2023,2015,0.00626
2015,A,0,WESR / Global Material Flows Database,EN_MAT_DOMCMPG,204,MF41,KG_PER_CON_USD,2025-03-21T00:00:00,2023,2015,0.00369
2016,A,0,WESR / Global Material Flows Database,EN_MAT_DOMCMPG,204,MF41,KG_PER_CON_USD,2025-03-21T00:00:00,2023,2015,0.0068
2017,A,0,WESR / Global Material Flows Database,EN_MAT_DOMCMPG,204,MF41,KG_PER_CON_USD,2025-03-21T00:00:00,2023,2015,0.0061
2018,A,0,WESR / Global Material Flows Database,EN_MAT_DOMCMPG,204,MF41,KG_PER_CON_USD,2025-03-21T00:00:00,2023,2015,0.00903
2019,A,0,WESR / Global Material Flows Database,EN_MAT_DOMCMPG,204,MF41,KG_PER_CON_USD,2025-03-21T00:00:00,2023,2015,0.00717
2020,A,0,WESR / Global Material Flows Database,EN_MAT_DOMCMPG,204,MF41,KG_PER_CON_USD,2025-03-21T00:00:00,2023,2015,0.00747
2021,A,0,WESR / Global Material Flows Database,EN_MAT_DOMCMPG,204,MF41,KG_PER_CON_USD,2025-03-21T00:00:00,2023,2015,0.00906
2022,A,0,WESR / Global Material Flows Database,EN_MAT_DOMCMPG,204,MF41,KG_PER_CON_USD,2025-03-21T00:00:00,2023,2015,0.00849
2023,A,0,WESR / Global Material Flows Database,EN_MAT_DOMCMPG,204,MF41,KG_PER_CON_USD,2025-03-21T00:00:00,2023,2015,0.00776
2000,A,0,WESR / Global Material Flows Database,EN_MAT_DOMCMPG,204,MF421,KG_PER_CON_USD,2025-03-21T00:00:00,2023,2015,0.00563
2001,A,0,WESR / Global Material Flows Database,EN_MAT_DOMCMPG,204,MF421,KG_PER_CON_USD,2025-03-21T00:00:00,2023,2015,0.0
2002,A,0,WESR / Global Material Flows Database,EN_MAT_DOMCMPG,204,MF421,KG_PER_CON_USD,2025-03-21T00:00:00,2023,2015,0.0
2003,A,0,WESR / Global Material Flows Database,EN_MAT_DOMCMPG,204,MF421,KG_PER_CON_USD,2025-03-21T00:00:00,2023,2015,0.0
2004,A,0,WESR / Global Material Flows Database,EN_MAT_DOMCMPG,204,MF421,KG_PER_CON_USD,2025-03-21T00:00:00,2023,2015,0.0
2005,A,0,WESR / Global Material Flows Database,EN_MAT_DOMCMPG,204,MF421,KG_PER_CON_USD,2025-03-21T00:00:00,2023,2015,0.0
2006,A,0,WESR / Global Material Flows Database,EN_MAT_DOMCMPG,204,MF421,KG_PER_CON_USD,2025-03-21T00:00:00,2023,2015,0.0
2007,A,0,WESR / Global Material Flows Database,EN_MAT_DOMCMPG,204,MF421,KG_PER_CON_USD,2025-03-21T00:00:00,2023,2015,0.0
2008,A,0,WESR / Global Material Flows Database,EN_MAT_DOMCMPG,204,MF421,KG_PER_CON_USD,2025-03-21T00:00:00,2023,2015,0.0
2009,A,0,WESR / Global Material Flows Database,EN_MAT_DOMCMPG,204,MF421,KG_PER_CON_USD,2025-03-21T00:00:00,2023,2015,0.0
2010,A,0,WESR / Global Material Flows Database,EN_MAT_DOMCMPG,204,MF421,KG_PER_CON_USD,2025-03-21T00:00:00,2023,2015,0.0
2011,A,0,WESR / Global Material Flows Database,EN_MAT_DOMCMPG,204,MF421,KG_PER_CON_USD,2025-03-21T00:00:00,2023,2015,0.0
2012,A,0,WESR / Global Material Flows Database,EN_MAT_DOMCMPG,204,MF421,KG_PER_CON_USD,2025-03-21T00:00:00,2023,2015,0.0
2013,A,0,WESR / Global Material Flows Database,EN_MAT_DOMCMPG,204,MF421,KG_PER_CON_USD,2025-03-21T00:00:00,2023,2015,0.0
2014,A,0,WESR / Global Material Flows Database,EN_MAT_DOMCMPG,204,MF421,KG_PER_CON_USD,2025-03-21T00:00:00,2023,2015,0.0
2015,A,0,WESR / Global Material Flows Database,EN_MAT_DOMCMPG,204,MF421,KG_PER_CON_USD,2025-03-21T00:00:00,2023,2015,0.0
2016,A,0,WESR / Global Material Flows Database,EN_MAT_DOMCMPG,204,MF421,KG_PER_CON_USD,2025-03-21T00:00:00,2023,2015,0.0
2017,A,0,WESR / Global Material Flows Database,EN_MAT_DOMCMPG,204,MF421,KG_PER_CON_USD,2025-03-21T00:00:00,2023,2015,0.0
2018,A,0,WESR / Global Material Flows Database,EN_MAT_DOMCMPG,204,MF421,KG_PER_CON_USD,2025-03-21T00:00:00,2023,2015,0.0
2019,A,0,WESR / Global Material Flows Database,EN_MAT_DOMCMPG,204,MF421,KG_PER_CON_USD,2025-03-21T00:00:00,2023,2015,0.0
2020,A,0,WESR / Global Material Flows Database,EN_MAT_DOMCMPG,204,MF421,KG_PER_CON_USD,2025-03-21T00:00:00,2023,2015,0.0
2021,A,0,WESR / Global Material Flows Database,EN_MAT_DOMCMPG,204,MF421,KG_PER_CON_USD,2025-03-21T00:00:00,2023,2015,0.0
2022,A,0,WESR / Global Material Flows Database,EN_MAT_DOMCMPG,204,MF421,KG_PER_CON_USD,2025-03-21T00:00:00,2023,2015,0.0
2023,A,0,WESR / Global Material Flows Database,EN_MAT_DOMCMPG,204,MF421,KG_PER_CON_USD,2025-03-21T00:00:00,2023,2015,0.0
2000,A,0,WESR / Global Material Flows Database,EN_MAT_DOMCMPG,204,MF422,KG_PER_CON_USD,2025-03-21T00:00:00,2023,2015,0.0
2001,A,0,WESR / Global Material Flows Database,EN_MAT_DOMCMPG,204,MF422,KG_PER_CON_USD,2025-03-21T00:00:00,2023,2015,0.0
2002,A,0,WESR / Global Material Flows Database,EN_MAT_DOMCMPG,204,MF422,KG_PER_CON_USD,2025-03-21T00:00:00,2023,2015,0.0
2003,A,0,WESR / Global Material Flows Database,EN_MAT_DOMCMPG,204,MF422,KG_PER_CON_USD,2025-03-21T00:00:00,2023,2015,0.0
2004,A,0,WESR / Global Material Flows Database,EN_MAT_DOMCMPG,204,MF422,KG_PER_CON_USD,2025-03-21T00:00:00,2023,2015,0.0
2005,A,0,WESR / Global Material Flows Database,EN_MAT_DOMCMPG,204,MF422,KG_PER_CON_USD,2025-03-21T00:00:00,2023,2015,0.0
2006,A,0,WESR / Global Material Flows Database,EN_MAT_DOMCMPG,204,MF422,KG_PER_CON_USD,2025-03-21T00:00:00,2023,2015,0.0
2007,A,0,WESR / Global Material Flows Database,EN_MAT_DOMCMPG,204,MF422,KG_PER_CON_USD,2025-03-21T00:00:00,2023,2015,0.0
2008,A,0,WESR / Global Material Flows Database,EN_MAT_DOMCMPG,204,MF422,KG_PER_CON_USD,2025-03-21T00:00:00,2023,2015,0.0
2009,A,0,WESR / Global Material Flows Database,EN_MAT_DOMCMPG,204,MF422,KG_PER_CON_USD,2025-03-21T00:00:00,2023,2015,0.0
2010,A,0,WESR / Global Material Flows Database,EN_MAT_DOMCMPG,204,MF422,KG_PER_CON_USD,2025-03-21T00:00:00,2023,2015,0.0
2011,A,0,WESR / Global Material Flows Database,EN_MAT_DOMCMPG,204,MF422,KG_PER_CON_USD,2025-03-21T00:00:00,2023,2015,0.0
2012,A,0,WESR / Global Material Flows Database,EN_MAT_DOMCMPG,204,MF422,KG_PER_CON_USD,2025-03-21T00:00:00,2023,2015,0.0
2013,A,0,WESR / Global Material Flows Database,EN_MAT_DOMCMPG,204,MF422,KG_PER_CON_USD,2025-03-21T00:00:00,2023,2015,0.0007
2014,A,0,WESR / Global Material Flows Database,EN_MAT_DOMCMPG,204,MF422,KG_PER_CON_USD,2025-03-21T00:00:00,2023,2015,0.00179
2015,A,0,WESR / Global Material Flows Database,EN_MAT_DOMCMPG,204,MF422,KG_PER_CON_USD,2025-03-21T00:00:00,2023,2015,0.00187
2016,A,0,WESR / Global Material Flows Database,EN_MAT_DOMCMPG,204,MF422,KG_PER_CON_USD,2025-03-21T00:00:00,2023,2015,0.00011
2017,A,0,WESR / Global Material Flows Database,EN_MAT_DOMCMPG,204,MF422,KG_PER_CON_USD,2025-03-21T00:00:00,2023,2015,0.00216
2018,A,0,WESR / Global Material Flows Database,EN_MAT_DOMCMPG,204,MF422,KG_PER_CON_USD,2025-03-21T00:00:00,2023,2015,0.001
2019,A,0,WESR / Global Material Flows Database,EN_MAT_DOMCMPG,204,MF422,KG_PER_CON_USD,2025-03-21T00:00:00,2023,2015,0.00273
2020,A,0,WESR / Global Material Flows Database,EN_MAT_DOMCMPG,204,MF422,KG_PER_CON_USD,2025-03-21T00:00:00,2023,2015,0.00773
2021,A,0,WESR / Global Material Flows Database,EN_MAT_DOMCMPG,204,MF422,KG_PER_CON_USD,2025-03-21T00:00:00,2023,2015,0.0126
2022,A,0,WESR / Global Material Flows Database,EN_MAT_DOMCMPG,204,MF422,KG_PER_CON_USD,2025-03-21T00:00:00,2023,2015,0.01188
2023,A,0,WESR / Global Material Flows Database,EN_MAT_DOMCMPG,204,MF422,KG_PER_CON_USD,2025-03-21T00:00:00,2023,2015,0.01096
2000,A,0,WESR / Global Material Flows Database,EN_MAT_DOMCMPT,204,None,T,2025-05-21T00:00:00,2023,,28733657.8132
2001,A,0,WESR / Global Material Flows Database,EN_MAT_DOMCMPT,204,None,T,2025-05-21T00:00:00,2023,,32855414.26263
2002,A,0,WESR / Global Material Flows Database,EN_MAT_DOMCMPT,204,None,T,2025-05-21T00:00:00,2023,,33552564.0502
2003,A,0,WESR / Global Material Flows Database,EN_MAT_DOMCMPT,204,None,T,2025-05-21T00:00:00,2023,,33998793.61385
2004,A,0,WESR / Global Material Flows Database,EN_MAT_DOMCMPT,204,None,T,2025-05-21T00:00:00,2023,,33031974.64988
2005,A,0,WESR / Global Material Flows Database,EN_MAT_DOMCMPT,204,None,T,2025-05-21T00:00:00,2023,,33165493.27726
2006,A,0,WESR / Global Material Flows Database,EN_MAT_DOMCMPT,204,None,T,2025-05-21T00:00:00,2023,,39561555.78839
2007,A,0,WESR / Global Material Flows Database,EN_MAT_DOMCMPT,204,None,T,2025-05-21T00:00:00,2023,,40112010.95681
2008,A,0,WESR / Global Material Flows Database,EN_MAT_DOMCMPT,204,None,T,2025-05-21T00:00:00,2023,,43414111.19144
2009,A,0,WESR / Global Material Flows Database,EN_MAT_DOMCMPT,204,None,T,2025-05-21T00:00:00,2023,,45895212.6186
2010,A,0,WESR / Global Material Flows Database,EN_MAT_DOMCMPT,204,None,T,2025-05-21T00:00:00,2023,,45475270.02902
2011,A,0,WESR / Global Material Flows Database,EN_MAT_DOMCMPT,204,None,T,2025-05-21T00:00:00,2023,,49745141.19214
2012,A,0,WESR / Global Material Flows Database,EN_MAT_DOMCMPT,204,None,T,2025-05-21T00:00:00,2023,,51056442.15073
2013,A,0,WESR / Global Material Flows Database,EN_MAT_DOMCMPT,204,None,T,2025-05-21T00:00:00,2023,,53175268.10973
2014,A,0,WESR / Global Material Flows Database,EN_MAT_DOMCMPT,204,None,T,2025-05-21T00:00:00,2023,,51027279.49258
2015,A,0,WESR / Global Material Flows Database,EN_MAT_DOMCMPT,204,None,T,2025-05-21T00:00:00,2023,,47140321.16848
2016,A,0,WESR / Global Material Flows Database,EN_MAT_DOMCMPT,204,None,T,2025-05-21T00:00:00,2023,,49223910.25587
2017,A,0,WESR / Global Material Flows Database,EN_MAT_DOMCMPT,204,None,T,2025-05-21T00:00:00,2023,,53593422.56932
2018,A,0,WESR / Global Material Flows Database,EN_MAT_DOMCMPT,204,None,T,2025-05-21T00:00:00,2023,,55518366.36202
2019,A,0,WESR / Global Material Flows Database,EN_MAT_DOMCMPT,204,None,T,2025-05-21T00:00:00,2023,,57217195.68317
2020,A,0,WESR / Global Material Flows Database,EN_MAT_DOMCMPT,204,None,T,2025-05-21T00:00:00,2023,,55685732.5616
2021,A,0,WESR / Global Material Flows Database,EN_MAT_DOMCMPT,204,None,T,2025-05-21T00:00:00,2023,,58068885.84064
2022,A,0,WESR / Global Material Flows Database,EN_MAT_DOMCMPT,204,None,T,2025-05-21T00:00:00,2023,,59153294.5307
2023,A,0,WESR / Global Material Flows Database,EN_MAT_DOMCMPT,204,None,T,2025-05-21T00:00:00,2023,,58881168.26337
2000,A,0,WESR / Global Material Flows Database,EN_MAT_DOMCMPT,204,MF_AGG3A,T,2025-05-21T00:00:00,2023,,5622640.9232
2001,A,0,WESR / Global Material Flows Database,EN_MAT_DOMCMPT,204,MF_AGG3A,T,2025-05-21T00:00:00,2023,,8849268.6448
2002,A,0,WESR / Global Material Flows Database,EN_MAT_DOMCMPT,204,MF_AGG3A,T,2025-05-21T00:00:00,2023,,6967894.70965
2003,A,0,WESR / Global Material Flows Database,EN_MAT_DOMCMPT,204,MF_AGG3A,T,2025-05-21T00:00:00,2023,,7636686.10215
2004,A,0,WESR / Global Material Flows Database,EN_MAT_DOMCMPT,204,MF_AGG3A,T,2025-05-21T00:00:00,2023,,5958897.4369
2005,A,0,WESR / Global Material Flows Database,EN_MAT_DOMCMPT,204,MF_AGG3A,T,2025-05-21T00:00:00,2023,,6792635.0888
2006,A,0,WESR / Global Material Flows Database,EN_MAT_DOMCMPT,204,MF_AGG3A,T,2025-05-21T00:00:00,2023,,13431882.24815
2007,A,0,WESR / Global Material Flows Database,EN_MAT_DOMCMPT,204,MF_AGG3A,T,2025-05-21T00:00:00,2023,,13623090.39158
2008,A,0,WESR / Global Material Flows Database,EN_MAT_DOMCMPT,204,MF_AGG3A,T,2025-05-21T00:00:00,2023,,13605638.77617
2009,A,0,WESR / Global Material Flows Database,EN_MAT_DOMCMPT,204,MF_AGG3A,T,2025-05-21T00:00:00,2023,,13767440.3099
2010,A,0,WESR / Global Material Flows Database,EN_MAT_DOMCMPT,204,MF_AGG3A,T,2025-05-21T00:00:00,2023,,13917353.4703
2011,A,0,WESR / Global Material Flows Database,EN_MAT_DOMCMPT,204,MF_AGG3A,T,2025-05-21T00:00:00,2023,,15465435.6727
2012,A,0,WESR / Global Material Flows Database,EN_MAT_DOMCMPT,204,MF_AGG3A,T,2025-05-21T00:00:00,2023,,16220133.27894
2013,A,0,WESR / Global Material Flows Database,EN_MAT_DOMCMPT,204,MF_AGG3A,T,2025-05-21T00:00:00,2023,,15749827.88707
2014,A,0,WESR / Global Material Flows Database,EN_MAT_DOMCMPT,204,MF_AGG3A,T,2025-05-21T00:00:00,2023,,12501229.66534
2015,A,0,WESR / Global Material Flows Database,EN_MAT_DOMCMPT,204,MF_AGG3A,T,2025-05-21T00:00:00,2023,,11472488.40297
2016,A,0,WESR / Global Material Flows Database,EN_MAT_DOMCMPT,204,MF_AGG3A,T,2025-05-21T00:00:00,2023,,9420976.17734
2017,A,0,WESR / Global Material Flows Database,EN_MAT_DOMCMPT,204,MF_AGG3A,T,2025-05-21T00:00:00,2023,,11449658.27092
2018,A,0,WESR / Global Material Flows Database,EN_MAT_DOMCMPT,204,MF_AGG3A,T,2025-05-21T00:00:00,2023,,11836084.21544
2019,A,0,WESR / Global Material Flows Database,EN_MAT_DOMCMPT,204,MF_AGG3A,T,2025-05-21T00:00:00,2023,,12173719.19783
2020,A,0,WESR / Global Material Flows Database,EN_MAT_DOMCMPT,204,MF_AGG3A,T,2025-05-21T00:00:00,2023,,11985290.63472
2021,A,0,WESR / Global Material Flows Database,EN_MAT_DOMCMPT,204,MF_AGG3A,T,2025-05-21T00:00:00,2023,,12701340.02545
2022,A,0,WESR / Global Material Flows Database,EN_MAT_DOMCMPT,204,MF_AGG3A,T,2025-05-21T00:00:00,2023,,13147607.14429
2023,A,0,WESR / Global Material Flows Database,EN_MAT_DOMCMPT,204,MF_AGG3A,T,2025-05-21T00:00:00,2023,,13278066.95884
2000,A,0,WESR / Global Material Flows Database,EN_MAT_DOMCMPT,204,MF_AGG3B,T,2025-05-21T00:00:00,2023,,83153.606
2001,A,0,WESR / Global Material Flows Database,EN_MAT_DOMCMPT,204,MF_AGG3B,T,2025-05-21T00:00:00,2023,,79557.894
2002,A,0,WESR / Global Material Flows Database,EN_MAT_DOMCMPT,204,MF_AGG3B,T,2025-05-21T00:00:00,2023,,150162.991
2003,A,0,WESR / Global Material Flows Database,EN_MAT_DOMCMPT,204,MF_AGG3B,T,2025-05-21T00:00:00,2023,,77809.433
2004,A,0,WESR / Global Material Flows Database,EN_MAT_DOMCMPT,204,MF_AGG3B,T,2025-05-21T00:00:00,2023,,95111.583
2005,A,0,WESR / Global Material Flows Database,EN_MAT_DOMCMPT,204,MF_AGG3B,T,2025-05-21T00:00:00,2023,,40215.146
2006,A,0,WESR / Global Material Flows Database,EN_MAT_DOMCMPT,204,MF_AGG3B,T,2025-05-21T00:00:00,2023,,40995.796
2007,A,0,WESR / Global Material Flows Database,EN_MAT_DOMCMPT,204,MF_AGG3B,T,2025-05-21T00:00:00,2023,,49734.077
2008,A,0,WESR / Global Material Flows Database,EN_MAT_DOMCMPT,204,MF_AGG3B,T,2025-05-21T00:00:00,2023,,49675.424
2009,A,0,WESR / Global Material Flows Database,EN_MAT_DOMCMPT,204,MF_AGG3B,T,2025-05-21T00:00:00,2023,,89075.835
2010,A,0,WESR / Global Material Flows Database,EN_MAT_DOMCMPT,204,MF_AGG3B,T,2025-05-21T00:00:00,2023,,70222.477
2011,A,0,WESR / Global Material Flows Database,EN_MAT_DOMCMPT,204,MF_AGG3B,T,2025-05-21T00:00:00,2023,,90765.31
2012,A,0,WESR / Global Material Flows Database,EN_MAT_DOMCMPT,204,MF_AGG3B,T,2025-05-21T00:00:00,2023,,57272.299
2013,A,0,WESR / Global Material Flows Database,EN_MAT_DOMCMPT,204,MF_AGG3B,T,2025-05-21T00:00:00,2023,,52271.814
2014,A,0,WESR / Global Material Flows Database,EN_MAT_DOMCMPT,204,MF_AGG3B,T,2025-05-21T00:00:00,2023,,168045.985
2015,A,0,WESR / Global Material Flows Database,EN_MAT_DOMCMPT,204,MF_AGG3B,T,2025-05-21T00:00:00,2023,,72728.86814
2016,A,0,WESR / Global Material Flows Database,EN_MAT_DOMCMPT,204,MF_AGG3B,T,2025-05-21T00:00:00,2023,,116128.40628
2017,A,0,WESR / Global Material Flows Database,EN_MAT_DOMCMPT,204,MF_AGG3B,T,2025-05-21T00:00:00,2023,,55859.62242
2018,A,0,WESR / Global Material Flows Database,EN_MAT_DOMCMPT,204,MF_AGG3B,T,2025-05-21T00:00:00,2023,,290023.42617
2019,A,0,WESR / Global Material Flows Database,EN_MAT_DOMCMPT,204,MF_AGG3B,T,2025-05-21T00:00:00,2023,,319443.03991
2020,A,0,WESR / Global Material Flows Database,EN_MAT_DOMCMPT,204,MF_AGG3B,T,2025-05-21T00:00:00,2023,,309406.33594
2021,A,0,WESR / Global Material Flows Database,EN_MAT_DOMCMPT,204,MF_AGG3B,T,2025-05-21T00:00:00,2023,,327600.05883
2022,A,0,WESR / Global Material Flows Database,EN_MAT_DOMCMPT,204,MF_AGG3B,T,2025-05-21T00:00:00,2023,,339379.81329
2023,A,0,WESR / Global Material Flows Database,EN_MAT_DOMCMPT,204,MF_AGG3B,T,2025-05-21T00:00:00,2023,,342916.05887
2000,A,0,WESR / Global Material Flows Database,EN_MAT_DOMCMPT,204,MF1,T,2025-05-21T00:00:00,2023,,21547797.133
2001,A,0,WESR / Global Material Flows Database,EN_MAT_DOMCMPT,204,MF1,T,2025-05-21T00:00:00,2023,,22201477.1402
2002,A,0,WESR / Global Material Flows Database,EN_MAT_DOMCMPT,204,MF1,T,2025-05-21T00:00:00,2023,,24655328.8616
2003,A,0,WESR / Global Material Flows Database,EN_MAT_DOMCMPT,204,MF1,T,2025-05-21T00:00:00,2023,,24265696.2296
2004,A,0,WESR / Global Material Flows Database,EN_MAT_DOMCMPT,204,MF1,T,2025-05-21T00:00:00,2023,,25126908.1045
2005,A,0,WESR / Global Material Flows Database,EN_MAT_DOMCMPT,204,MF1,T,2025-05-21T00:00:00,2023,,24363616.3955
2006,A,0,WESR / Global Material Flows Database,EN_MAT_DOMCMPT,204,MF1,T,2025-05-21T00:00:00,2023,,24076772.9441
2007,A,0,WESR / Global Material Flows Database,EN_MAT_DOMCMPT,204,MF1,T,2025-05-21T00:00:00,2023,,23782874.6746
2008,A,0,WESR / Global Material Flows Database,EN_MAT_DOMCMPT,204,MF1,T,2025-05-21T00:00:00,2023,,27343131.1413
2009,A,0,WESR / Global Material Flows Database,EN_MAT_DOMCMPT,204,MF1,T,2025-05-21T00:00:00,2023,,29300097.9806
2010,A,0,WESR / Global Material Flows Database,EN_MAT_DOMCMPT,204,MF1,T,2025-05-21T00:00:00,2023,,28358157.7713
2011,A,0,WESR / Global Material Flows Database,EN_MAT_DOMCMPT,204,MF1,T,2025-05-21T00:00:00,2023,,30957789.2106
2012,A,0,WESR / Global Material Flows Database,EN_MAT_DOMCMPT,204,MF1,T,2025-05-21T00:00:00,2023,,31478883.8459
2013,A,0,WESR / Global Material Flows Database,EN_MAT_DOMCMPT,204,MF1,T,2025-05-21T00:00:00,2023,,34044713.3303
2014,A,0,WESR / Global Material Flows Database,EN_MAT_DOMCMPT,204,MF1,T,2025-05-21T00:00:00,2023,,35268994.0097
2015,A,0,WESR / Global Material Flows Database,EN_MAT_DOMCMPT,204,MF1,T,2025-05-21T00:00:00,2023,,32488331.7819
2016,A,0,WESR / Global Material Flows Database,EN_MAT_DOMCMPT,204,MF1,T,2025-05-21T00:00:00,2023,,36117350.1644
2017,A,0,WESR / Global Material Flows Database,EN_MAT_DOMCMPT,204,MF1,T,2025-05-21T00:00:00,2023,,38075221.84559
2018,A,0,WESR / Global Material Flows Database,EN_MAT_DOMCMPT,204,MF1,T,2025-05-21T00:00:00,2023,,39098479.04948
2019,A,0,WESR / Global Material Flows Database,EN_MAT_DOMCMPT,204,MF1,T,2025-05-21T00:00:00,2023,,40538580.36357
2020,A,0,WESR / Global Material Flows Database,EN_MAT_DOMCMPT,204,MF1,T,2025-05-21T00:00:00,2023,,39070597.45002
2021,A,0,WESR / Global Material Flows Database,EN_MAT_DOMCMPT,204,MF1,T,2025-05-21T00:00:00,2023,,40443000.02121
2022,A,0,WESR / Global Material Flows Database,EN_MAT_DOMCMPT,204,MF1,T,2025-05-21T00:00:00,2023,,40997142.77359
2023,A,0,WESR / Global Material Flows Database,EN_MAT_DOMCMPT,204,MF1,T,2025-05-21T00:00:00,2023,,40617122.73131
2000,A,0,WESR / Global Material Flows Database,EN_MAT_DOMCMPT,204,MF11,T,2025-05-21T00:00:00,2023,,6379359.51
2001,A,0,WESR / Global Material Flows Database,EN_MAT_DOMCMPT,204,MF11,T,2025-05-21T00:00:00,2023,,6760491.05
2002,A,0,WESR / Global Material Flows Database,EN_MAT_DOMCMPT,204,MF11,T,2025-05-21T00:00:00,2023,,7964963.36
2003,A,0,WESR / Global Material Flows Database,EN_MAT_DOMCMPT,204,MF11,T,2025-05-21T00:00:00,2023,,7731190.3
2004,A,0,WESR / Global Material Flows Database,EN_MAT_DOMCMPT,204,MF11,T,2025-05-21T00:00:00,2023,,8083107.28
2005,A,0,WESR / Global Material Flows Database,EN_MAT_DOMCMPT,204,MF11,T,2025-05-21T00:00:00,2023,,7804539.75
2006,A,0,WESR / Global Material Flows Database,EN_MAT_DOMCMPT,204,MF11,T,2025-05-21T00:00:00,2023,,7687838.55
2007,A,0,WESR / Global Material Flows Database,EN_MAT_DOMCMPT,204,MF11,T,2025-05-21T00:00:00,2023,,7252152.57
2008,A,0,WESR / Global Material Flows Database,EN_MAT_DOMCMPT,204,MF11,T,2025-05-21T00:00:00,2023,,9258569.01
2009,A,0,WESR / Global Material Flows Database,EN_MAT_DOMCMPT,204,MF11,T,2025-05-21T00:00:00,2023,,9979618.1
2010,A,0,WESR / Global Material Flows Database,EN_MAT_DOMCMPT,204,MF11,T,2025-05-21T00:00:00,2023,,9388901.31
2011,A,0,WESR / Global Material Flows Database,EN_MAT_DOMCMPT,204,MF11,T,2025-05-21T00:00:00,2023,,11040826.46
2012,A,0,WESR / Global Material Flows Database,EN_MAT_DOMCMPT,204,MF11,T,2025-05-21T00:00:00,2023,,11150274.4
2013,A,0,WESR / Global Material Flows Database,EN_MAT_DOMCMPT,204,MF11,T,2025-05-21T00:00:00,2023,,12661482.3
2014,A,0,WESR / Global Material Flows Database,EN_MAT_DOMCMPT,204,MF11,T,2025-05-21T00:00:00,2023,,13228924.85
2015,A,0,WESR / Global Material Flows Database,EN_MAT_DOMCMPT,204,MF11,T,2025-05-21T00:00:00,2023,,11475180.31
2016,A,0,WESR / Global Material Flows Database,EN_MAT_DOMCMPT,204,MF11,T,2025-05-21T00:00:00,2023,,13429119.96
2017,A,0,WESR / Global Material Flows Database,EN_MAT_DOMCMPT,204,MF11,T,2025-05-21T00:00:00,2023,,14405701.34
2018,A,0,WESR / Global Material Flows Database,EN_MAT_DOMCMPT,204,MF11,T,2025-05-21T00:00:00,2023,,14268403.21
2019,A,0,WESR / Global Material Flows Database,EN_MAT_DOMCMPT,204,MF11,T,2025-05-21T00:00:00,2023,,15089036.02
2020,A,0,WESR / Global Material Flows Database,EN_MAT_DOMCMPT,204,MF11,T,2025-05-21T00:00:00,2023,,13687932.52187
2021,A,0,WESR / Global Material Flows Database,EN_MAT_DOMCMPT,204,MF11,T,2025-05-21T00:00:00,2023,,14658405.25638
2022,A,0,WESR / Global Material Flows Database,EN_MAT_DOMCMPT,204,MF11,T,2025-05-21T00:00:00,2023,,14961021.39278
2023,A,0,WESR / Global Material Flows Database,EN_MAT_DOMCMPT,204,MF11,T,2025-05-21T00:00:00,2023,,14900310.63256
2000,A,0,WESR / Global Material Flows Database,EN_MAT_DOMCMPT,204,MF121,T,2025-05-21T00:00:00,2023,,7180120.423
2001,A,0,WESR / Global Material Flows Database,EN_MAT_DOMCMPT,204,MF121,T,2025-05-21T00:00:00,2023,,7294071.1702
2002,A,0,WESR / Global Material Flows Database,EN_MAT_DOMCMPT,204,MF121,T,2025-05-21T00:00:00,2023,,8390191.4216
2003,A,0,WESR / Global Material Flows Database,EN_MAT_DOMCMPT,204,MF121,T,2025-05-21T00:00:00,2023,,8142617.1896
2004,A,0,WESR / Global Material Flows Database,EN_MAT_DOMCMPT,204,MF121,T,2025-05-21T00:00:00,2023,,8578530.4845
2005,A,0,WESR / Global Material Flows Database,EN_MAT_DOMCMPT,204,MF121,T,2025-05-21T00:00:00,2023,,8048164.0855
2006,A,0,WESR / Global Material Flows Database,EN_MAT_DOMCMPT,204,MF121,T,2025-05-21T00:00:00,2023,,7549368.5141
2007,A,0,WESR / Global Material Flows Database,EN_MAT_DOMCMPT,204,MF121,T,2025-05-21T00:00:00,2023,,7614063.6446
2008,A,0,WESR / Global Material Flows Database,EN_MAT_DOMCMPT,204,MF121,T,2025-05-21T00:00:00,2023,,9010300.6913
2009,A,0,WESR / Global Material Flows Database,EN_MAT_DOMCMPT,204,MF121,T,2025-05-21T00:00:00,2023,,10066886.9206
2010,A,0,WESR / Global Material Flows Database,EN_MAT_DOMCMPT,204,MF121,T,2025-05-21T00:00:00,2023,,9584870.5813
2011,A,0,WESR / Global Material Flows Database,EN_MAT_DOMCMPT,204,MF121,T,2025-05-21T00:00:00,2023,,10477046.1506
2012,A,0,WESR / Global Material Flows Database,EN_MAT_DOMCMPT,204,MF121,T,2025-05-21T00:00:00,2023,,10729058.6459
2013,A,0,WESR / Global Material Flows Database,EN_MAT_DOMCMPT,204,MF121,T,2025-05-21T00:00:00,2023,,11645784.5103
2014,A,0,WESR / Global Material Flows Database,EN_MAT_DOMCMPT,204,MF121,T,2025-05-21T00:00:00,2023,,12143140.9597
2015,A,0,WESR / Global Material Flows Database,EN_MAT_DOMCMPT,204,MF121,T,2025-05-21T00:00:00,2023,,11001027.3119
2016,A,0,WESR / Global Material Flows Database,EN_MAT_DOMCMPT,204,MF121,T,2025-05-21T00:00:00,2023,,12341726.4044
2017,A,0,WESR / Global Material Flows Database,EN_MAT_DOMCMPT,204,MF121,T,2025-05-21T00:00:00,2023,,13177618.7811
2018,A,0,WESR / Global Material Flows Database,EN_MAT_DOMCMPT,204,MF121,T,2025-05-21T00:00:00,2023,,14193550.7005
2019,A,0,WESR / Global Material Flows Database,EN_MAT_DOMCMPT,204,MF121,T,2025-05-21T00:00:00,2023,,14618300.5741
2020,A,0,WESR / Global Material Flows Database,EN_MAT_DOMCMPT,204,MF121,T,2025-05-21T00:00:00,2023,,14343748.4704
2021,A,0,WESR / Global Material Flows Database,EN_MAT_DOMCMPT,204,MF121,T,2025-05-21T00:00:00,2023,,14688591.7568
2022,A,0,WESR / Global Material Flows Database,EN_MAT_DOMCMPT,204,MF121,T,2025-05-21T00:00:00,2023,,14989908.96996
2023,A,0,WESR / Global Material Flows Database,EN_MAT_DOMCMPT,204,MF121,T,2025-05-21T00:00:00,2023,,15007405.71898
2000,A,0,WESR / Global Material Flows Database,EN_MAT_DOMCMPT,204,MF122,T,2025-05-21T00:00:00,2023,,3657328.5
2001,A,0,WESR / Global Material Flows Database,EN_MAT_DOMCMPT,204,MF122,T,2025-05-21T00:00:00,2023,,3784860.9
2002,A,0,WESR / Global Material Flows Database,EN_MAT_DOMCMPT,204,MF122,T,2025-05-21T00:00:00,2023,,3883320.5
2003,A,0,WESR / Global Material Flows Database,EN_MAT_DOMCMPT,204,MF122,T,2025-05-21T00:00:00,2023,,3954880.0
2004,A,0,WESR / Global Material Flows Database,EN_MAT_DOMCMPT,204,MF122,T,2025-05-21T00:00:00,2023,,4056080.0
2005,A,0,WESR / Global Material Flows Database,EN_MAT_DOMCMPT,204,MF122,T,2025-05-21T00:00:00,2023,,4072880.0
2006,A,0,WESR / Global Material Flows Database,EN_MAT_DOMCMPT,204,MF122,T,2025-05-21T00:00:00,2023,,4274780.0
2007,A,0,WESR / Global Material Flows Database,EN_MAT_DOMCMPT,204,MF122,T,2025-05-21T00:00:00,2023,,4383030.0
2008,A,0,WESR / Global Material Flows Database,EN_MAT_DOMCMPT,204,MF122,T,2025-05-21T00:00:00,2023,,4493457.0
2009,A,0,WESR / Global Material Flows Database,EN_MAT_DOMCMPT,204,MF122,T,2025-05-21T00:00:00,2023,,4620712.4
2010,A,0,WESR / Global Material Flows Database,EN_MAT_DOMCMPT,204,MF122,T,2025-05-21T00:00:00,2023,,4738313.4
2011,A,0,WESR / Global Material Flows Database,EN_MAT_DOMCMPT,204,MF122,T,2025-05-21T00:00:00,2023,,4860067.0
2012,A,0,WESR / Global Material Flows Database,EN_MAT_DOMCMPT,204,MF122,T,2025-05-21T00:00:00,2023,,4982566.0
2013,A,0,WESR / Global Material Flows Database,EN_MAT_DOMCMPT,204,MF122,T,2025-05-21T00:00:00,2023,,5109517.0
2014,A,0,WESR / Global Material Flows Database,EN_MAT_DOMCMPT,204,MF122,T,2025-05-21T00:00:00,2023,,5238616.0
2015,A,0,WESR / Global Material Flows Database,EN_MAT_DOMCMPT,204,MF122,T,2025-05-21T00:00:00,2023,,5371885.8
2016,A,0,WESR / Global Material Flows Database,EN_MAT_DOMCMPT,204,MF122,T,2025-05-21T00:00:00,2023,,5507815.6
2017,A,0,WESR / Global Material Flows Database,EN_MAT_DOMCMPT,204,MF122,T,2025-05-21T00:00:00,2023,,5648077.2
2018,A,0,WESR / Global Material Flows Database,EN_MAT_DOMCMPT,204,MF122,T,2025-05-21T00:00:00,2023,,5790993.4
2019,A,0,WESR / Global Material Flows Database,EN_MAT_DOMCMPT,204,MF122,T,2025-05-21T00:00:00,2023,,5938194.6
2020,A,0,WESR / Global Material Flows Database,EN_MAT_DOMCMPT,204,MF122,T,2025-05-21T00:00:00,2023,,6089711.37857
2021,A,0,WESR / Global Material Flows Database,EN_MAT_DOMCMPT,204,MF122,T,2025-05-21T00:00:00,2023,,6164366.17856
2022,A,0,WESR / Global Material Flows Database,EN_MAT_DOMCMPT,204,MF122,T,2025-05-21T00:00:00,2023,,6254572.94989
2023,A,0,WESR / Global Material Flows Database,EN_MAT_DOMCMPT,204,MF122,T,2025-05-21T00:00:00,2023,,6173553.78416
2000,A,0,WESR / Global Material Flows Database,EN_MAT_DOMCMPT,204,MF13,T,2025-05-21T00:00:00,2023,,4280089.2
2001,A,0,WESR / Global Material Flows Database,EN_MAT_DOMCMPT,204,MF13,T,2025-05-21T00:00:00,2023,,4315376.52
2002,A,0,WESR / Global Material Flows Database,EN_MAT_DOMCMPT,204,MF13,T,2025-05-21T00:00:00,2023,,4359345.08
2003,A,0,WESR / Global Material Flows Database,EN_MAT_DOMCMPT,204,MF13,T,2025-05-21T00:00:00,2023,,4371141.24
2004,A,0,WESR / Global Material Flows Database,EN_MAT_DOMCMPT,204,MF13,T,2025-05-21T00:00:00,2023,,4345278.84
2005,A,0,WESR / Global Material Flows Database,EN_MAT_DOMCMPT,204,MF13,T,2025-05-21T00:00:00,2023,,4363862.56
2006,A,0,WESR / Global Material Flows Database,EN_MAT_DOMCMPT,204,MF13,T,2025-05-21T00:00:00,2023,,4470822.88
2007,A,0,WESR / Global Material Flows Database,EN_MAT_DOMCMPT,204,MF13,T,2025-05-21T00:00:00,2023,,4436115.96
2008,A,0,WESR / Global Material Flows Database,EN_MAT_DOMCMPT,204,MF13,T,2025-05-21T00:00:00,2023,,4466259.44
2009,A,0,WESR / Global Material Flows Database,EN_MAT_DOMCMPT,204,MF13,T,2025-05-21T00:00:00,2023,,4521575.56
2010,A,0,WESR / Global Material Flows Database,EN_MAT_DOMCMPT,204,MF13,T,2025-05-21T00:00:00,2023,,4532644.48
2011,A,0,WESR / Global Material Flows Database,EN_MAT_DOMCMPT,204,MF13,T,2025-05-21T00:00:00,2023,,4463104.6
2012,A,0,WESR / Global Material Flows Database,EN_MAT_DOMCMPT,204,MF13,T,2025-05-21T00:00:00,2023,,4501011.8
2013,A,0,WESR / Global Material Flows Database,EN_MAT_DOMCMPT,204,MF13,T,2025-05-21T00:00:00,2023,,4503302.52
2014,A,0,WESR / Global Material Flows Database,EN_MAT_DOMCMPT,204,MF13,T,2025-05-21T00:00:00,2023,,4464668.2
2015,A,0,WESR / Global Material Flows Database,EN_MAT_DOMCMPT,204,MF13,T,2025-05-21T00:00:00,2023,,4460497.36
2016,A,0,WESR / Global Material Flows Database,EN_MAT_DOMCMPT,204,MF13,T,2025-05-21T00:00:00,2023,,4617229.2
2017,A,0,WESR / Global Material Flows Database,EN_MAT_DOMCMPT,204,MF13,T,2025-05-21T00:00:00,2023,,4692351.52449
2018,A,0,WESR / Global Material Flows Database,EN_MAT_DOMCMPT,204,MF13,T,2025-05-21T00:00:00,2023,,4684298.44898
2019,A,0,WESR / Global Material Flows Database,EN_MAT_DOMCMPT,204,MF13,T,2025-05-21T00:00:00,2023,,4710870.89347
2020,A,0,WESR / Global Material Flows Database,EN_MAT_DOMCMPT,204,MF13,T,2025-05-21T00:00:00,2023,,4764369.41984
2021,A,0,WESR / Global Material Flows Database,EN_MAT_DOMCMPT,204,MF13,T,2025-05-21T00:00:00,2023,,4738644.63778
2022,A,0,WESR / Global Material Flows Database,EN_MAT_DOMCMPT,204,MF13,T,2025-05-21T00:00:00,2023,,4594232.12809
2023,A,0,WESR / Global Material Flows Database,EN_MAT_DOMCMPT,204,MF13,T,2025-05-21T00:00:00,2023,,4338458.12471
2000,A,0,WESR / Global Material Flows Database,EN_MAT_DOMCMPT,204,MF14,T,2025-05-21T00:00:00,2023,,50899.5
2001,A,0,WESR / Global Material Flows Database,EN_MAT_DOMCMPT,204,MF14,T,2025-05-21T00:00:00,2023,,46677.5
2002,A,0,WESR / Global Material Flows Database,EN_MAT_DOMCMPT,204,MF14,T,2025-05-21T00:00:00,2023,,57508.5
2003,A,0,WESR / Global Material Flows Database,EN_MAT_DOMCMPT,204,MF14,T,2025-05-21T00:00:00,2023,,65867.5
2004,A,0,WESR / Global Material Flows Database,EN_MAT_DOMCMPT,204,MF14,T,2025-05-21T00:00:00,2023,,63911.5
2005,A,0,WESR / Global Material Flows Database,EN_MAT_DOMCMPT,204,MF14,T,2025-05-21T00:00:00,2023,,74170.0
2006,A,0,WESR / Global Material Flows Database,EN_MAT_DOMCMPT,204,MF14,T,2025-05-21T00:00:00,2023,,93963.0
2007,A,0,WESR / Global Material Flows Database,EN_MAT_DOMCMPT,204,MF14,T,2025-05-21T00:00:00,2023,,97512.5
2008,A,0,WESR / Global Material Flows Database,EN_MAT_DOMCMPT,204,MF14,T,2025-05-21T00:00:00,2023,,114545.0
2009,A,0,WESR / Global Material Flows Database,EN_MAT_DOMCMPT,204,MF14,T,2025-05-21T00:00:00,2023,,111305.0
2010,A,0,WESR / Global Material Flows Database,EN_MAT_DOMCMPT,204,MF14,T,2025-05-21T00:00:00,2023,,113428.0
2011,A,0,WESR / Global Material Flows Database,EN_MAT_DOMCMPT,204,MF14,T,2025-05-21T00:00:00,2023,,116745.0
2012,A,0,WESR / Global Material Flows Database,EN_MAT_DOMCMPT,204,MF14,T,2025-05-21T00:00:00,2023,,115973.0
2013,A,0,WESR / Global Material Flows Database,EN_MAT_DOMCMPT,204,MF14,T,2025-05-21T00:00:00,2023,,124627.0
2014,A,0,WESR / Global Material Flows Database,EN_MAT_DOMCMPT,204,MF14,T,2025-05-21T00:00:00,2023,,193644.0
2015,A,0,WESR / Global Material Flows Database,EN_MAT_DOMCMPT,204,MF14,T,2025-05-21T00:00:00,2023,,179741.0
2016,A,0,WESR / Global Material Flows Database,EN_MAT_DOMCMPT,204,MF14,T,2025-05-21T00:00:00,2023,,221459.0
2017,A,0,WESR / Global Material Flows Database,EN_MAT_DOMCMPT,204,MF14,T,2025-05-21T00:00:00,2023,,151473.0
2018,A,0,WESR / Global Material Flows Database,EN_MAT_DOMCMPT,204,MF14,T,2025-05-21T00:00:00,2023,,161233.29
2019,A,0,WESR / Global Material Flows Database,EN_MAT_DOMCMPT,204,MF14,T,2025-05-21T00:00:00,2023,,182178.276
2020,A,0,WESR / Global Material Flows Database,EN_MAT_DOMCMPT,204,MF14,T,2025-05-21T00:00:00,2023,,184835.65934
2021,A,0,WESR / Global Material Flows Database,EN_MAT_DOMCMPT,204,MF14,T,2025-05-21T00:00:00,2023,,192992.19169
2022,A,0,WESR / Global Material Flows Database,EN_MAT_DOMCMPT,204,MF14,T,2025-05-21T00:00:00,2023,,197407.33287
2023,A,0,WESR / Global Material Flows Database,EN_MAT_DOMCMPT,204,MF14,T,2025-05-21T00:00:00,2023,,197394.47089
2000,A,0,WESR / Global Material Flows Database,EN_MAT_DOMCMPT,204,MF2,T,2025-05-21T00:00:00,2023,,21025.997
2001,A,0,WESR / Global Material Flows Database,EN_MAT_DOMCMPT,204,MF2,T,2025-05-21T00:00:00,2023,,47666.49963
2002,A,0,WESR / Global Material Flows Database,EN_MAT_DOMCMPT,204,MF2,T,2025-05-21T00:00:00,2023,,70947.93995
2003,A,0,WESR / Global Material Flows Database,EN_MAT_DOMCMPT,204,MF2,T,2025-05-21T00:00:00,2023,,77695.1141
2004,A,0,WESR / Global Material Flows Database,EN_MAT_DOMCMPT,204,MF2,T,2025-05-21T00:00:00,2023,,38895.90448
2005,A,0,WESR / Global Material Flows Database,EN_MAT_DOMCMPT,204,MF2,T,2025-05-21T00:00:00,2023,,49246.05496
2006,A,0,WESR / Global Material Flows Database,EN_MAT_DOMCMPT,204,MF2,T,2025-05-21T00:00:00,2023,,12989.70214
2007,A,0,WESR / Global Material Flows Database,EN_MAT_DOMCMPT,204,MF2,T,2025-05-21T00:00:00,2023,,120753.08963
2008,A,0,WESR / Global Material Flows Database,EN_MAT_DOMCMPT,204,MF2,T,2025-05-21T00:00:00,2023,,85280.84197
2009,A,0,WESR / Global Material Flows Database,EN_MAT_DOMCMPT,204,MF2,T,2025-05-21T00:00:00,2023,,99889.5341
2010,A,0,WESR / Global Material Flows Database,EN_MAT_DOMCMPT,204,MF2,T,2025-05-21T00:00:00,2023,,100756.44542
2011,A,0,WESR / Global Material Flows Database,EN_MAT_DOMCMPT,204,MF2,T,2025-05-21T00:00:00,2023,,94710.68584
2012,A,0,WESR / Global Material Flows Database,EN_MAT_DOMCMPT,204,MF2,T,2025-05-21T00:00:00,2023,,136569.88989
2013,A,0,WESR / Global Material Flows Database,EN_MAT_DOMCMPT,204,MF2,T,2025-05-21T00:00:00,2023,,92292.87637
2014,A,0,WESR / Global Material Flows Database,EN_MAT_DOMCMPT,204,MF2,T,2025-05-21T00:00:00,2023,,132018.28754
2015,A,0,WESR / Global Material Flows Database,EN_MAT_DOMCMPT,204,MF2,T,2025-05-21T00:00:00,2023,,118662.11147
2016,A,0,WESR / Global Material Flows Database,EN_MAT_DOMCMPT,204,MF2,T,2025-05-21T00:00:00,2023,,152308.50185
2017,A,0,WESR / Global Material Flows Database,EN_MAT_DOMCMPT,204,MF2,T,2025-05-21T00:00:00,2023,,93718.48753
2018,A,0,WESR / Global Material Flows Database,EN_MAT_DOMCMPT,204,MF2,T,2025-05-21T00:00:00,2023,,59589.57869
2019,A,0,WESR / Global Material Flows Database,EN_MAT_DOMCMPT,204,MF2,T,2025-05-21T00:00:00,2023,,34919.5344
2020,A,0,WESR / Global Material Flows Database,EN_MAT_DOMCMPT,204,MF2,T,2025-05-21T00:00:00,2023,,35454.14846
2021,A,0,WESR / Global Material Flows Database,EN_MAT_DOMCMPT,204,MF2,T,2025-05-21T00:00:00,2023,,36782.50186
2022,A,0,WESR / Global Material Flows Database,EN_MAT_DOMCMPT,204,MF2,T,2025-05-21T00:00:00,2023,,38641.63066
2023,A,0,WESR / Global Material Flows Database,EN_MAT_DOMCMPT,204,MF2,T,2025-05-21T00:00:00,2023,,39519.54668
2000,A,0,WESR / Global Material Flows Database,EN_MAT_DOMCMPT,204,MF21,T,2025-05-21T00:00:00,2023,,20012.78
2001,A,0,WESR / Global Material Flows Database,EN_MAT_DOMCMPT,204,MF21,T,2025-05-21T00:00:00,2023,,37281.605
2002,A,0,WESR / Global Material Flows Database,EN_MAT_DOMCMPT,204,MF21,T,2025-05-21T00:00:00,2023,,57194.782
2003,A,0,WESR / Global Material Flows Database,EN_MAT_DOMCMPT,204,MF21,T,2025-05-21T00:00:00,2023,,63579.63
2004,A,0,WESR / Global Material Flows Database,EN_MAT_DOMCMPT,204,MF21,T,2025-05-21T00:00:00,2023,,25412.346
2005,A,0,WESR / Global Material Flows Database,EN_MAT_DOMCMPT,204,MF21,T,2025-05-21T00:00:00,2023,,36092.945
2006,A,0,WESR / Global Material Flows Database,EN_MAT_DOMCMPT,204,MF21,T,2025-05-21T00:00:00,2023,,-2075.165
2007,A,0,WESR / Global Material Flows Database,EN_MAT_DOMCMPT,204,MF21,T,2025-05-21T00:00:00,2023,,108921.953
2008,A,0,WESR / Global Material Flows Database,EN_MAT_DOMCMPT,204,MF21,T,2025-05-21T00:00:00,2023,,71750.327
2009,A,0,WESR / Global Material Flows Database,EN_MAT_DOMCMPT,204,MF21,T,2025-05-21T00:00:00,2023,,85440.306
2010,A,0,WESR / Global Material Flows Database,EN_MAT_DOMCMPT,204,MF21,T,2025-05-21T00:00:00,2023,,85693.669
2011,A,0,WESR / Global Material Flows Database,EN_MAT_DOMCMPT,204,MF21,T,2025-05-21T00:00:00,2023,,78320.92
2012,A,0,WESR / Global Material Flows Database,EN_MAT_DOMCMPT,204,MF21,T,2025-05-21T00:00:00,2023,,113941.873
2013,A,0,WESR / Global Material Flows Database,EN_MAT_DOMCMPT,204,MF21,T,2025-05-21T00:00:00,2023,,69482.857
2014,A,0,WESR / Global Material Flows Database,EN_MAT_DOMCMPT,204,MF21,T,2025-05-21T00:00:00,2023,,105539.802
2015,A,0,WESR / Global Material Flows Database,EN_MAT_DOMCMPT,204,MF21,T,2025-05-21T00:00:00,2023,,109595.878
2016,A,0,WESR / Global Material Flows Database,EN_MAT_DOMCMPT,204,MF21,T,2025-05-21T00:00:00,2023,,140162.833
2017,A,0,WESR / Global Material Flows Database,EN_MAT_DOMCMPT,204,MF21,T,2025-05-21T00:00:00,2023,,92659.572
2018,A,0,WESR / Global Material Flows Database,EN_MAT_DOMCMPT,204,MF21,T,2025-05-21T00:00:00,2023,,61365.27502
2019,A,0,WESR / Global Material Flows Database,EN_MAT_DOMCMPT,204,MF21,T,2025-05-21T00:00:00,2023,,28421.46705
2020,A,0,WESR / Global Material Flows Database,EN_MAT_DOMCMPT,204,MF21,T,2025-05-21T00:00:00,2023,,28592.12
2021,A,0,WESR / Global Material Flows Database,EN_MAT_DOMCMPT,204,MF21,T,2025-05-21T00:00:00,2023,,29749.74583
2022,A,0,WESR / Global Material Flows Database,EN_MAT_DOMCMPT,204,MF21,T,2025-05-21T00:00:00,2023,,31180.10244
2023,A,0,WESR / Global Material Flows Database,EN_MAT_DOMCMPT,204,MF21,T,2025-05-21T00:00:00,2023,,31758.06991
2000,A,0,WESR / Global Material Flows Database,EN_MAT_DOMCMPT,204,MF22,T,2025-05-21T00:00:00,2023,,1013.217
2001,A,0,WESR / Global Material Flows Database,EN_MAT_DOMCMPT,204,MF22,T,2025-05-21T00:00:00,2023,,10384.89463
2002,A,0,WESR / Global Material Flows Database,EN_MAT_DOMCMPT,204,MF22,T,2025-05-21T00:00:00,2023,,13753.15795
2003,A,0,WESR / Global Material Flows Database,EN_MAT_DOMCMPT,204,MF22,T,2025-05-21T00:00:00,2023,,14115.4841
2004,A,0,WESR / Global Material Flows Database,EN_MAT_DOMCMPT,204,MF22,T,2025-05-21T00:00:00,2023,,13483.55848
2005,A,0,WESR / Global Material Flows Database,EN_MAT_DOMCMPT,204,MF22,T,2025-05-21T00:00:00,2023,,13153.10996
2006,A,0,WESR / Global Material Flows Database,EN_MAT_DOMCMPT,204,MF22,T,2025-05-21T00:00:00,2023,,15064.86714
2007,A,0,WESR / Global Material Flows Database,EN_MAT_DOMCMPT,204,MF22,T,2025-05-21T00:00:00,2023,,11831.13663
2008,A,0,WESR / Global Material Flows Database,EN_MAT_DOMCMPT,204,MF22,T,2025-05-21T00:00:00,2023,,13530.51497
2009,A,0,WESR / Global Material Flows Database,EN_MAT_DOMCMPT,204,MF22,T,2025-05-21T00:00:00,2023,,14449.2281
2010,A,0,WESR / Global Material Flows Database,EN_MAT_DOMCMPT,204,MF22,T,2025-05-21T00:00:00,2023,,15062.77642
2011,A,0,WESR / Global Material Flows Database,EN_MAT_DOMCMPT,204,MF22,T,2025-05-21T00:00:00,2023,,16389.76584
2012,A,0,WESR / Global Material Flows Database,EN_MAT_DOMCMPT,204,MF22,T,2025-05-21T00:00:00,2023,,22628.01689
2013,A,0,WESR / Global Material Flows Database,EN_MAT_DOMCMPT,204,MF22,T,2025-05-21T00:00:00,2023,,22810.01937
2014,A,0,WESR / Global Material Flows Database,EN_MAT_DOMCMPT,204,MF22,T,2025-05-21T00:00:00,2023,,26478.48554
2015,A,0,WESR / Global Material Flows Database,EN_MAT_DOMCMPT,204,MF22,T,2025-05-21T00:00:00,2023,,9066.23347
2016,A,0,WESR / Global Material Flows Database,EN_MAT_DOMCMPT,204,MF22,T,2025-05-21T00:00:00,2023,,12145.66885
2017,A,0,WESR / Global Material Flows Database,EN_MAT_DOMCMPT,204,MF22,T,2025-05-21T00:00:00,2023,,1058.91553
2018,A,0,WESR / Global Material Flows Database,EN_MAT_DOMCMPT,204,MF22,T,2025-05-21T00:00:00,2023,,-1775.69633
2019,A,0,WESR / Global Material Flows Database,EN_MAT_DOMCMPT,204,MF22,T,2025-05-21T00:00:00,2023,,6498.06735
2020,A,0,WESR / Global Material Flows Database,EN_MAT_DOMCMPT,204,MF22,T,2025-05-21T00:00:00,2023,,6862.02847
2021,A,0,WESR / Global Material Flows Database,EN_MAT_DOMCMPT,204,MF22,T,2025-05-21T00:00:00,2023,,7032.75604
2022,A,0,WESR / Global Material Flows Database,EN_MAT_DOMCMPT,204,MF22,T,2025-05-21T00:00:00,2023,,7461.52822
2023,A,0,WESR / Global Material Flows Database,EN_MAT_DOMCMPT,204,MF22,T,2025-05-21T00:00:00,2023,,7761.47677
2000,A,0,WESR / Global Material Flows Database,EN_MAT_DOMCMPT,204,MF3,T,2025-05-21T00:00:00,2023,,5705794.5292
2001,A,0,WESR / Global Material Flows Database,EN_MAT_DOMCMPT,204,MF3,T,2025-05-21T00:00:00,2023,,8928826.5388
2002,A,0,WESR / Global Material Flows Database,EN_MAT_DOMCMPT,204,MF3,T,2025-05-21T00:00:00,2023,,7118057.70065
2003,A,0,WESR / Global Material Flows Database,EN_MAT_DOMCMPT,204,MF3,T,2025-05-21T00:00:00,2023,,7714495.53515
2004,A,0,WESR / Global Material Flows Database,EN_MAT_DOMCMPT,204,MF3,T,2025-05-21T00:00:00,2023,,6054009.0199
2005,A,0,WESR / Global Material Flows Database,EN_MAT_DOMCMPT,204,MF3,T,2025-05-21T00:00:00,2023,,6832850.2348
2006,A,0,WESR / Global Material Flows Database,EN_MAT_DOMCMPT,204,MF3,T,2025-05-21T00:00:00,2023,,13472878.04415
2007,A,0,WESR / Global Material Flows Database,EN_MAT_DOMCMPT,204,MF3,T,2025-05-21T00:00:00,2023,,13672824.46858
2008,A,0,WESR / Global Material Flows Database,EN_MAT_DOMCMPT,204,MF3,T,2025-05-21T00:00:00,2023,,13655314.20017
2009,A,0,WESR / Global Material Flows Database,EN_MAT_DOMCMPT,204,MF3,T,2025-05-21T00:00:00,2023,,13856516.1449
2010,A,0,WESR / Global Material Flows Database,EN_MAT_DOMCMPT,204,MF3,T,2025-05-21T00:00:00,2023,,13987575.9473
2011,A,0,WESR / Global Material Flows Database,EN_MAT_DOMCMPT,204,MF3,T,2025-05-21T00:00:00,2023,,15556200.9827
2012,A,0,WESR / Global Material Flows Database,EN_MAT_DOMCMPT,204,MF3,T,2025-05-21T00:00:00,2023,,16277405.57794
2013,A,0,WESR / Global Material Flows Database,EN_MAT_DOMCMPT,204,MF3,T,2025-05-21T00:00:00,2023,,15802099.70107
2014,A,0,WESR / Global Material Flows Database,EN_MAT_DOMCMPT,204,MF3,T,2025-05-21T00:00:00,2023,,12669275.65034
2015,A,0,WESR / Global Material Flows Database,EN_MAT_DOMCMPT,204,MF3,T,2025-05-21T00:00:00,2023,,11545217.27111
2016,A,0,WESR / Global Material Flows Database,EN_MAT_DOMCMPT,204,MF3,T,2025-05-21T00:00:00,2023,,9537104.58362
2017,A,0,WESR / Global Material Flows Database,EN_MAT_DOMCMPT,204,MF3,T,2025-05-21T00:00:00,2023,,11505517.89334
2018,A,0,WESR / Global Material Flows Database,EN_MAT_DOMCMPT,204,MF3,T,2025-05-21T00:00:00,2023,,12126107.64161
2019,A,0,WESR / Global Material Flows Database,EN_MAT_DOMCMPT,204,MF3,T,2025-05-21T00:00:00,2023,,12493162.23774
2020,A,0,WESR / Global Material Flows Database,EN_MAT_DOMCMPT,204,MF3,T,2025-05-21T00:00:00,2023,,12294696.97066
2021,A,0,WESR / Global Material Flows Database,EN_MAT_DOMCMPT,204,MF3,T,2025-05-21T00:00:00,2023,,13028940.08428
2022,A,0,WESR / Global Material Flows Database,EN_MAT_DOMCMPT,204,MF3,T,2025-05-21T00:00:00,2023,,13486986.95758
2023,A,0,WESR / Global Material Flows Database,EN_MAT_DOMCMPT,204,MF3,T,2025-05-21T00:00:00,2023,,13620983.01772
2000,A,0,WESR / Global Material Flows Database,EN_MAT_DOMCMPT,204,MF4,T,2025-05-21T00:00:00,2023,,35000.0
2001,A,0,WESR / Global Material Flows Database,EN_MAT_DOMCMPT,204,MF4,T,2025-05-21T00:00:00,2023,,0.0
2002,A,0,WESR / Global Material Flows Database,EN_MAT_DOMCMPT,204,MF4,T,2025-05-21T00:00:00,2023,,0.0
2003,A,0,WESR / Global Material Flows Database,EN_MAT_DOMCMPT,204,MF4,T,2025-05-21T00:00:00,2023,,0.0
2004,A,0,WESR / Global Material Flows Database,EN_MAT_DOMCMPT,204,MF4,T,2025-05-21T00:00:00,2023,,0.0
2005,A,0,WESR / Global Material Flows Database,EN_MAT_DOMCMPT,204,MF4,T,2025-05-21T00:00:00,2023,,0.0
2006,A,0,WESR / Global Material Flows Database,EN_MAT_DOMCMPT,204,MF4,T,2025-05-21T00:00:00,2023,,0.0
2007,A,0,WESR / Global Material Flows Database,EN_MAT_DOMCMPT,204,MF4,T,2025-05-21T00:00:00,2023,,0.0
2008,A,0,WESR / Global Material Flows Database,EN_MAT_DOMCMPT,204,MF4,T,2025-05-21T00:00:00,2023,,0.0
2009,A,0,WESR / Global Material Flows Database,EN_MAT_DOMCMPT,204,MF4,T,2025-05-21T00:00:00,2023,,0.0
2010,A,0,WESR / Global Material Flows Database,EN_MAT_DOMCMPT,204,MF4,T,2025-05-21T00:00:00,2023,,0.0
2011,A,0,WESR / Global Material Flows Database,EN_MAT_DOMCMPT,204,MF4,T,2025-05-21T00:00:00,2023,,0.0
2012,A,0,WESR / Global Material Flows Database,EN_MAT_DOMCMPT,204,MF4,T,2025-05-21T00:00:00,2023,,0.0
2013,A,0,WESR / Global Material Flows Database,EN_MAT_DOMCMPT,204,MF4,T,2025-05-21T00:00:00,2023,,7316.45
2014,A,0,WESR / Global Material Flows Database,EN_MAT_DOMCMPT,204,MF4,T,2025-05-21T00:00:00,2023,,90027.68
2015,A,0,WESR / Global Material Flows Database,EN_MAT_DOMCMPT,204,MF4,T,2025-05-21T00:00:00,2023,,63349.93
2016,A,0,WESR / Global Material Flows Database,EN_MAT_DOMCMPT,204,MF4,T,2025-05-21T00:00:00,2023,,81339.88
2017,A,0,WESR / Global Material Flows Database,EN_MAT_DOMCMPT,204,MF4,T,2025-05-21T00:00:00,2023,,102781.81986
2018,A,0,WESR / Global Material Flows Database,EN_MAT_DOMCMPT,204,MF4,T,2025-05-21T00:00:00,2023,,133047.63524
2019,A,0,WESR / Global Material Flows Database,EN_MAT_DOMCMPT,204,MF4,T,2025-05-21T00:00:00,2023,,140388.43446
2020,A,0,WESR / Global Material Flows Database,EN_MAT_DOMCMPT,204,MF4,T,2025-05-21T00:00:00,2023,,223909.87474
2021,A,0,WESR / Global Material Flows Database,EN_MAT_DOMCMPT,204,MF4,T,2025-05-21T00:00:00,2023,,341883.3248
2022,A,0,WESR / Global Material Flows Database,EN_MAT_DOMCMPT,204,MF4,T,2025-05-21T00:00:00,2023,,341509.40679
2023,A,0,WESR / Global Material Flows Database,EN_MAT_DOMCMPT,204,MF4,T,2025-05-21T00:00:00,2023,,333750.18054
2000,A,0,WESR / Global Material Flows Database,EN_MAT_DOMCMPT,204,MF41,T,2025-05-21T00:00:00,2023,,0.0
2001,A,0,WESR / Global Material Flows Database,EN_MAT_DOMCMPT,204,MF41,T,2025-05-21T00:00:00,2023,,0.0
2002,A,0,WESR / Global Material Flows Database,EN_MAT_DOMCMPT,204,MF41,T,2025-05-21T00:00:00,2023,,0.0
2003,A,0,WESR / Global Material Flows Database,EN_MAT_DOMCMPT,204,MF41,T,2025-05-21T00:00:00,2023,,0.0
2004,A,0,WESR / Global Material Flows Database,EN_MAT_DOMCMPT,204,MF41,T,2025-05-21T00:00:00,2023,,0.0
2005,A,0,WESR / Global Material Flows Database,EN_MAT_DOMCMPT,204,MF41,T,2025-05-21T00:00:00,2023,,0.0
2006,A,0,WESR / Global Material Flows Database,EN_MAT_DOMCMPT,204,MF41,T,2025-05-21T00:00:00,2023,,0.0
2007,A,0,WESR / Global Material Flows Database,EN_MAT_DOMCMPT,204,MF41,T,2025-05-21T00:00:00,2023,,0.0
2008,A,0,WESR / Global Material Flows Database,EN_MAT_DOMCMPT,204,MF41,T,2025-05-21T00:00:00,2023,,0.0
2009,A,0,WESR / Global Material Flows Database,EN_MAT_DOMCMPT,204,MF41,T,2025-05-21T00:00:00,2023,,0.0
2010,A,0,WESR / Global Material Flows Database,EN_MAT_DOMCMPT,204,MF41,T,2025-05-21T00:00:00,2023,,0.0
2011,A,0,WESR / Global Material Flows Database,EN_MAT_DOMCMPT,204,MF41,T,2025-05-21T00:00:00,2023,,0.0
2012,A,0,WESR / Global Material Flows Database,EN_MAT_DOMCMPT,204,MF41,T,2025-05-21T00:00:00,2023,,0.0
2013,A,0,WESR / Global Material Flows Database,EN_MAT_DOMCMPT,204,MF41,T,2025-05-21T00:00:00,2023,,0.0
2014,A,0,WESR / Global Material Flows Database,EN_MAT_DOMCMPT,204,MF41,T,2025-05-21T00:00:00,2023,,70000.0
2015,A,0,WESR / Global Material Flows Database,EN_MAT_DOMCMPT,204,MF41,T,2025-05-21T00:00:00,2023,,42000.0
2016,A,0,WESR / Global Material Flows Database,EN_MAT_DOMCMPT,204,MF41,T,2025-05-21T00:00:00,2023,,80000.0
2017,A,0,WESR / Global Material Flows Database,EN_MAT_DOMCMPT,204,MF41,T,2025-05-21T00:00:00,2023,,75871.0
2018,A,0,WESR / Global Material Flows Database,EN_MAT_DOMCMPT,204,MF41,T,2025-05-21T00:00:00,2023,,119819.0
2019,A,0,WESR / Global Material Flows Database,EN_MAT_DOMCMPT,204,MF41,T,2025-05-21T00:00:00,2023,,101711.0
2020,A,0,WESR / Global Material Flows Database,EN_MAT_DOMCMPT,204,MF41,T,2025-05-21T00:00:00,2023,,110073.0
2021,A,0,WESR / Global Material Flows Database,EN_MAT_DOMCMPT,204,MF41,T,2025-05-21T00:00:00,2023,,143000.0
2022,A,0,WESR / Global Material Flows Database,EN_MAT_DOMCMPT,204,MF41,T,2025-05-21T00:00:00,2023,,142380.58089
2023,A,0,WESR / Global Material Flows Database,EN_MAT_DOMCMPT,204,MF41,T,2025-05-21T00:00:00,2023,,138396.34896
2000,A,0,WESR / Global Material Flows Database,EN_MAT_DOMCMPT,204,MF421,T,2025-05-21T00:00:00,2023,,35000.0
2001,A,0,WESR / Global Material Flows Database,EN_MAT_DOMCMPT,204,MF421,T,2025-05-21T00:00:00,2023,,0.0
2002,A,0,WESR / Global Material Flows Database,EN_MAT_DOMCMPT,204,MF421,T,2025-05-21T00:00:00,2023,,0.0
2003,A,0,WESR / Global Material Flows Database,EN_MAT_DOMCMPT,204,MF421,T,2025-05-21T00:00:00,2023,,0.0
2004,A,0,WESR / Global Material Flows Database,EN_MAT_DOMCMPT,204,MF421,T,2025-05-21T00:00:00,2023,,0.0
2005,A,0,WESR / Global Material Flows Database,EN_MAT_DOMCMPT,204,MF421,T,2025-05-21T00:00:00,2023,,0.0
2006,A,0,WESR / Global Material Flows Database,EN_MAT_DOMCMPT,204,MF421,T,2025-05-21T00:00:00,2023,,0.0
2007,A,0,WESR / Global Material Flows Database,EN_MAT_DOMCMPT,204,MF421,T,2025-05-21T00:00:00,2023,,0.0
2008,A,0,WESR / Global Material Flows Database,EN_MAT_DOMCMPT,204,MF421,T,2025-05-21T00:00:00,2023,,0.0
2009,A,0,WESR / Global Material Flows Database,EN_MAT_DOMCMPT,204,MF421,T,2025-05-21T00:00:00,2023,,0.0
2010,A,0,WESR / Global Material Flows Database,EN_MAT_DOMCMPT,204,MF421,T,2025-05-21T00:00:00,2023,,0.0
2011,A,0,WESR / Global Material Flows Database,EN_MAT_DOMCMPT,204,MF421,T,2025-05-21T00:00:00,2023,,0.0
2012,A,0,WESR / Global Material Flows Database,EN_MAT_DOMCMPT,204,MF421,T,2025-05-21T00:00:00,2023,,0.0
2013,A,0,WESR / Global Material Flows Database,EN_MAT_DOMCMPT,204,MF421,T,2025-05-21T00:00:00,2023,,0.0
2014,A,0,WESR / Global Material Flows Database,EN_MAT_DOMCMPT,204,MF421,T,2025-05-21T00:00:00,2023,,0.0
2015,A,0,WESR / Global Material Flows Database,EN_MAT_DOMCMPT,204,MF421,T,2025-05-21T00:00:00,2023,,0.0
2016,A,0,WESR / Global Material Flows Database,EN_MAT_DOMCMPT,204,MF421,T,2025-05-21T00:00:00,2023,,0.0
2017,A,0,WESR / Global Material Flows Database,EN_MAT_DOMCMPT,204,MF421,T,2025-05-21T00:00:00,2023,,0.0
2018,A,0,WESR / Global Material Flows Database,EN_MAT_DOMCMPT,204,MF421,T,2025-05-21T00:00:00,2023,,0.0
2019,A,0,WESR / Global Material Flows Database,EN_MAT_DOMCMPT,204,MF421,T,2025-05-21T00:00:00,2023,,0.0
2020,A,0,WESR / Global Material Flows Database,EN_MAT_DOMCMPT,204,MF421,T,2025-05-21T00:00:00,2023,,0.0
2021,A,0,WESR / Global Material Flows Database,EN_MAT_DOMCMPT,204,MF421,T,2025-05-21T00:00:00,2023,,0.0
2022,A,0,WESR / Global Material Flows Database,EN_MAT_DOMCMPT,204,MF421,T,2025-05-21T00:00:00,2023,,0.0
2023,A,0,WESR / Global Material Flows Database,EN_MAT_DOMCMPT,204,MF421,T,2025-05-21T00:00:00,2023,,0.0
2000,A,0,WESR / Global Material Flows Database,EN_MAT_DOMCMPT,204,MF422,T,2025-05-21T00:00:00,2023,,0.0
2001,A,0,WESR / Global Material Flows Database,EN_MAT_DOMCMPT,204,MF422,T,2025-05-21T00:00:00,2023,,0.0
2002,A,0,WESR / Global Material Flows Database,EN_MAT_DOMCMPT,204,MF422,T,2025-05-21T00:00:00,2023,,0.0
2003,A,0,WESR / Global Material Flows Database,EN_MAT_DOMCMPT,204,MF422,T,2025-05-21T00:00:00,2023,,0.0
2004,A,0,WESR / Global Material Flows Database,EN_MAT_DOMCMPT,204,MF422,T,2025-05-21T00:00:00,2023,,0.0
2005,A,0,WESR / Global Material Flows Database,EN_MAT_DOMCMPT,204,MF422,T,2025-05-21T00:00:00,2023,,0.0
2006,A,0,WESR / Global Material Flows Database,EN_MAT_DOMCMPT,204,MF422,T,2025-05-21T00:00:00,2023,,0.0
2007,A,0,WESR / Global Material Flows Database,EN_MAT_DOMCMPT,204,MF422,T,2025-05-21T00:00:00,2023,,0.0
2008,A,0,WESR / Global Material Flows Database,EN_MAT_DOMCMPT,204,MF422,T,2025-05-21T00:00:00,2023,,0.0
2009,A,0,WESR / Global Material Flows Database,EN_MAT_DOMCMPT,204,MF422,T,2025-05-21T00:00:00,2023,,0.0
2010,A,0,WESR / Global Material Flows Database,EN_MAT_DOMCMPT,204,MF422,T,2025-05-21T00:00:00,2023,,0.0
2011,A,0,WESR / Global Material Flows Database,EN_MAT_DOMCMPT,204,MF422,T,2025-05-21T00:00:00,2023,,0.0
2012,A,0,WESR / Global Material Flows Database,EN_MAT_DOMCMPT,204,MF422,T,2025-05-21T00:00:00,2023,,0.0
2013,A,0,WESR / Global Material Flows Database,EN_MAT_DOMCMPT,204,MF422,T,2025-05-21T00:00:00,2023,,7316.45
2014,A,0,WESR / Global Material Flows Database,EN_MAT_DOMCMPT,204,MF422,T,2025-05-21T00:00:00,2023,,20027.68
2015,A,0,WESR / Global Material Flows Database,EN_MAT_DOMCMPT,204,MF422,T,2025-05-21T00:00:00,2023,,21349.93
2016,A,0,WESR / Global Material Flows Database,EN_MAT_DOMCMPT,204,MF422,T,2025-05-21T00:00:00,2023,,1339.88
2017,A,0,WESR / Global Material Flows Database,EN_MAT_DOMCMPT,204,MF422,T,2025-05-21T00:00:00,2023,,26910.81986
2018,A,0,WESR / Global Material Flows Database,EN_MAT_DOMCMPT,204,MF422,T,2025-05-21T00:00:00,2023,,13228.63524
2019,A,0,WESR / Global Material Flows Database,EN_MAT_DOMCMPT,204,MF422,T,2025-05-21T00:00:00,2023,,38677.43446
2020,A,0,WESR / Global Material Flows Database,EN_MAT_DOMCMPT,204,MF422,T,2025-05-21T00:00:00,2023,,113836.87474
2021,A,0,WESR / Global Material Flows Database,EN_MAT_DOMCMPT,204,MF422,T,2025-05-21T00:00:00,2023,,198883.3248
2022,A,0,WESR / Global Material Flows Database,EN_MAT_DOMCMPT,204,MF422,T,2025-05-21T00:00:00,2023,,199128.8259
2023,A,0,WESR / Global Material Flows Database,EN_MAT_DOMCMPT,204,MF422,T,2025-05-21T00:00:00,2023,,195353.83159
